Student_ID,School_ID,State,District,Area,Gender,Caste,Age,Standard,Annual_Family_Income_INR,Attendance_Percent,Distance_From_School_KM,Dropout_Status,Dropout_Reason
STU00001,SCH1152,Rajasthan,Jaipur,Urban,Female,General,16,12,50000,82,6.0,Yes,Lack of Transport
STU00002,SCH1220,Gujarat,Rajkot,Urban,Female,OBC,17,11,50000,80,0.2,Yes,Lack of Interest
STU00003,SCH1084,Uttar Pradesh,Kanpur,Rural,Female,General,12,8,75000,68,2.8,Yes,Poor Academic Performance
STU00004,SCH1146,Uttar Pradesh,Lucknow,Rural,Male,SC,6,2,75000,61,2.3,Yes,Child Labour
STU00005,SCH1024,Gujarat,Ahmedabad,Rural,Female,OBC,9,4,150000,81,7.6,No,None
STU00006,SCH1163,Rajasthan,Jaipur,Semi-Urban,Female,General,14,8,200000,64,5.0,No,None
STU00007,SCH1247,Uttar Pradesh,Aligarh,Semi-Urban,Female,OBC,16,10,300000,64,3.2,No,None
STU00008,SCH1142,Uttar Pradesh,Kanpur,Urban,Female,OBC,13,8,200000,60,4.4,No,None
STU00009,SCH1229,Uttar Pradesh,Aligarh,Semi-Urban,Male,General,15,10,100000,100,5.0,No,None
STU00010,SCH1134,Uttar Pradesh,Aligarh,Urban,Male,OBC,9,3,300000,55,4.8,No,None
STU00011,SCH1129,Rajasthan,Udaipur,Urban,Male,SC,17,12,75000,88,2.9,Yes,Child Labour
STU00012,SCH1118,Maharashtra,Nagpur,Urban,Female,OBC,12,7,50000,56,4.6,Yes,Poverty
STU00013,SCH1081,Maharashtra,Aurangabad,Urban,Female,ST,6,1,100000,61,1.0,No,None
STU00014,SCH1123,Maharashtra,Pune,Semi-Urban,Male,OBC,8,3,75000,76,6.4,Yes,Poverty
STU00015,SCH1003,Madhya Pradesh,Jabalpur,Rural,Male,SC,7,2,75000,100,3.7,Yes,Poverty
STU00016,SCH1151,Uttar Pradesh,Agra,Rural,Female,General,8,4,100000,91,1.5,No,None
STU00017,SCH1247,Gujarat,Surat,Rural,Male,ST,12,8,75000,93,3.9,Yes,Lack of Transport
STU00018,SCH1227,Uttar Pradesh,Kanpur,Urban,Female,OBC,13,8,75000,58,4.1,Yes,Family Issues
STU00019,SCH1048,Maharashtra,Nagpur,Rural,Male,OBC,14,8,100000,77,2.5,No,None
STU00020,SCH1182,Uttar Pradesh,Aligarh,Urban,Male,OBC,6,2,75000,97,3.3,No,None
STU00021,SCH1035,Uttar Pradesh,Agra,Rural,Female,OBC,7,1,75000,63,5.9,Yes,Poverty
STU00022,SCH1213,Uttar Pradesh,Kanpur,Semi-Urban,Female,OBC,14,8,500000,80,2.4,No,None
STU00023,SCH1127,Maharashtra,Aurangabad,Rural,Male,OBC,8,4,300000,60,7.0,Yes,Lack of Transport
STU00024,SCH1173,Maharashtra,Pune,Rural,Male,OBC,16,11,200000,78,4.8,Yes,Poverty
STU00025,SCH1125,Rajasthan,Jodhpur,Rural,Male,General,12,7,50000,100,0.2,Yes,Poverty
STU00026,SCH1109,Gujarat,Ahmedabad,Rural,Male,OBC,11,6,75000,80,1.7,Yes,Poverty
STU00027,SCH1058,Uttar Pradesh,Agra,Rural,Male,ST,13,9,50000,58,0.2,Yes,Poverty
STU00028,SCH1247,Maharashtra,Nagpur,Rural,Female,SC,7,3,75000,100,8.8,Yes,Poverty
STU00029,SCH1100,Gujarat,Rajkot,Urban,Male,OBC,8,2,50000,88,5.0,No,None
STU00030,SCH1237,Gujarat,Ahmedabad,Urban,Female,OBC,11,5,300000,59,11.5,Yes,Poverty
STU00031,SCH1171,Gujarat,Vadodara,Rural,Female,SC,17,12,150000,81,2.8,Yes,Lack of Interest
STU00032,SCH1008,Gujarat,Surat,Urban,Male,General,17,11,50000,86,2.3,Yes,Family Issues
STU00033,SCH1021,Gujarat,Ahmedabad,Rural,Male,General,7,2,150000,83,5.0,No,None
STU00034,SCH1224,Madhya Pradesh,Indore,Urban,Female,SC,13,9,75000,85,6.1,Yes,Health Issues
STU00035,SCH1187,Maharashtra,Nagpur,Semi-Urban,Female,General,18,12,150000,70,5.9,No,None
STU00036,SCH1181,Rajasthan,Jodhpur,Rural,Male,General,15,10,150000,76,2.6,No,None
STU00037,SCH1230,Gujarat,Ahmedabad,Semi-Urban,Female,OBC,12,7,100000,87,6.9,No,None
STU00038,SCH1244,Gujarat,Vadodara,Urban,Female,General,7,2,500000,70,0.2,No,None
STU00039,SCH1202,Maharashtra,Nagpur,Rural,Female,OBC,12,6,100000,100,1.3,No,None
STU00040,SCH1191,Rajasthan,Kota,Rural,Male,General,15,11,200000,77,4.7,No,None
STU00041,SCH1080,Rajasthan,Jaipur,Rural,Female,OBC,14,10,500000,49,5.0,Yes,Poverty
STU00042,SCH1144,Uttar Pradesh,Agra,Rural,Female,OBC,9,3,100000,78,6.5,Yes,Lack of Transport
STU00043,SCH1136,Uttar Pradesh,Kanpur,Urban,Male,OBC,15,11,100000,84,0.9,No,None
STU00044,SCH1157,Rajasthan,Jaipur,Rural,Other,SC,14,10,100000,50,4.9,Yes,Poverty
STU00045,SCH1005,Uttar Pradesh,Aligarh,Semi-Urban,Male,OBC,11,6,50000,80,6.1,Yes,Child Labour
STU00046,SCH1129,Maharashtra,Nagpur,Rural,Male,ST,10,5,200000,73,0.2,No,None
STU00047,SCH1202,Madhya Pradesh,Jabalpur,Rural,Female,OBC,12,7,300000,100,5.0,No,None
STU00048,SCH1182,Maharashtra,Nashik,Semi-Urban,Male,General,6,1,200000,87,3.5,No,None
STU00049,SCH1151,Uttar Pradesh,Agra,Urban,Female,ST,7,3,200000,69,9.8,Yes,Lack of Transport
STU00050,SCH1052,Uttar Pradesh,Agra,Rural,Male,OBC,11,7,100000,98,5.7,No,None
STU00051,SCH1145,Maharashtra,Nashik,Rural,Female,OBC,6,2,150000,75,7.0,No,None
STU00052,SCH1080,Madhya Pradesh,Bhopal,Rural,Male,General,11,5,100000,77,0.2,No,None
STU00053,SCH1122,Uttar Pradesh,Lucknow,Semi-Urban,Male,OBC,13,9,100000,63,4.8,No,None
STU00054,SCH1026,Gujarat,Rajkot,Rural,Male,OBC,15,9,100000,70,0.5,No,None
STU00055,SCH1113,Maharashtra,Nagpur,Semi-Urban,Male,SC,14,9,50000,90,1.9,Yes,Migration
STU00056,SCH1238,Gujarat,Rajkot,Urban,Male,SC,12,7,75000,78,4.9,Yes,Lack of Transport
STU00057,SCH1017,Rajasthan,Jaipur,Urban,Male,OBC,7,2,200000,81,0.3,No,None
STU00058,SCH1034,Rajasthan,Jaipur,Rural,Female,SC,6,1,100000,61,3.7,No,None
STU00059,SCH1150,Maharashtra,Aurangabad,Rural,Male,OBC,8,3,150000,57,4.9,No,None
STU00060,SCH1036,Rajasthan,Kota,Semi-Urban,Male,General,16,11,50000,59,0.2,Yes,Lack of Interest
STU00061,SCH1079,Gujarat,Rajkot,Urban,Female,SC,17,12,75000,85,4.0,No,None
STU00062,SCH1142,Madhya Pradesh,Jabalpur,Urban,Female,SC,10,5,200000,100,8.1,No,None
STU00063,SCH1101,Madhya Pradesh,Bhopal,Urban,Male,OBC,16,11,100000,68,5.4,Yes,Child Labour
STU00064,SCH1064,Maharashtra,Pune,Semi-Urban,Male,ST,17,12,75000,68,5.2,Yes,Poor Academic Performance
STU00065,SCH1062,Madhya Pradesh,Jabalpur,Rural,Female,SC,16,10,75000,87,0.3,Yes,Family Issues
STU00066,SCH1104,Uttar Pradesh,Aligarh,Urban,Female,OBC,11,5,300000,73,5.6,No,None
STU00067,SCH1244,Uttar Pradesh,Agra,Urban,Female,OBC,8,3,75000,85,6.6,Yes,Lack of Interest
STU00068,SCH1118,Maharashtra,Pune,Urban,Female,General,18,12,200000,100,7.6,No,None
STU00069,SCH1130,Madhya Pradesh,Gwalior,Rural,Male,OBC,9,3,75000,89,1.2,Yes,Migration
STU00070,SCH1107,Gujarat,Surat,Urban,Female,ST,16,10,75000,75,0.2,Yes,Poverty
STU00071,SCH1137,Madhya Pradesh,Jabalpur,Rural,Male,SC,7,1,50000,68,6.8,Yes,Lack of Interest
STU00072,SCH1115,Uttar Pradesh,Agra,Urban,Male,General,6,1,200000,70,0.4,No,None
STU00073,SCH1075,Madhya Pradesh,Gwalior,Urban,Male,SC,14,8,100000,90,0.2,No,None
STU00074,SCH1245,Uttar Pradesh,Lucknow,Semi-Urban,Female,General,16,10,75000,90,0.5,Yes,Lack of Interest
STU00075,SCH1086,Maharashtra,Pune,Rural,Male,General,16,11,500000,100,0.2,Yes,Poverty
STU00076,SCH1001,Uttar Pradesh,Agra,Rural,Male,OBC,13,8,100000,78,4.3,No,None
STU00077,SCH1055,Uttar Pradesh,Agra,Rural,Female,OBC,7,2,200000,73,1.7,No,None
STU00078,SCH1067,Gujarat,Surat,Rural,Female,ST,7,3,300000,85,6.6,No,None
STU00079,SCH1096,Uttar Pradesh,Agra,Urban,Male,SC,18,12,150000,72,2.9,No,None
STU00080,SCH1188,Uttar Pradesh,Kanpur,Urban,Female,General,9,5,300000,78,4.3,No,None
STU00081,SCH1137,Gujarat,Ahmedabad,Rural,Female,OBC,6,1,100000,95,1.8,No,None
STU00082,SCH1115,Rajasthan,Kota,Rural,Male,SC,11,7,300000,69,2.7,Yes,Migration
STU00083,SCH1070,Maharashtra,Aurangabad,Rural,Male,General,7,1,100000,94,6.4,No,None
STU00084,SCH1249,Maharashtra,Pune,Urban,Female,General,14,9,75000,86,7.6,Yes,Migration
STU00085,SCH1029,Gujarat,Vadodara,Rural,Male,SC,6,1,100000,80,2.9,No,None
STU00086,SCH1250,Rajasthan,Jaipur,Rural,Female,ST,16,11,500000,66,3.4,Yes,Poverty
STU00087,SCH1201,Rajasthan,Jodhpur,Rural,Male,OBC,8,4,100000,72,4.1,No,None
STU00088,SCH1187,Madhya Pradesh,Gwalior,Urban,Male,General,13,8,50000,51,2.7,Yes,Lack of Interest
STU00089,SCH1215,Madhya Pradesh,Indore,Rural,Male,General,15,9,300000,90,5.0,Yes,Lack of Interest
STU00090,SCH1135,Gujarat,Vadodara,Rural,Female,General,17,12,50000,98,0.4,Yes,Poverty
STU00091,SCH1146,Madhya Pradesh,Gwalior,Semi-Urban,Female,ST,14,9,100000,78,3.6,Yes,Poor Academic Performance
STU00092,SCH1241,Uttar Pradesh,Kanpur,Urban,Male,SC,17,11,200000,83,3.0,No,None
STU00093,SCH1034,Rajasthan,Jaipur,Rural,Female,OBC,11,5,300000,61,0.2,No,None
STU00094,SCH1239,Uttar Pradesh,Agra,Rural,Male,SC,12,7,100000,78,5.8,No,None
STU00095,SCH1068,Maharashtra,Nashik,Urban,Male,SC,14,9,50000,57,1.2,Yes,Poverty
STU00096,SCH1046,Madhya Pradesh,Bhopal,Urban,Male,SC,14,9,300000,100,6.0,No,None
STU00097,SCH1237,Uttar Pradesh,Lucknow,Urban,Male,ST,18,12,300000,95,7.6,No,None
STU00098,SCH1123,Gujarat,Surat,Urban,Female,OBC,13,8,150000,76,5.1,No,None
STU00099,SCH1073,Gujarat,Surat,Rural,Female,General,7,2,75000,81,0.2,No,None
STU00100,SCH1226,Uttar Pradesh,Kanpur,Urban,Male,SC,18,12,100000,64,3.8,No,None
STU00101,SCH1115,Rajasthan,Jodhpur,Rural,Female,General,11,7,500000,78,6.1,No,None
STU00102,SCH1089,Gujarat,Rajkot,Rural,Male,SC,16,10,150000,93,5.6,Yes,Lack of Interest
STU00103,SCH1039,Rajasthan,Jodhpur,Semi-Urban,Male,SC,16,11,100000,69,5.1,Yes,Child Labour
STU00104,SCH1088,Madhya Pradesh,Jabalpur,Semi-Urban,Male,OBC,12,7,150000,72,5.4,No,None
STU00105,SCH1221,Madhya Pradesh,Gwalior,Semi-Urban,Female,OBC,11,6,100000,87,4.0,No,None
STU00106,SCH1227,Rajasthan,Kota,Rural,Male,SC,9,4,100000,85,2.0,Yes,Poor Academic Performance
STU00107,SCH1099,Rajasthan,Jodhpur,Rural,Female,OBC,18,12,75000,88,3.4,Yes,Child Labour
STU00108,SCH1208,Madhya Pradesh,Gwalior,Rural,Male,SC,9,5,75000,75,5.1,Yes,Health Issues
STU00109,SCH1241,Rajasthan,Kota,Urban,Male,OBC,8,2,200000,66,5.1,No,None
STU00110,SCH1199,Rajasthan,Udaipur,Urban,Male,General,16,12,75000,99,7.6,No,None
STU00111,SCH1009,Uttar Pradesh,Aligarh,Urban,Female,ST,17,11,100000,56,5.0,Yes,Poverty
STU00112,SCH1239,Madhya Pradesh,Indore,Urban,Male,ST,7,3,100000,56,1.2,Yes,Poor Academic Performance
STU00113,SCH1054,Uttar Pradesh,Aligarh,Rural,Female,ST,14,8,200000,73,3.6,Yes,Migration
STU00114,SCH1166,Gujarat,Rajkot,Urban,Female,SC,6,1,200000,91,0.2,No,None
STU00115,SCH1223,Gujarat,Ahmedabad,Rural,Female,General,15,10,500000,100,7.0,Yes,Health Issues
STU00116,SCH1127,Gujarat,Rajkot,Rural,Female,OBC,9,4,150000,83,6.9,No,None
STU00117,SCH1119,Uttar Pradesh,Agra,Urban,Female,General,14,10,75000,62,2.2,Yes,Poverty
STU00118,SCH1191,Gujarat,Surat,Rural,Other,ST,11,5,75000,76,2.2,Yes,Poverty
STU00119,SCH1050,Rajasthan,Jaipur,Rural,Male,SC,10,5,200000,78,7.5,Yes,Migration
STU00120,SCH1131,Madhya Pradesh,Bhopal,Rural,Female,SC,9,4,500000,93,1.3,No,None
STU00121,SCH1078,Madhya Pradesh,Bhopal,Rural,Female,General,13,7,300000,69,1.8,No,None
STU00122,SCH1089,Madhya Pradesh,Indore,Rural,Male,OBC,11,7,150000,83,4.2,No,None
STU00123,SCH1139,Maharashtra,Aurangabad,Rural,Female,OBC,7,2,75000,77,4.7,Yes,Family Issues
STU00124,SCH1028,Madhya Pradesh,Bhopal,Rural,Male,OBC,17,12,300000,92,1.6,No,None
STU00125,SCH1108,Maharashtra,Nagpur,Rural,Female,OBC,10,5,200000,93,4.1,No,None
STU00126,SCH1020,Gujarat,Vadodara,Urban,Male,OBC,10,6,75000,78,7.8,Yes,Lack of Interest
STU00127,SCH1084,Uttar Pradesh,Agra,Rural,Female,SC,7,1,150000,100,3.2,No,None
STU00128,SCH1210,Madhya Pradesh,Indore,Semi-Urban,Male,General,12,8,75000,85,3.2,No,None
STU00129,SCH1208,Maharashtra,Nashik,Semi-Urban,Female,General,13,8,150000,61,5.2,No,None
STU00130,SCH1077,Maharashtra,Nashik,Semi-Urban,Other,General,17,12,100000,92,4.3,No,None
STU00131,SCH1083,Maharashtra,Nagpur,Rural,Male,OBC,9,4,200000,88,5.1,No,None
STU00132,SCH1035,Maharashtra,Pune,Rural,Female,OBC,6,2,150000,92,6.2,Yes,Poverty
STU00133,SCH1198,Gujarat,Surat,Rural,Female,OBC,8,4,100000,78,6.3,No,None
STU00134,SCH1080,Rajasthan,Jodhpur,Rural,Female,SC,16,12,150000,80,2.8,Yes,Poor Academic Performance
STU00135,SCH1240,Rajasthan,Jodhpur,Semi-Urban,Female,General,14,10,100000,77,1.1,No,None
STU00136,SCH1108,Madhya Pradesh,Gwalior,Rural,Female,General,17,12,100000,82,0.9,No,None
STU00137,SCH1007,Gujarat,Surat,Rural,Female,General,18,12,75000,77,4.9,Yes,Migration
STU00138,SCH1125,Uttar Pradesh,Aligarh,Urban,Female,SC,12,7,75000,95,0.2,Yes,Health Issues
STU00139,SCH1202,Maharashtra,Nashik,Semi-Urban,Male,SC,16,10,150000,86,5.2,Yes,Poverty
STU00140,SCH1138,Uttar Pradesh,Kanpur,Urban,Male,General,7,1,150000,59,5.9,Yes,Poverty
STU00141,SCH1169,Madhya Pradesh,Indore,Rural,Male,OBC,14,9,150000,49,0.2,Yes,Poverty
STU00142,SCH1060,Rajasthan,Udaipur,Rural,Female,OBC,10,4,100000,100,0.9,No,None
STU00143,SCH1003,Gujarat,Rajkot,Semi-Urban,Male,OBC,10,6,150000,48,4.4,No,None
STU00144,SCH1055,Uttar Pradesh,Lucknow,Urban,Male,OBC,12,7,500000,58,6.8,Yes,Migration
STU00145,SCH1030,Maharashtra,Nagpur,Rural,Male,ST,17,11,100000,66,5.5,Yes,Poverty
STU00146,SCH1002,Maharashtra,Pune,Urban,Male,General,17,12,75000,83,0.6,No,None
STU00147,SCH1171,Uttar Pradesh,Aligarh,Rural,Male,OBC,14,8,150000,90,3.6,No,None
STU00148,SCH1067,Rajasthan,Kota,Rural,Male,OBC,17,12,150000,100,7.9,Yes,Child Labour
STU00149,SCH1025,Rajasthan,Kota,Rural,Male,General,14,9,100000,78,3.9,No,None
STU00150,SCH1226,Maharashtra,Aurangabad,Urban,Female,SC,6,1,500000,100,4.8,No,None
STU00151,SCH1020,Madhya Pradesh,Bhopal,Rural,Male,General,9,3,75000,87,3.9,No,None
STU00152,SCH1178,Madhya Pradesh,Gwalior,Rural,Male,OBC,7,3,75000,75,3.3,No,None
STU00153,SCH1080,Madhya Pradesh,Gwalior,Urban,Other,General,13,8,75000,68,2.7,Yes,Poor Academic Performance
STU00154,SCH1007,Maharashtra,Pune,Rural,Male,OBC,12,8,100000,100,0.2,No,None
STU00155,SCH1230,Uttar Pradesh,Kanpur,Semi-Urban,Male,OBC,11,6,75000,74,0.9,Yes,Poverty
STU00156,SCH1241,Madhya Pradesh,Indore,Urban,Female,OBC,18,12,50000,66,3.2,Yes,Migration
STU00157,SCH1180,Madhya Pradesh,Jabalpur,Urban,Male,General,12,6,200000,43,2.4,No,None
STU00158,SCH1242,Gujarat,Vadodara,Semi-Urban,Male,OBC,6,1,200000,93,3.0,No,None
STU00159,SCH1188,Gujarat,Rajkot,Rural,Male,OBC,17,12,300000,97,7.4,Yes,Poverty
STU00160,SCH1017,Rajasthan,Jaipur,Rural,Male,General,12,6,150000,76,3.2,No,None
STU00161,SCH1235,Madhya Pradesh,Jabalpur,Urban,Male,OBC,10,6,200000,62,4.8,No,None
STU00162,SCH1126,Gujarat,Ahmedabad,Rural,Male,SC,17,11,100000,44,2.7,Yes,Poverty
STU00163,SCH1013,Maharashtra,Pune,Urban,Male,SC,14,9,75000,62,3.3,Yes,Child Labour
STU00164,SCH1217,Rajasthan,Kota,Urban,Male,ST,16,11,100000,85,0.2,No,None
STU00165,SCH1012,Gujarat,Ahmedabad,Rural,Female,SC,9,4,50000,89,2.6,Yes,Lack of Transport
STU00166,SCH1022,Madhya Pradesh,Bhopal,Rural,Female,SC,13,8,75000,82,4.3,Yes,Migration
STU00167,SCH1022,Madhya Pradesh,Bhopal,Semi-Urban,Female,General,7,1,100000,71,1.1,No,None
STU00168,SCH1186,Uttar Pradesh,Agra,Rural,Male,General,11,6,300000,94,0.5,No,None
STU00169,SCH1128,Maharashtra,Aurangabad,Rural,Other,General,10,5,200000,81,0.2,No,None
STU00170,SCH1162,Gujarat,Vadodara,Rural,Female,General,18,12,50000,95,1.5,Yes,Lack of Transport
STU00171,SCH1024,Rajasthan,Jodhpur,Semi-Urban,Male,SC,8,3,100000,100,2.5,No,None
STU00172,SCH1004,Madhya Pradesh,Bhopal,Rural,Male,OBC,13,8,200000,72,4.0,No,None
STU00173,SCH1147,Madhya Pradesh,Bhopal,Rural,Male,General,8,4,50000,100,2.7,Yes,Migration
STU00174,SCH1094,Uttar Pradesh,Lucknow,Urban,Female,ST,13,7,200000,69,0.2,No,None
STU00175,SCH1161,Maharashtra,Nagpur,Rural,Male,General,6,1,200000,64,6.1,Yes,Child Labour
STU00176,SCH1050,Uttar Pradesh,Agra,Rural,Female,OBC,11,6,150000,61,2.3,No,None
STU00177,SCH1069,Uttar Pradesh,Aligarh,Rural,Female,OBC,16,10,300000,71,4.8,Yes,Child Labour
STU00178,SCH1070,Gujarat,Rajkot,Rural,Male,General,10,6,100000,84,7.7,No,None
STU00179,SCH1163,Maharashtra,Nashik,Rural,Male,SC,17,12,500000,63,1.3,Yes,Lack of Interest
STU00180,SCH1007,Gujarat,Vadodara,Urban,Male,OBC,18,12,50000,67,0.2,Yes,Poverty
STU00181,SCH1057,Gujarat,Rajkot,Semi-Urban,Female,OBC,13,8,50000,54,2.2,Yes,Poverty
STU00182,SCH1071,Gujarat,Vadodara,Rural,Male,ST,13,7,100000,77,1.7,No,None
STU00183,SCH1238,Maharashtra,Pune,Rural,Male,OBC,13,7,200000,100,5.9,No,None
STU00184,SCH1088,Madhya Pradesh,Indore,Rural,Female,OBC,7,2,100000,34,5.0,Yes,Child Labour
STU00185,SCH1110,Rajasthan,Jodhpur,Urban,Male,SC,15,10,75000,70,1.1,Yes,Poverty
STU00186,SCH1097,Uttar Pradesh,Aligarh,Urban,Other,SC,14,10,50000,65,5.7,Yes,Family Issues
STU00187,SCH1008,Uttar Pradesh,Lucknow,Urban,Male,OBC,12,8,100000,70,2.2,No,None
STU00188,SCH1012,Rajasthan,Jaipur,Semi-Urban,Female,OBC,10,6,150000,67,4.7,No,None
STU00189,SCH1101,Gujarat,Surat,Semi-Urban,Female,OBC,8,2,75000,69,2.2,Yes,Family Issues
STU00190,SCH1162,Uttar Pradesh,Kanpur,Semi-Urban,Female,OBC,14,10,100000,86,4.4,No,None
STU00191,SCH1162,Rajasthan,Udaipur,Urban,Male,General,11,6,150000,100,4.1,No,None
STU00192,SCH1216,Uttar Pradesh,Aligarh,Urban,Male,ST,17,11,200000,59,0.2,Yes,Migration
STU00193,SCH1041,Uttar Pradesh,Kanpur,Rural,Male,SC,17,12,50000,69,2.5,Yes,Poor Academic Performance
STU00194,SCH1248,Maharashtra,Pune,Urban,Female,OBC,17,12,200000,87,2.7,No,None
STU00195,SCH1153,Rajasthan,Jodhpur,Rural,Female,General,12,7,75000,98,6.0,Yes,Poverty
STU00196,SCH1219,Maharashtra,Pune,Urban,Female,ST,10,5,200000,59,5.6,No,None
STU00197,SCH1084,Uttar Pradesh,Agra,Rural,Male,General,7,3,75000,97,2.6,Yes,Poverty
STU00198,SCH1119,Maharashtra,Nagpur,Urban,Female,SC,8,3,500000,73,1.2,No,None
STU00199,SCH1142,Maharashtra,Aurangabad,Urban,Male,General,8,3,50000,52,4.8,Yes,Family Issues
STU00200,SCH1176,Maharashtra,Aurangabad,Urban,Female,SC,16,12,100000,89,6.6,Yes,Poverty
STU00201,SCH1209,Uttar Pradesh,Agra,Rural,Female,General,7,1,150000,81,5.1,No,None
STU00202,SCH1092,Uttar Pradesh,Lucknow,Rural,Male,ST,9,3,200000,76,7.0,Yes,Poverty
STU00203,SCH1214,Rajasthan,Jaipur,Rural,Male,OBC,8,3,500000,68,0.2,No,None
STU00204,SCH1035,Rajasthan,Kota,Semi-Urban,Male,OBC,15,10,100000,58,0.2,Yes,Migration
STU00205,SCH1039,Rajasthan,Udaipur,Urban,Female,SC,6,1,200000,70,5.4,No,None
STU00206,SCH1183,Gujarat,Surat,Urban,Male,SC,11,6,200000,98,6.1,No,None
STU00207,SCH1076,Maharashtra,Nagpur,Urban,Female,ST,18,12,75000,57,0.2,Yes,Poverty
STU00208,SCH1068,Madhya Pradesh,Jabalpur,Rural,Female,ST,6,1,300000,89,2.6,No,None
STU00209,SCH1041,Maharashtra,Nagpur,Rural,Male,OBC,9,4,300000,52,1.3,Yes,Lack of Transport
STU00210,SCH1155,Gujarat,Surat,Semi-Urban,Male,OBC,16,10,150000,84,4.5,No,None
STU00211,SCH1055,Madhya Pradesh,Bhopal,Rural,Female,ST,18,12,150000,41,7.4,Yes,Poverty
STU00212,SCH1073,Maharashtra,Nagpur,Rural,Female,General,14,9,300000,79,1.7,No,None
STU00213,SCH1104,Madhya Pradesh,Bhopal,Rural,Male,SC,15,10,300000,75,5.5,Yes,Family Issues
STU00214,SCH1146,Gujarat,Rajkot,Rural,Female,General,17,11,300000,76,4.1,No,None
STU00215,SCH1116,Rajasthan,Jodhpur,Urban,Male,OBC,16,11,150000,53,6.7,Yes,Poverty
STU00216,SCH1107,Maharashtra,Pune,Rural,Male,ST,7,1,75000,100,3.2,Yes,Family Issues
STU00217,SCH1196,Gujarat,Surat,Urban,Female,OBC,7,2,300000,88,2.7,No,None
STU00218,SCH1141,Madhya Pradesh,Indore,Semi-Urban,Male,General,16,11,200000,80,3.5,No,None
STU00219,SCH1044,Gujarat,Vadodara,Urban,Female,OBC,11,5,75000,59,1.3,Yes,Poverty
STU00220,SCH1152,Madhya Pradesh,Gwalior,Rural,Female,General,18,12,200000,96,0.9,No,None
STU00221,SCH1173,Gujarat,Surat,Rural,Male,General,10,5,150000,81,4.7,No,None
STU00222,SCH1048,Uttar Pradesh,Agra,Semi-Urban,Female,OBC,17,11,300000,77,3.2,No,None
STU00223,SCH1155,Rajasthan,Udaipur,Rural,Female,OBC,9,5,150000,50,8.3,No,None
STU00224,SCH1048,Gujarat,Vadodara,Rural,Other,OBC,8,2,200000,100,4.9,No,None
STU00225,SCH1013,Maharashtra,Aurangabad,Semi-Urban,Male,SC,9,3,50000,75,6.0,Yes,Lack of Interest
STU00226,SCH1057,Uttar Pradesh,Agra,Rural,Male,OBC,11,6,200000,89,1.3,No,None
STU00227,SCH1143,Uttar Pradesh,Agra,Urban,Other,General,7,3,50000,96,0.2,No,None
STU00228,SCH1004,Madhya Pradesh,Jabalpur,Urban,Female,SC,14,9,100000,69,1.1,Yes,Family Issues
STU00229,SCH1162,Uttar Pradesh,Agra,Rural,Female,OBC,13,8,50000,67,4.3,Yes,Poverty
STU00230,SCH1027,Gujarat,Ahmedabad,Urban,Male,General,18,12,200000,92,3.1,No,None
STU00231,SCH1214,Madhya Pradesh,Gwalior,Semi-Urban,Male,OBC,10,5,150000,98,0.2,No,None
STU00232,SCH1079,Gujarat,Ahmedabad,Rural,Female,OBC,9,5,100000,65,1.6,No,None
STU00233,SCH1105,Rajasthan,Jaipur,Urban,Female,OBC,16,11,300000,86,5.5,No,None
STU00234,SCH1172,Maharashtra,Nashik,Semi-Urban,Female,OBC,18,12,150000,94,0.2,No,None
STU00235,SCH1143,Maharashtra,Aurangabad,Urban,Male,OBC,18,12,200000,93,1.8,No,None
STU00236,SCH1013,Rajasthan,Jodhpur,Rural,Female,OBC,10,4,150000,87,4.8,No,None
STU00237,SCH1037,Madhya Pradesh,Indore,Semi-Urban,Male,SC,13,9,75000,100,2.5,Yes,Lack of Interest
STU00238,SCH1031,Rajasthan,Udaipur,Rural,Male,General,14,9,100000,71,6.6,Yes,Lack of Transport
STU00239,SCH1008,Maharashtra,Pune,Rural,Female,OBC,11,6,200000,76,2.4,No,None
STU00240,SCH1057,Rajasthan,Kota,Urban,Male,SC,17,12,300000,90,1.3,No,None
STU00241,SCH1163,Maharashtra,Nashik,Rural,Female,General,11,6,75000,80,3.7,No,None
STU00242,SCH1156,Maharashtra,Aurangabad,Semi-Urban,Male,OBC,11,7,150000,75,0.5,No,None
STU00243,SCH1135,Maharashtra,Aurangabad,Urban,Female,OBC,17,12,100000,61,2.3,No,None
STU00244,SCH1008,Rajasthan,Jaipur,Rural,Female,OBC,17,12,300000,100,4.8,Yes,Child Labour
STU00245,SCH1079,Maharashtra,Aurangabad,Urban,Male,OBC,13,7,75000,76,0.2,No,None
STU00246,SCH1017,Rajasthan,Kota,Rural,Male,OBC,13,7,150000,71,7.2,Yes,Poverty
STU00247,SCH1239,Rajasthan,Jodhpur,Rural,Female,SC,15,9,75000,85,6.4,Yes,Child Labour
STU00248,SCH1054,Rajasthan,Kota,Rural,Male,SC,13,8,50000,62,1.4,Yes,Family Issues
STU00249,SCH1141,Uttar Pradesh,Lucknow,Urban,Female,General,18,12,200000,100,0.2,Yes,Health Issues
STU00250,SCH1139,Rajasthan,Jaipur,Rural,Female,ST,16,12,300000,54,3.6,Yes,Migration
STU00251,SCH1017,Gujarat,Surat,Urban,Male,General,12,7,200000,65,6.8,No,None
STU00252,SCH1187,Gujarat,Ahmedabad,Rural,Male,OBC,12,8,75000,86,7.0,Yes,Lack of Interest
STU00253,SCH1213,Gujarat,Ahmedabad,Rural,Female,SC,18,12,100000,98,4.1,No,None
STU00254,SCH1009,Gujarat,Surat,Urban,Male,OBC,13,9,100000,61,1.5,No,None
STU00255,SCH1113,Uttar Pradesh,Lucknow,Rural,Male,SC,8,2,100000,81,3.9,No,None
STU00256,SCH1133,Maharashtra,Nashik,Rural,Male,OBC,18,12,200000,71,4.7,Yes,Poverty
STU00257,SCH1026,Maharashtra,Nashik,Rural,Male,ST,7,3,100000,86,10.1,No,None
STU00258,SCH1112,Gujarat,Rajkot,Semi-Urban,Female,SC,10,4,150000,80,1.9,No,None
STU00259,SCH1024,Uttar Pradesh,Kanpur,Urban,Male,General,12,7,300000,38,4.0,No,None
STU00260,SCH1101,Gujarat,Rajkot,Urban,Female,OBC,8,3,100000,89,5.2,No,None
STU00261,SCH1164,Maharashtra,Nashik,Rural,Male,General,13,8,300000,94,1.2,No,None
STU00262,SCH1054,Gujarat,Ahmedabad,Urban,Male,OBC,10,4,100000,84,5.3,No,None
STU00263,SCH1139,Madhya Pradesh,Jabalpur,Rural,Male,OBC,6,2,75000,84,7.0,Yes,Family Issues
STU00264,SCH1088,Rajasthan,Jodhpur,Rural,Female,General,14,9,150000,100,5.0,No,None
STU00265,SCH1169,Gujarat,Rajkot,Urban,Female,General,12,7,300000,74,3.3,No,None
STU00266,SCH1218,Rajasthan,Udaipur,Rural,Male,SC,10,5,100000,61,0.2,Yes,Poverty
STU00267,SCH1134,Rajasthan,Kota,Rural,Female,General,6,1,150000,78,10.8,No,None
STU00268,SCH1123,Uttar Pradesh,Aligarh,Urban,Female,SC,6,1,200000,78,0.2,No,None
STU00269,SCH1206,Uttar Pradesh,Lucknow,Urban,Female,OBC,14,10,200000,66,3.5,No,None
STU00270,SCH1145,Uttar Pradesh,Agra,Rural,Female,General,7,3,75000,100,0.9,No,None
STU00271,SCH1197,Maharashtra,Pune,Rural,Male,General,14,10,75000,100,1.9,Yes,Child Labour
STU00272,SCH1006,Uttar Pradesh,Kanpur,Urban,Male,OBC,11,5,100000,77,0.2,No,None
STU00273,SCH1131,Gujarat,Vadodara,Rural,Female,General,17,12,75000,66,3.6,Yes,Poverty
STU00274,SCH1182,Rajasthan,Udaipur,Urban,Female,OBC,15,10,50000,56,3.3,Yes,Lack of Transport
STU00275,SCH1096,Uttar Pradesh,Kanpur,Rural,Female,OBC,8,3,100000,53,8.8,Yes,Poverty
STU00276,SCH1123,Rajasthan,Kota,Urban,Female,General,18,12,300000,91,4.9,No,None
STU00277,SCH1164,Rajasthan,Kota,Rural,Male,General,14,8,75000,86,3.3,Yes,Lack of Transport
STU00278,SCH1093,Maharashtra,Nashik,Rural,Male,General,7,2,300000,99,0.2,No,None
STU00279,SCH1039,Uttar Pradesh,Aligarh,Rural,Other,General,16,11,150000,63,5.1,Yes,Lack of Transport
STU00280,SCH1082,Maharashtra,Pune,Rural,Male,General,10,5,200000,74,7.5,Yes,Family Issues
STU00281,SCH1120,Gujarat,Ahmedabad,Rural,Female,ST,11,6,75000,99,5.2,Yes,Poverty
STU00282,SCH1058,Uttar Pradesh,Aligarh,Semi-Urban,Female,ST,12,6,50000,100,2.4,Yes,Poverty
STU00283,SCH1139,Rajasthan,Kota,Semi-Urban,Male,OBC,15,11,50000,69,5.6,Yes,Poor Academic Performance
STU00284,SCH1038,Madhya Pradesh,Gwalior,Rural,Female,General,11,7,100000,84,0.4,No,None
STU00285,SCH1196,Madhya Pradesh,Jabalpur,Rural,Female,ST,18,12,200000,74,6.7,Yes,Poverty
STU00286,SCH1133,Gujarat,Surat,Semi-Urban,Female,General,14,8,200000,61,5.0,No,None
STU00287,SCH1035,Rajasthan,Kota,Semi-Urban,Female,ST,15,9,50000,93,0.2,Yes,Child Labour
STU00288,SCH1046,Maharashtra,Aurangabad,Rural,Female,OBC,12,8,75000,45,1.0,Yes,Family Issues
STU00289,SCH1126,Madhya Pradesh,Indore,Rural,Female,OBC,12,8,75000,47,4.9,Yes,Poverty
STU00290,SCH1156,Rajasthan,Kota,Urban,Female,General,14,9,100000,59,1.7,No,None
STU00291,SCH1098,Uttar Pradesh,Aligarh,Rural,Female,SC,14,9,100000,66,5.1,Yes,Poor Academic Performance
STU00292,SCH1049,Madhya Pradesh,Jabalpur,Urban,Male,OBC,6,1,150000,74,2.3,No,None
STU00293,SCH1029,Uttar Pradesh,Agra,Rural,Female,SC,15,9,300000,64,7.8,Yes,Poverty
STU00294,SCH1233,Maharashtra,Nashik,Rural,Female,SC,17,11,200000,92,0.2,Yes,Migration
STU00295,SCH1136,Madhya Pradesh,Gwalior,Urban,Male,OBC,8,3,100000,64,1.8,No,None
STU00296,SCH1192,Maharashtra,Aurangabad,Urban,Male,OBC,9,4,100000,92,2.8,No,None
STU00297,SCH1060,Madhya Pradesh,Gwalior,Rural,Male,General,15,9,150000,64,7.1,Yes,Lack of Transport
STU00298,SCH1153,Uttar Pradesh,Lucknow,Urban,Female,OBC,16,11,200000,97,4.2,No,None
STU00299,SCH1059,Rajasthan,Udaipur,Rural,Female,OBC,14,9,150000,88,1.2,No,None
STU00300,SCH1214,Rajasthan,Kota,Rural,Female,SC,18,12,150000,70,4.0,Yes,Lack of Transport
STU00301,SCH1222,Rajasthan,Kota,Rural,Female,OBC,18,12,75000,93,4.2,Yes,Poverty
STU00302,SCH1239,Maharashtra,Nashik,Rural,Male,SC,7,2,200000,91,5.8,No,None
STU00303,SCH1135,Uttar Pradesh,Lucknow,Rural,Male,OBC,8,3,100000,91,0.3,No,None
STU00304,SCH1063,Rajasthan,Udaipur,Rural,Male,General,12,7,100000,59,2.3,Yes,Poverty
STU00305,SCH1104,Madhya Pradesh,Indore,Rural,Female,General,8,3,100000,88,2.8,No,None
STU00306,SCH1202,Uttar Pradesh,Aligarh,Semi-Urban,Male,General,11,5,100000,82,5.4,No,None
STU00307,SCH1048,Uttar Pradesh,Aligarh,Urban,Female,OBC,16,11,500000,75,3.4,No,None
STU00308,SCH1171,Uttar Pradesh,Lucknow,Rural,Female,SC,8,3,150000,94,7.9,No,None
STU00309,SCH1153,Maharashtra,Aurangabad,Urban,Female,ST,8,3,150000,87,5.7,No,None
STU00310,SCH1089,Madhya Pradesh,Bhopal,Semi-Urban,Female,General,16,11,150000,78,3.9,No,None
STU00311,SCH1175,Maharashtra,Nashik,Rural,Male,OBC,15,10,75000,72,8.0,Yes,Poverty
STU00312,SCH1090,Gujarat,Rajkot,Rural,Male,OBC,6,1,150000,76,4.1,No,None
STU00313,SCH1148,Madhya Pradesh,Indore,Urban,Female,OBC,7,1,200000,80,1.4,No,None
STU00314,SCH1073,Maharashtra,Aurangabad,Rural,Male,SC,9,5,150000,71,6.5,Yes,Lack of Interest
STU00315,SCH1231,Rajasthan,Jaipur,Rural,Female,ST,15,9,200000,75,2.3,No,None
STU00316,SCH1050,Maharashtra,Aurangabad,Rural,Male,OBC,15,10,100000,59,3.3,Yes,Poverty
STU00317,SCH1104,Gujarat,Rajkot,Rural,Male,ST,9,4,500000,52,2.3,Yes,Poverty
STU00318,SCH1192,Rajasthan,Kota,Urban,Male,SC,12,8,75000,59,2.6,Yes,Poverty
STU00319,SCH1099,Gujarat,Surat,Urban,Female,SC,12,7,150000,60,3.5,No,None
STU00320,SCH1145,Gujarat,Vadodara,Urban,Male,OBC,12,7,100000,93,4.0,No,None
STU00321,SCH1201,Gujarat,Surat,Semi-Urban,Female,SC,12,7,50000,39,8.5,Yes,Child Labour
STU00322,SCH1249,Maharashtra,Nagpur,Rural,Male,OBC,7,3,75000,55,4.2,Yes,Migration
STU00323,SCH1156,Rajasthan,Udaipur,Urban,Male,OBC,12,8,150000,69,1.4,No,None
STU00324,SCH1177,Madhya Pradesh,Bhopal,Rural,Female,General,13,8,200000,74,1.7,No,None
STU00325,SCH1127,Uttar Pradesh,Agra,Urban,Male,ST,18,12,75000,100,9.2,Yes,Poor Academic Performance
STU00326,SCH1218,Madhya Pradesh,Indore,Urban,Male,OBC,11,7,100000,83,1.2,No,None
STU00327,SCH1103,Uttar Pradesh,Aligarh,Urban,Male,SC,12,6,100000,100,0.2,No,None
STU00328,SCH1108,Gujarat,Vadodara,Rural,Female,General,16,10,75000,87,2.6,Yes,Migration
STU00329,SCH1015,Rajasthan,Kota,Urban,Male,SC,6,1,50000,54,2.7,Yes,Lack of Interest
STU00330,SCH1250,Uttar Pradesh,Lucknow,Urban,Female,General,17,11,150000,75,0.6,No,None
STU00331,SCH1233,Madhya Pradesh,Indore,Urban,Female,OBC,10,6,50000,79,6.7,No,None
STU00332,SCH1194,Maharashtra,Pune,Urban,Female,ST,8,3,150000,53,0.6,Yes,Poor Academic Performance
STU00333,SCH1228,Madhya Pradesh,Gwalior,Urban,Male,ST,9,5,100000,85,8.4,No,None
STU00334,SCH1236,Uttar Pradesh,Kanpur,Semi-Urban,Male,SC,6,1,75000,58,5.1,Yes,Poverty
STU00335,SCH1026,Rajasthan,Jodhpur,Rural,Female,OBC,13,8,75000,100,2.6,No,None
STU00336,SCH1175,Uttar Pradesh,Agra,Rural,Male,ST,13,7,100000,90,2.5,No,None
STU00337,SCH1131,Gujarat,Surat,Urban,Female,OBC,7,3,50000,100,2.4,No,None
STU00338,SCH1046,Maharashtra,Aurangabad,Urban,Female,OBC,11,5,100000,49,5.5,No,None
STU00339,SCH1149,Maharashtra,Pune,Urban,Male,OBC,13,7,75000,78,2.9,No,None
STU00340,SCH1055,Uttar Pradesh,Kanpur,Rural,Male,General,7,2,200000,97,3.9,No,None
STU00341,SCH1011,Madhya Pradesh,Jabalpur,Semi-Urban,Female,General,16,10,200000,91,7.3,No,None
STU00342,SCH1247,Gujarat,Vadodara,Rural,Male,ST,16,12,500000,79,0.2,No,None
STU00343,SCH1149,Rajasthan,Jaipur,Rural,Male,General,17,11,75000,50,6.1,Yes,Health Issues
STU00344,SCH1072,Maharashtra,Pune,Rural,Male,SC,11,6,300000,80,0.3,No,None
STU00345,SCH1026,Madhya Pradesh,Gwalior,Urban,Male,OBC,11,5,300000,83,8.4,No,None
STU00346,SCH1063,Uttar Pradesh,Kanpur,Rural,Male,ST,7,2,75000,84,3.7,Yes,Lack of Interest
STU00347,SCH1145,Rajasthan,Jodhpur,Rural,Male,OBC,6,1,200000,84,6.5,Yes,Migration
STU00348,SCH1024,Madhya Pradesh,Jabalpur,Urban,Male,SC,9,5,100000,72,0.2,No,None
STU00349,SCH1227,Uttar Pradesh,Agra,Semi-Urban,Male,SC,14,9,300000,98,7.1,No,None
STU00350,SCH1093,Gujarat,Vadodara,Semi-Urban,Male,OBC,10,4,150000,69,2.5,No,None
STU00351,SCH1041,Gujarat,Ahmedabad,Rural,Female,OBC,13,8,100000,76,4.5,No,None
STU00352,SCH1233,Uttar Pradesh,Lucknow,Rural,Male,OBC,6,2,200000,72,0.2,No,None
STU00353,SCH1248,Maharashtra,Nagpur,Rural,Female,OBC,15,10,300000,71,4.3,Yes,Health Issues
STU00354,SCH1011,Maharashtra,Nashik,Rural,Male,General,15,10,150000,70,2.3,No,None
STU00355,SCH1243,Madhya Pradesh,Indore,Urban,Male,OBC,11,5,75000,72,0.2,No,None
STU00356,SCH1130,Gujarat,Rajkot,Urban,Female,OBC,11,5,150000,76,4.4,No,None
STU00357,SCH1063,Gujarat,Surat,Urban,Female,SC,16,11,150000,60,2.7,No,None
STU00358,SCH1195,Madhya Pradesh,Jabalpur,Urban,Male,OBC,10,5,300000,67,0.2,No,None
STU00359,SCH1063,Rajasthan,Jodhpur,Urban,Male,General,9,4,300000,100,4.4,No,None
STU00360,SCH1073,Gujarat,Vadodara,Rural,Female,OBC,11,7,75000,51,0.3,Yes,Poverty
STU00361,SCH1126,Uttar Pradesh,Lucknow,Rural,Female,SC,11,7,200000,61,2.7,No,None
STU00362,SCH1163,Rajasthan,Jaipur,Rural,Male,OBC,17,12,50000,79,2.3,Yes,Poor Academic Performance
STU00363,SCH1144,Madhya Pradesh,Gwalior,Rural,Male,OBC,8,3,100000,88,0.2,No,None
STU00364,SCH1130,Uttar Pradesh,Kanpur,Urban,Female,SC,6,1,200000,78,5.2,No,None
STU00365,SCH1225,Gujarat,Rajkot,Urban,Male,OBC,9,5,500000,88,3.4,No,None
STU00366,SCH1218,Gujarat,Surat,Rural,Male,OBC,10,5,50000,88,1.4,Yes,Poor Academic Performance
STU00367,SCH1179,Rajasthan,Udaipur,Rural,Male,OBC,14,10,200000,100,3.3,No,None
STU00368,SCH1110,Uttar Pradesh,Lucknow,Rural,Male,SC,14,9,75000,80,3.4,Yes,Poverty
STU00369,SCH1189,Gujarat,Rajkot,Semi-Urban,Female,General,7,3,500000,91,5.3,No,None
STU00370,SCH1104,Maharashtra,Pune,Urban,Female,OBC,9,5,75000,80,5.1,No,None
STU00371,SCH1005,Uttar Pradesh,Lucknow,Semi-Urban,Male,SC,12,7,200000,76,0.2,No,None
STU00372,SCH1153,Uttar Pradesh,Lucknow,Rural,Male,OBC,16,10,75000,64,3.8,Yes,Family Issues
STU00373,SCH1054,Gujarat,Vadodara,Rural,Male,OBC,10,6,75000,77,4.3,Yes,Family Issues
STU00374,SCH1108,Maharashtra,Pune,Rural,Female,OBC,7,1,100000,83,5.6,No,None
STU00375,SCH1188,Rajasthan,Udaipur,Rural,Female,SC,18,12,200000,60,4.6,Yes,Migration
STU00376,SCH1137,Madhya Pradesh,Bhopal,Rural,Male,OBC,16,11,75000,93,0.9,Yes,Poverty
STU00377,SCH1174,Uttar Pradesh,Kanpur,Urban,Female,OBC,12,7,150000,100,3.5,No,None
STU00378,SCH1140,Rajasthan,Jaipur,Semi-Urban,Female,General,8,4,50000,94,6.0,No,None
STU00379,SCH1118,Uttar Pradesh,Agra,Urban,Male,OBC,10,4,200000,62,6.6,No,None
STU00380,SCH1029,Gujarat,Surat,Urban,Female,SC,17,12,150000,80,6.2,No,None
STU00381,SCH1079,Uttar Pradesh,Aligarh,Semi-Urban,Male,OBC,9,4,100000,60,0.2,No,None
STU00382,SCH1241,Gujarat,Surat,Rural,Male,OBC,10,6,100000,77,1.9,No,None
STU00383,SCH1162,Maharashtra,Nashik,Rural,Female,OBC,15,9,100000,73,1.1,Yes,Lack of Transport
STU00384,SCH1043,Rajasthan,Jaipur,Urban,Male,General,12,7,75000,71,4.2,No,None
STU00385,SCH1039,Uttar Pradesh,Kanpur,Rural,Male,SC,14,9,300000,98,0.2,Yes,Poverty
STU00386,SCH1095,Uttar Pradesh,Lucknow,Urban,Female,SC,17,12,300000,82,4.6,No,None
STU00387,SCH1190,Madhya Pradesh,Bhopal,Semi-Urban,Male,SC,14,9,50000,69,5.6,Yes,Poverty
STU00388,SCH1011,Rajasthan,Kota,Rural,Male,OBC,7,2,300000,53,2.4,Yes,Child Labour
STU00389,SCH1055,Gujarat,Rajkot,Rural,Female,OBC,6,1,150000,84,6.9,No,None
STU00390,SCH1224,Rajasthan,Udaipur,Urban,Female,OBC,17,12,50000,72,7.0,Yes,Child Labour
STU00391,SCH1140,Uttar Pradesh,Agra,Urban,Female,General,15,10,200000,86,0.2,No,None
STU00392,SCH1077,Uttar Pradesh,Agra,Rural,Female,General,13,9,50000,40,3.8,Yes,Lack of Interest
STU00393,SCH1001,Maharashtra,Aurangabad,Urban,Male,General,18,12,75000,100,5.0,Yes,Migration
STU00394,SCH1025,Maharashtra,Pune,Rural,Other,SC,7,3,150000,51,6.3,Yes,Poverty
STU00395,SCH1224,Madhya Pradesh,Gwalior,Urban,Female,General,17,12,100000,70,7.1,Yes,Lack of Transport
STU00396,SCH1076,Madhya Pradesh,Indore,Urban,Male,OBC,10,4,150000,85,2.7,No,None
STU00397,SCH1233,Madhya Pradesh,Bhopal,Urban,Female,ST,14,9,300000,70,5.0,Yes,Poor Academic Performance
STU00398,SCH1038,Uttar Pradesh,Lucknow,Rural,Male,SC,17,12,150000,89,2.1,Yes,Family Issues
STU00399,SCH1026,Rajasthan,Kota,Semi-Urban,Female,SC,11,7,50000,85,7.6,Yes,Poor Academic Performance
STU00400,SCH1045,Uttar Pradesh,Agra,Rural,Male,OBC,12,8,75000,60,9.9,Yes,Poverty
STU00401,SCH1031,Uttar Pradesh,Agra,Rural,Male,SC,13,8,75000,87,7.9,Yes,Poverty
STU00402,SCH1075,Maharashtra,Nagpur,Rural,Female,General,9,3,75000,56,1.5,Yes,Family Issues
STU00403,SCH1088,Madhya Pradesh,Gwalior,Urban,Male,OBC,7,3,50000,64,6.9,Yes,Poverty
STU00404,SCH1243,Madhya Pradesh,Indore,Rural,Female,SC,17,12,200000,78,7.4,Yes,Poverty
STU00405,SCH1070,Gujarat,Surat,Rural,Male,SC,6,1,100000,100,7.7,No,None
STU00406,SCH1109,Gujarat,Ahmedabad,Rural,Female,General,14,10,150000,81,6.0,No,None
STU00407,SCH1002,Maharashtra,Nashik,Semi-Urban,Male,General,9,3,100000,100,5.4,No,None
STU00408,SCH1037,Maharashtra,Aurangabad,Urban,Male,General,8,4,50000,88,2.5,No,None
STU00409,SCH1151,Gujarat,Rajkot,Rural,Female,OBC,13,7,75000,78,3.8,No,None
STU00410,SCH1106,Madhya Pradesh,Gwalior,Urban,Female,OBC,14,9,150000,57,4.8,Yes,Lack of Transport
STU00411,SCH1062,Uttar Pradesh,Lucknow,Rural,Male,OBC,8,3,100000,78,2.9,No,None
STU00412,SCH1217,Rajasthan,Jodhpur,Urban,Female,SC,14,10,500000,79,0.2,No,None
STU00413,SCH1036,Uttar Pradesh,Kanpur,Rural,Female,OBC,7,3,300000,82,4.5,No,None
STU00414,SCH1166,Madhya Pradesh,Bhopal,Rural,Female,OBC,14,9,50000,65,6.0,Yes,Poverty
STU00415,SCH1137,Uttar Pradesh,Lucknow,Rural,Female,SC,10,5,300000,90,2.4,No,None
STU00416,SCH1041,Rajasthan,Jodhpur,Rural,Male,General,16,11,100000,80,2.6,Yes,Child Labour
STU00417,SCH1112,Gujarat,Vadodara,Urban,Male,OBC,6,1,100000,66,0.2,No,None
STU00418,SCH1036,Maharashtra,Aurangabad,Semi-Urban,Male,OBC,13,9,50000,99,3.7,Yes,Poverty
STU00419,SCH1034,Uttar Pradesh,Lucknow,Rural,Male,ST,18,12,500000,76,3.8,No,None
STU00420,SCH1206,Maharashtra,Pune,Rural,Male,SC,7,2,150000,58,3.0,Yes,Health Issues
STU00421,SCH1186,Madhya Pradesh,Jabalpur,Rural,Female,General,10,4,150000,60,0.2,Yes,Family Issues
STU00422,SCH1214,Maharashtra,Pune,Rural,Male,OBC,10,6,100000,89,5.2,Yes,Lack of Transport
STU00423,SCH1027,Madhya Pradesh,Bhopal,Urban,Female,SC,16,11,200000,62,1.5,Yes,Lack of Transport
STU00424,SCH1018,Maharashtra,Nagpur,Urban,Other,General,9,5,75000,55,3.2,Yes,Migration
STU00425,SCH1196,Maharashtra,Pune,Rural,Female,SC,16,11,150000,78,2.3,Yes,Lack of Interest
STU00426,SCH1042,Gujarat,Vadodara,Urban,Male,SC,9,4,150000,82,2.5,No,None
STU00427,SCH1175,Uttar Pradesh,Kanpur,Urban,Male,SC,8,3,100000,66,1.6,No,None
STU00428,SCH1193,Maharashtra,Nagpur,Semi-Urban,Male,OBC,17,12,200000,58,4.2,Yes,Lack of Interest
STU00429,SCH1057,Gujarat,Surat,Rural,Male,SC,15,9,300000,63,6.0,Yes,Migration
STU00430,SCH1065,Madhya Pradesh,Indore,Urban,Male,SC,8,2,300000,70,3.5,No,None
STU00431,SCH1196,Rajasthan,Kota,Urban,Female,SC,16,10,75000,65,0.2,Yes,Poor Academic Performance
STU00432,SCH1058,Gujarat,Ahmedabad,Rural,Male,SC,7,1,100000,100,1.5,No,None
STU00433,SCH1219,Uttar Pradesh,Lucknow,Urban,Male,ST,11,5,75000,89,4.6,No,None
STU00434,SCH1031,Madhya Pradesh,Bhopal,Rural,Female,OBC,8,3,150000,82,5.3,No,None
STU00435,SCH1228,Gujarat,Surat,Rural,Male,OBC,12,6,100000,82,0.8,No,None
STU00436,SCH1028,Maharashtra,Nashik,Semi-Urban,Female,OBC,8,3,150000,82,7.5,No,None
STU00437,SCH1191,Maharashtra,Aurangabad,Rural,Male,OBC,16,11,100000,72,0.2,Yes,Lack of Transport
STU00438,SCH1137,Uttar Pradesh,Aligarh,Urban,Male,General,11,5,50000,81,0.8,No,None
STU00439,SCH1074,Rajasthan,Jaipur,Rural,Female,OBC,6,1,75000,52,2.4,Yes,Poverty
STU00440,SCH1107,Madhya Pradesh,Indore,Urban,Male,SC,7,1,500000,80,5.0,No,None
STU00441,SCH1174,Rajasthan,Jaipur,Semi-Urban,Female,General,18,12,50000,100,3.2,Yes,Migration
STU00442,SCH1099,Gujarat,Vadodara,Rural,Female,SC,15,10,100000,86,6.4,Yes,Lack of Interest
STU00443,SCH1118,Rajasthan,Jaipur,Urban,Male,OBC,11,6,200000,72,3.4,No,None
STU00444,SCH1026,Madhya Pradesh,Gwalior,Rural,Female,General,17,12,150000,100,1.9,No,None
STU00445,SCH1218,Maharashtra,Pune,Rural,Male,OBC,9,4,150000,68,5.8,Yes,Poverty
STU00446,SCH1048,Gujarat,Rajkot,Urban,Male,General,15,9,500000,81,5.4,No,None
STU00447,SCH1162,Rajasthan,Kota,Rural,Female,OBC,9,5,200000,78,4.5,No,None
STU00448,SCH1019,Madhya Pradesh,Jabalpur,Rural,Male,SC,9,4,100000,89,4.1,No,None
STU00449,SCH1181,Rajasthan,Jodhpur,Rural,Male,OBC,10,5,75000,86,5.3,Yes,Poverty
STU00450,SCH1014,Maharashtra,Nashik,Semi-Urban,Male,OBC,10,6,150000,86,5.0,No,None
STU00451,SCH1001,Gujarat,Rajkot,Rural,Male,OBC,11,7,50000,86,4.9,Yes,Poverty
STU00452,SCH1051,Gujarat,Vadodara,Semi-Urban,Female,SC,11,5,200000,97,0.3,No,None
STU00453,SCH1112,Uttar Pradesh,Agra,Urban,Male,OBC,14,9,75000,90,5.0,Yes,Migration
STU00454,SCH1246,Madhya Pradesh,Bhopal,Semi-Urban,Male,ST,10,6,150000,66,6.5,No,None
STU00455,SCH1120,Madhya Pradesh,Jabalpur,Urban,Female,General,11,7,150000,75,2.4,No,None
STU00456,SCH1170,Madhya Pradesh,Indore,Rural,Male,SC,12,8,100000,85,5.3,No,None
STU00457,SCH1033,Gujarat,Ahmedabad,Rural,Female,OBC,14,9,100000,83,7.9,Yes,Family Issues
STU00458,SCH1138,Gujarat,Rajkot,Urban,Female,OBC,8,3,100000,88,2.8,No,None
STU00459,SCH1229,Rajasthan,Jaipur,Rural,Female,SC,16,11,200000,90,0.2,No,None
STU00460,SCH1013,Uttar Pradesh,Lucknow,Rural,Female,General,6,2,300000,68,5.8,Yes,Family Issues
STU00461,SCH1204,Uttar Pradesh,Lucknow,Semi-Urban,Male,SC,13,8,200000,94,3.8,No,None
STU00462,SCH1074,Gujarat,Ahmedabad,Rural,Male,OBC,13,9,100000,69,4.3,Yes,Lack of Transport
STU00463,SCH1085,Maharashtra,Pune,Rural,Male,ST,7,2,150000,64,2.1,No,None
STU00464,SCH1123,Rajasthan,Kota,Urban,Other,OBC,18,12,100000,69,2.5,No,None
STU00465,SCH1220,Madhya Pradesh,Gwalior,Urban,Female,General,9,5,100000,79,3.7,No,None
STU00466,SCH1075,Rajasthan,Kota,Urban,Male,ST,17,12,100000,80,6.9,No,None
STU00467,SCH1166,Gujarat,Ahmedabad,Rural,Male,SC,9,3,300000,86,2.0,No,None
STU00468,SCH1195,Uttar Pradesh,Lucknow,Rural,Other,OBC,17,12,500000,53,6.5,Yes,Poor Academic Performance
STU00469,SCH1178,Madhya Pradesh,Bhopal,Urban,Female,OBC,16,11,150000,61,3.4,No,None
STU00470,SCH1170,Rajasthan,Udaipur,Rural,Male,General,10,5,100000,89,3.8,No,None
STU00471,SCH1159,Gujarat,Vadodara,Rural,Male,SC,11,6,150000,73,3.7,No,None
STU00472,SCH1222,Uttar Pradesh,Lucknow,Rural,Male,OBC,12,8,200000,94,5.2,No,None
STU00473,SCH1056,Rajasthan,Kota,Semi-Urban,Female,General,9,4,100000,79,1.6,No,None
STU00474,SCH1147,Gujarat,Surat,Urban,Male,SC,11,5,100000,83,6.6,No,None
STU00475,SCH1194,Madhya Pradesh,Bhopal,Urban,Female,ST,9,5,50000,75,1.8,No,None
STU00476,SCH1085,Madhya Pradesh,Bhopal,Urban,Female,ST,15,10,50000,77,1.1,Yes,Lack of Transport
STU00477,SCH1050,Maharashtra,Pune,Rural,Male,General,6,1,300000,50,2.6,Yes,Migration
STU00478,SCH1182,Gujarat,Rajkot,Urban,Female,SC,15,10,150000,92,0.2,No,None
STU00479,SCH1170,Maharashtra,Aurangabad,Semi-Urban,Male,OBC,10,6,200000,88,7.6,No,None
STU00480,SCH1198,Uttar Pradesh,Aligarh,Urban,Male,General,18,12,300000,80,8.1,No,None
STU00481,SCH1017,Uttar Pradesh,Aligarh,Rural,Female,General,18,12,300000,78,4.9,No,None
STU00482,SCH1230,Rajasthan,Jodhpur,Rural,Other,OBC,6,1,150000,71,0.6,No,None
STU00483,SCH1012,Maharashtra,Pune,Rural,Female,General,17,12,150000,82,3.5,No,None
STU00484,SCH1103,Uttar Pradesh,Agra,Rural,Female,General,18,12,75000,46,2.8,Yes,Migration
STU00485,SCH1071,Gujarat,Rajkot,Rural,Female,General,16,12,300000,100,5.1,No,None
STU00486,SCH1167,Uttar Pradesh,Agra,Rural,Female,General,14,9,150000,73,8.4,Yes,Lack of Interest
STU00487,SCH1185,Maharashtra,Aurangabad,Urban,Female,SC,17,12,200000,54,0.4,Yes,Child Labour
STU00488,SCH1242,Rajasthan,Kota,Rural,Male,General,6,2,100000,100,2.9,No,None
STU00489,SCH1086,Madhya Pradesh,Bhopal,Rural,Male,SC,8,3,100000,83,3.1,No,None
STU00490,SCH1230,Madhya Pradesh,Jabalpur,Urban,Male,SC,7,3,200000,61,0.6,No,None
STU00491,SCH1040,Rajasthan,Udaipur,Urban,Female,General,16,11,100000,78,0.2,No,None
STU00492,SCH1092,Madhya Pradesh,Gwalior,Rural,Male,General,11,5,500000,72,1.8,No,None
STU00493,SCH1039,Uttar Pradesh,Agra,Urban,Male,SC,15,10,100000,91,6.2,Yes,Migration
STU00494,SCH1138,Maharashtra,Aurangabad,Urban,Female,General,11,7,150000,100,1.5,No,None
STU00495,SCH1185,Gujarat,Rajkot,Rural,Male,General,7,2,100000,78,0.2,No,None
STU00496,SCH1084,Rajasthan,Jodhpur,Urban,Male,General,12,6,150000,68,5.0,No,None
STU00497,SCH1166,Maharashtra,Nagpur,Rural,Female,OBC,17,11,100000,70,3.6,No,None
STU00498,SCH1208,Gujarat,Surat,Rural,Male,General,17,12,100000,77,8.7,Yes,Poverty
STU00499,SCH1047,Rajasthan,Jaipur,Urban,Female,OBC,12,6,150000,73,0.2,No,None
STU00500,SCH1039,Rajasthan,Kota,Rural,Male,OBC,10,5,300000,56,2.9,Yes,Lack of Interest
STU00501,SCH1066,Uttar Pradesh,Kanpur,Urban,Female,ST,18,12,75000,51,0.9,Yes,Poverty
STU00502,SCH1202,Rajasthan,Jodhpur,Urban,Female,OBC,6,1,50000,97,3.9,No,None
STU00503,SCH1070,Madhya Pradesh,Indore,Rural,Male,ST,7,2,100000,66,3.6,Yes,Lack of Transport
STU00504,SCH1095,Gujarat,Ahmedabad,Rural,Male,General,17,12,50000,85,6.0,Yes,Lack of Interest
STU00505,SCH1097,Uttar Pradesh,Aligarh,Rural,Female,OBC,7,2,75000,75,4.8,No,None
STU00506,SCH1240,Madhya Pradesh,Jabalpur,Urban,Female,SC,8,3,200000,81,0.2,No,None
STU00507,SCH1232,Maharashtra,Nagpur,Urban,Female,General,15,10,75000,79,1.9,Yes,Poverty
STU00508,SCH1072,Madhya Pradesh,Indore,Semi-Urban,Male,ST,14,8,100000,62,5.3,No,None
STU00509,SCH1087,Madhya Pradesh,Indore,Rural,Female,OBC,15,10,100000,87,6.9,No,None
STU00510,SCH1148,Madhya Pradesh,Gwalior,Urban,Male,SC,11,5,150000,84,4.9,No,None
STU00511,SCH1216,Rajasthan,Jaipur,Semi-Urban,Male,General,6,1,75000,87,5.2,No,None
STU00512,SCH1182,Gujarat,Vadodara,Rural,Male,SC,6,2,300000,54,4.5,Yes,Health Issues
STU00513,SCH1215,Maharashtra,Nashik,Rural,Female,OBC,16,10,100000,63,0.2,Yes,Poverty
STU00514,SCH1032,Maharashtra,Nashik,Rural,Female,General,6,1,75000,96,8.3,Yes,Lack of Transport
STU00515,SCH1128,Maharashtra,Aurangabad,Urban,Male,General,13,8,50000,98,2.6,No,None
STU00516,SCH1066,Madhya Pradesh,Jabalpur,Urban,Female,General,10,4,75000,44,2.7,Yes,Lack of Transport
STU00517,SCH1238,Rajasthan,Jodhpur,Semi-Urban,Male,OBC,12,6,150000,85,1.3,No,None
STU00518,SCH1029,Gujarat,Surat,Urban,Female,OBC,15,10,300000,72,3.0,Yes,Migration
STU00519,SCH1228,Rajasthan,Jodhpur,Semi-Urban,Male,OBC,10,4,500000,87,0.2,No,None
STU00520,SCH1185,Maharashtra,Pune,Rural,Female,OBC,18,12,50000,74,7.1,Yes,Poverty
STU00521,SCH1097,Uttar Pradesh,Lucknow,Urban,Female,General,8,3,150000,75,1.6,No,None
STU00522,SCH1030,Madhya Pradesh,Gwalior,Rural,Male,SC,18,12,75000,78,1.9,Yes,Poverty
STU00523,SCH1031,Gujarat,Ahmedabad,Semi-Urban,Female,SC,8,3,75000,84,1.2,Yes,Migration
STU00524,SCH1118,Madhya Pradesh,Bhopal,Rural,Female,ST,15,11,200000,80,0.8,Yes,Migration
STU00525,SCH1194,Madhya Pradesh,Gwalior,Rural,Female,OBC,15,9,150000,74,5.8,Yes,Poverty
STU00526,SCH1098,Rajasthan,Udaipur,Rural,Female,OBC,9,4,100000,74,4.5,No,None
STU00527,SCH1190,Maharashtra,Nagpur,Rural,Female,SC,14,9,200000,78,2.7,No,None
STU00528,SCH1072,Madhya Pradesh,Gwalior,Urban,Male,SC,17,11,500000,79,0.6,No,None
STU00529,SCH1235,Madhya Pradesh,Bhopal,Urban,Female,OBC,17,11,300000,69,8.4,No,None
STU00530,SCH1017,Gujarat,Rajkot,Urban,Female,OBC,18,12,75000,79,5.5,Yes,Migration
STU00531,SCH1199,Madhya Pradesh,Bhopal,Rural,Male,ST,11,6,150000,61,3.8,No,None
STU00532,SCH1187,Uttar Pradesh,Aligarh,Semi-Urban,Female,ST,9,4,75000,75,2.7,No,None
STU00533,SCH1091,Maharashtra,Nagpur,Rural,Female,General,8,3,75000,91,5.3,Yes,Poverty
STU00534,SCH1043,Uttar Pradesh,Lucknow,Urban,Female,General,9,4,75000,63,0.2,No,None
STU00535,SCH1146,Gujarat,Vadodara,Semi-Urban,Male,ST,8,3,100000,82,1.3,No,None
STU00536,SCH1248,Maharashtra,Pune,Rural,Female,OBC,10,5,100000,68,4.7,No,None
STU00537,SCH1115,Madhya Pradesh,Indore,Rural,Male,OBC,10,5,500000,67,0.2,No,None
STU00538,SCH1121,Madhya Pradesh,Indore,Rural,Female,ST,15,9,200000,79,1.5,Yes,Lack of Transport
STU00539,SCH1094,Maharashtra,Pune,Urban,Female,SC,8,2,150000,81,1.8,No,None
STU00540,SCH1212,Madhya Pradesh,Indore,Urban,Female,ST,11,6,200000,68,3.7,No,None
STU00541,SCH1047,Rajasthan,Udaipur,Semi-Urban,Male,SC,7,3,50000,74,2.5,Yes,Poverty
STU00542,SCH1210,Gujarat,Vadodara,Urban,Female,SC,17,12,75000,76,6.3,Yes,Poverty
STU00543,SCH1033,Rajasthan,Kota,Urban,Male,OBC,10,6,100000,81,6.3,No,None
STU00544,SCH1161,Madhya Pradesh,Jabalpur,Rural,Female,OBC,8,2,200000,78,2.7,No,None
STU00545,SCH1085,Madhya Pradesh,Bhopal,Rural,Male,SC,6,1,100000,74,2.5,No,None
STU00546,SCH1171,Madhya Pradesh,Indore,Urban,Female,SC,6,2,50000,73,6.1,Yes,Family Issues
STU00547,SCH1198,Maharashtra,Aurangabad,Urban,Male,SC,14,9,200000,77,2.7,No,None
STU00548,SCH1031,Madhya Pradesh,Bhopal,Rural,Female,OBC,18,12,150000,63,4.6,Yes,Family Issues
STU00549,SCH1032,Madhya Pradesh,Bhopal,Urban,Female,General,6,1,300000,77,4.1,No,None
STU00550,SCH1177,Uttar Pradesh,Kanpur,Urban,Female,OBC,13,9,50000,90,6.2,Yes,Child Labour
STU00551,SCH1130,Rajasthan,Kota,Rural,Male,OBC,12,7,200000,65,3.7,Yes,Lack of Transport
STU00552,SCH1142,Uttar Pradesh,Lucknow,Rural,Male,ST,8,3,50000,97,2.6,Yes,Migration
STU00553,SCH1211,Uttar Pradesh,Aligarh,Urban,Female,OBC,8,3,50000,91,5.9,No,None
STU00554,SCH1043,Rajasthan,Udaipur,Rural,Male,OBC,7,2,100000,100,2.2,No,None
STU00555,SCH1135,Gujarat,Ahmedabad,Urban,Female,General,11,6,100000,57,4.6,No,None
STU00556,SCH1234,Maharashtra,Aurangabad,Urban,Male,OBC,11,6,50000,64,3.6,Yes,Poverty
STU00557,SCH1219,Madhya Pradesh,Bhopal,Urban,Male,OBC,17,12,100000,74,1.1,No,None
STU00558,SCH1230,Gujarat,Vadodara,Rural,Male,OBC,10,5,100000,51,3.6,No,None
STU00559,SCH1007,Rajasthan,Jaipur,Rural,Male,OBC,8,4,150000,91,4.4,No,None
STU00560,SCH1079,Gujarat,Ahmedabad,Urban,Female,OBC,8,3,75000,87,5.9,No,None
STU00561,SCH1101,Uttar Pradesh,Kanpur,Semi-Urban,Male,General,15,10,150000,100,0.2,No,None
STU00562,SCH1183,Uttar Pradesh,Agra,Semi-Urban,Female,OBC,13,9,50000,78,9.0,Yes,Child Labour
STU00563,SCH1032,Rajasthan,Jaipur,Rural,Female,SC,11,7,50000,62,0.2,Yes,Lack of Interest
STU00564,SCH1183,Gujarat,Vadodara,Urban,Male,ST,13,8,300000,93,2.7,No,None
STU00565,SCH1092,Gujarat,Ahmedabad,Rural,Female,General,11,6,75000,80,10.6,Yes,Child Labour
STU00566,SCH1010,Maharashtra,Pune,Semi-Urban,Male,OBC,9,4,200000,44,8.1,Yes,Lack of Transport
STU00567,SCH1138,Uttar Pradesh,Aligarh,Rural,Male,OBC,18,12,150000,95,0.6,No,None
STU00568,SCH1159,Madhya Pradesh,Bhopal,Rural,Male,General,12,8,75000,100,5.3,No,None
STU00569,SCH1055,Uttar Pradesh,Agra,Semi-Urban,Male,OBC,9,5,150000,69,3.6,No,None
STU00570,SCH1159,Gujarat,Rajkot,Urban,Female,OBC,14,8,200000,100,3.7,No,None
STU00571,SCH1200,Madhya Pradesh,Bhopal,Rural,Male,General,17,12,200000,59,6.6,Yes,Migration
STU00572,SCH1071,Madhya Pradesh,Indore,Urban,Male,General,10,6,150000,92,5.5,No,None
STU00573,SCH1042,Uttar Pradesh,Lucknow,Urban,Male,OBC,18,12,100000,90,6.2,Yes,Child Labour
STU00574,SCH1136,Rajasthan,Kota,Rural,Female,SC,18,12,500000,50,4.2,Yes,Family Issues
STU00575,SCH1140,Madhya Pradesh,Indore,Semi-Urban,Male,OBC,14,10,100000,72,0.2,No,None
STU00576,SCH1086,Gujarat,Rajkot,Rural,Male,OBC,16,12,75000,90,5.0,Yes,Lack of Transport
STU00577,SCH1008,Gujarat,Rajkot,Rural,Male,OBC,14,10,100000,93,6.0,Yes,Lack of Interest
STU00578,SCH1118,Maharashtra,Nagpur,Urban,Female,General,16,11,50000,100,9.8,Yes,Poor Academic Performance
STU00579,SCH1146,Uttar Pradesh,Agra,Rural,Male,OBC,11,7,300000,90,2.0,No,None
STU00580,SCH1101,Uttar Pradesh,Aligarh,Rural,Female,SC,9,4,500000,92,4.5,No,None
STU00581,SCH1016,Maharashtra,Aurangabad,Rural,Female,SC,13,8,100000,83,3.3,No,None
STU00582,SCH1127,Uttar Pradesh,Agra,Rural,Female,OBC,6,1,75000,77,2.9,Yes,Migration
STU00583,SCH1141,Madhya Pradesh,Bhopal,Urban,Other,SC,12,6,150000,85,0.2,No,None
STU00584,SCH1034,Maharashtra,Aurangabad,Rural,Male,SC,7,2,200000,90,4.0,No,None
STU00585,SCH1136,Rajasthan,Jodhpur,Semi-Urban,Female,SC,18,12,200000,72,4.0,No,None
STU00586,SCH1068,Uttar Pradesh,Kanpur,Semi-Urban,Male,ST,11,5,100000,95,3.8,No,None
STU00587,SCH1018,Gujarat,Ahmedabad,Rural,Female,OBC,6,1,50000,80,10.8,Yes,Family Issues
STU00588,SCH1153,Madhya Pradesh,Jabalpur,Urban,Male,General,6,2,150000,90,4.1,No,None
STU00589,SCH1167,Gujarat,Surat,Urban,Male,SC,11,5,150000,96,1.5,No,None
STU00590,SCH1046,Rajasthan,Jaipur,Semi-Urban,Female,SC,17,12,200000,81,4.1,No,None
STU00591,SCH1113,Maharashtra,Nagpur,Rural,Male,General,18,12,75000,91,7.3,Yes,Poverty
STU00592,SCH1202,Rajasthan,Udaipur,Rural,Female,OBC,18,12,100000,91,3.8,Yes,Poverty
STU00593,SCH1178,Rajasthan,Kota,Urban,Female,General,9,5,150000,80,2.5,No,None
STU00594,SCH1036,Madhya Pradesh,Gwalior,Rural,Female,General,15,11,100000,87,6.8,Yes,Family Issues
STU00595,SCH1152,Uttar Pradesh,Kanpur,Urban,Female,OBC,15,10,150000,100,4.5,No,None
STU00596,SCH1109,Madhya Pradesh,Indore,Rural,Female,General,15,11,150000,64,3.5,No,None
STU00597,SCH1104,Rajasthan,Udaipur,Urban,Female,SC,15,10,300000,63,2.2,Yes,Poverty
STU00598,SCH1127,Gujarat,Vadodara,Urban,Female,OBC,16,10,200000,100,4.2,No,None
STU00599,SCH1205,Rajasthan,Kota,Rural,Female,OBC,9,4,300000,100,6.7,No,None
STU00600,SCH1131,Maharashtra,Pune,Rural,Male,OBC,16,11,100000,53,6.1,Yes,Poverty
STU00601,SCH1106,Uttar Pradesh,Lucknow,Rural,Male,OBC,17,12,200000,96,0.2,Yes,Lack of Transport
STU00602,SCH1196,Rajasthan,Jodhpur,Semi-Urban,Male,SC,14,9,150000,52,5.2,Yes,Migration
STU00603,SCH1115,Gujarat,Rajkot,Rural,Male,General,15,10,75000,100,1.4,Yes,Poverty
STU00604,SCH1132,Madhya Pradesh,Indore,Urban,Female,OBC,6,1,300000,56,1.0,No,None
STU00605,SCH1231,Madhya Pradesh,Indore,Urban,Female,OBC,18,12,200000,86,6.5,No,None
STU00606,SCH1151,Madhya Pradesh,Indore,Urban,Other,OBC,17,12,150000,77,2.2,No,None
STU00607,SCH1037,Rajasthan,Jaipur,Rural,Male,ST,16,10,50000,100,7.4,Yes,Health Issues
STU00608,SCH1051,Rajasthan,Udaipur,Rural,Male,OBC,10,5,200000,67,3.8,No,None
STU00609,SCH1061,Gujarat,Vadodara,Rural,Other,General,18,12,100000,48,3.6,Yes,Lack of Interest
STU00610,SCH1023,Maharashtra,Nashik,Urban,Male,General,12,6,150000,70,1.3,No,None
STU00611,SCH1081,Madhya Pradesh,Gwalior,Rural,Male,OBC,6,1,100000,99,3.9,No,None
STU00612,SCH1132,Madhya Pradesh,Indore,Urban,Female,General,16,11,200000,100,0.8,No,None
STU00613,SCH1242,Rajasthan,Kota,Rural,Female,SC,15,9,300000,89,5.6,No,None
STU00614,SCH1123,Gujarat,Rajkot,Urban,Male,ST,17,11,150000,86,2.5,No,None
STU00615,SCH1159,Uttar Pradesh,Aligarh,Rural,Female,OBC,16,12,200000,46,3.9,Yes,Poor Academic Performance
STU00616,SCH1056,Rajasthan,Kota,Urban,Female,OBC,12,6,150000,45,0.2,No,None
STU00617,SCH1163,Maharashtra,Nagpur,Rural,Female,OBC,15,10,75000,86,3.7,Yes,Family Issues
STU00618,SCH1126,Gujarat,Rajkot,Rural,Male,General,16,10,200000,70,3.7,No,None
STU00619,SCH1018,Gujarat,Surat,Urban,Male,OBC,16,11,150000,91,3.3,No,None
STU00620,SCH1086,Maharashtra,Nashik,Rural,Male,OBC,15,11,75000,87,0.2,Yes,Poverty
STU00621,SCH1203,Maharashtra,Nashik,Semi-Urban,Male,OBC,8,2,75000,67,1.1,Yes,Migration
STU00622,SCH1048,Rajasthan,Udaipur,Rural,Female,SC,16,10,150000,95,0.2,No,None
STU00623,SCH1066,Gujarat,Ahmedabad,Urban,Female,General,15,9,100000,79,2.0,No,None
STU00624,SCH1047,Gujarat,Vadodara,Rural,Female,General,6,1,200000,77,2.6,No,None
STU00625,SCH1190,Gujarat,Vadodara,Semi-Urban,Male,OBC,16,12,150000,53,1.8,Yes,Family Issues
STU00626,SCH1234,Uttar Pradesh,Kanpur,Semi-Urban,Male,SC,7,2,300000,86,1.2,No,None
STU00627,SCH1033,Maharashtra,Nashik,Rural,Male,OBC,17,12,75000,79,8.7,Yes,Family Issues
STU00628,SCH1010,Maharashtra,Aurangabad,Urban,Female,SC,11,7,150000,90,0.9,No,None
STU00629,SCH1111,Maharashtra,Nagpur,Rural,Female,OBC,6,1,150000,54,0.6,No,None
STU00630,SCH1052,Gujarat,Vadodara,Semi-Urban,Male,OBC,12,7,75000,66,3.0,No,None
STU00631,SCH1196,Maharashtra,Nashik,Rural,Male,SC,9,3,100000,80,2.7,No,None
STU00632,SCH1149,Maharashtra,Nashik,Semi-Urban,Female,OBC,9,5,300000,72,2.5,No,None
STU00633,SCH1187,Maharashtra,Nagpur,Rural,Female,General,14,9,200000,72,4.3,Yes,Lack of Interest
STU00634,SCH1172,Maharashtra,Nashik,Semi-Urban,Female,General,7,3,300000,93,3.6,No,None
STU00635,SCH1068,Madhya Pradesh,Jabalpur,Urban,Male,OBC,12,7,75000,63,0.2,Yes,Poverty
STU00636,SCH1128,Rajasthan,Jodhpur,Rural,Male,General,18,12,150000,78,3.5,No,None
STU00637,SCH1104,Rajasthan,Jaipur,Rural,Male,OBC,6,1,50000,84,2.8,Yes,Poor Academic Performance
STU00638,SCH1076,Gujarat,Rajkot,Urban,Female,General,18,12,150000,48,4.6,No,None
STU00639,SCH1186,Rajasthan,Jodhpur,Semi-Urban,Female,OBC,14,9,75000,93,3.7,Yes,Poverty
STU00640,SCH1021,Maharashtra,Nashik,Rural,Female,ST,7,2,150000,75,5.2,No,None
STU00641,SCH1156,Rajasthan,Kota,Rural,Female,SC,14,9,50000,93,0.2,Yes,Migration
STU00642,SCH1184,Rajasthan,Jaipur,Rural,Female,OBC,10,6,150000,69,3.1,No,None
STU00643,SCH1026,Uttar Pradesh,Lucknow,Semi-Urban,Male,OBC,17,12,100000,72,4.1,No,None
STU00644,SCH1067,Gujarat,Rajkot,Urban,Male,ST,9,4,100000,82,0.2,No,None
STU00645,SCH1131,Gujarat,Vadodara,Urban,Male,ST,14,8,200000,88,5.0,No,None
STU00646,SCH1199,Uttar Pradesh,Agra,Urban,Female,OBC,13,8,150000,79,2.1,No,None
STU00647,SCH1027,Uttar Pradesh,Agra,Semi-Urban,Female,ST,9,4,50000,83,4.7,Yes,Lack of Interest
STU00648,SCH1093,Uttar Pradesh,Agra,Urban,Male,General,14,9,300000,85,3.1,No,None
STU00649,SCH1024,Rajasthan,Kota,Rural,Male,OBC,14,9,300000,66,8.2,Yes,Child Labour
STU00650,SCH1062,Uttar Pradesh,Agra,Semi-Urban,Female,SC,15,9,75000,90,2.8,Yes,Poverty
STU00651,SCH1037,Gujarat,Rajkot,Rural,Female,OBC,10,4,100000,95,1.4,No,None
STU00652,SCH1141,Gujarat,Vadodara,Urban,Male,General,15,11,50000,59,1.5,Yes,Lack of Transport
STU00653,SCH1012,Maharashtra,Nashik,Rural,Male,SC,14,9,200000,79,5.1,No,None
STU00654,SCH1184,Maharashtra,Pune,Urban,Male,ST,14,8,100000,81,7.0,No,None
STU00655,SCH1178,Maharashtra,Aurangabad,Semi-Urban,Female,General,9,3,200000,92,1.8,No,None
STU00656,SCH1201,Maharashtra,Aurangabad,Semi-Urban,Male,OBC,16,11,150000,60,2.6,No,None
STU00657,SCH1046,Rajasthan,Jaipur,Urban,Female,General,14,10,75000,66,5.0,Yes,Poverty
STU00658,SCH1119,Uttar Pradesh,Aligarh,Semi-Urban,Other,SC,18,12,75000,100,6.7,Yes,Migration
STU00659,SCH1081,Madhya Pradesh,Gwalior,Rural,Female,SC,8,2,150000,81,2.2,No,None
STU00660,SCH1144,Maharashtra,Aurangabad,Rural,Female,OBC,9,4,100000,88,0.3,No,None
STU00661,SCH1141,Uttar Pradesh,Lucknow,Urban,Male,OBC,15,11,75000,71,0.9,Yes,Migration
STU00662,SCH1128,Gujarat,Vadodara,Urban,Female,OBC,12,7,500000,80,2.0,No,None
STU00663,SCH1118,Madhya Pradesh,Jabalpur,Semi-Urban,Male,General,17,11,150000,88,7.9,Yes,Migration
STU00664,SCH1052,Uttar Pradesh,Lucknow,Rural,Male,General,13,8,100000,80,0.2,No,None
STU00665,SCH1181,Gujarat,Surat,Rural,Male,General,9,4,75000,64,7.4,Yes,Migration
STU00666,SCH1001,Rajasthan,Jodhpur,Urban,Female,SC,15,10,75000,60,6.7,Yes,Health Issues
STU00667,SCH1150,Madhya Pradesh,Gwalior,Rural,Male,General,18,12,50000,83,1.2,Yes,Lack of Transport
STU00668,SCH1247,Rajasthan,Jaipur,Rural,Male,SC,10,5,150000,84,1.2,No,None
STU00669,SCH1144,Rajasthan,Jodhpur,Rural,Male,OBC,6,2,100000,74,5.3,No,None
STU00670,SCH1097,Rajasthan,Jodhpur,Urban,Female,OBC,8,3,100000,80,3.6,No,None
STU00671,SCH1087,Madhya Pradesh,Jabalpur,Rural,Male,SC,15,11,100000,75,0.8,No,None
STU00672,SCH1188,Gujarat,Vadodara,Semi-Urban,Female,SC,13,7,300000,90,1.3,No,None
STU00673,SCH1161,Gujarat,Rajkot,Urban,Male,SC,13,7,150000,96,3.9,No,None
STU00674,SCH1248,Gujarat,Ahmedabad,Rural,Male,SC,6,2,75000,67,3.4,Yes,Poverty
STU00675,SCH1216,Gujarat,Ahmedabad,Urban,Male,SC,9,4,100000,100,4.2,No,None
STU00676,SCH1085,Maharashtra,Pune,Rural,Male,OBC,7,2,75000,92,2.2,No,None
STU00677,SCH1131,Rajasthan,Udaipur,Urban,Male,General,15,9,150000,88,2.2,No,None
STU00678,SCH1216,Rajasthan,Udaipur,Urban,Female,OBC,13,7,150000,64,6.9,No,None
STU00679,SCH1226,Uttar Pradesh,Aligarh,Urban,Male,OBC,12,6,200000,92,1.2,No,None
STU00680,SCH1009,Maharashtra,Nashik,Rural,Female,OBC,9,4,200000,45,7.0,Yes,Poverty
STU00681,SCH1187,Maharashtra,Aurangabad,Rural,Male,SC,14,8,50000,84,2.5,Yes,Family Issues
STU00682,SCH1239,Gujarat,Vadodara,Rural,Male,General,15,9,100000,80,4.6,No,None
STU00683,SCH1145,Maharashtra,Nagpur,Rural,Male,ST,16,10,75000,49,2.1,Yes,Poverty
STU00684,SCH1173,Uttar Pradesh,Agra,Urban,Female,OBC,6,1,100000,62,4.0,No,None
STU00685,SCH1054,Maharashtra,Aurangabad,Urban,Other,OBC,7,2,100000,69,3.9,No,None
STU00686,SCH1136,Madhya Pradesh,Indore,Rural,Female,General,11,7,150000,71,3.9,No,None
STU00687,SCH1069,Uttar Pradesh,Aligarh,Rural,Female,OBC,6,2,150000,79,2.5,No,None
STU00688,SCH1010,Maharashtra,Nagpur,Rural,Female,OBC,10,5,75000,60,3.5,Yes,Lack of Transport
STU00689,SCH1103,Madhya Pradesh,Indore,Rural,Male,ST,18,12,150000,64,3.4,Yes,Poor Academic Performance
STU00690,SCH1090,Maharashtra,Pune,Rural,Female,OBC,15,11,300000,70,1.4,Yes,Health Issues
STU00691,SCH1054,Maharashtra,Aurangabad,Rural,Male,General,18,12,150000,69,6.3,Yes,Child Labour
STU00692,SCH1189,Madhya Pradesh,Indore,Urban,Male,OBC,12,8,75000,100,1.5,No,None
STU00693,SCH1107,Madhya Pradesh,Gwalior,Rural,Female,General,7,3,300000,88,3.2,No,None
STU00694,SCH1024,Uttar Pradesh,Kanpur,Rural,Male,SC,14,9,150000,85,4.9,Yes,Poor Academic Performance
STU00695,SCH1193,Madhya Pradesh,Jabalpur,Rural,Male,OBC,15,10,75000,64,6.2,Yes,Child Labour
STU00696,SCH1200,Rajasthan,Kota,Semi-Urban,Female,OBC,6,1,300000,62,4.7,No,None
STU00697,SCH1087,Madhya Pradesh,Gwalior,Rural,Female,ST,16,12,200000,84,6.0,Yes,Poverty
STU00698,SCH1228,Madhya Pradesh,Bhopal,Rural,Female,OBC,8,3,100000,78,4.0,No,None
STU00699,SCH1147,Maharashtra,Aurangabad,Urban,Female,OBC,17,12,300000,78,2.6,No,None
STU00700,SCH1234,Maharashtra,Nagpur,Urban,Female,SC,17,12,75000,80,3.0,Yes,Family Issues
STU00701,SCH1056,Rajasthan,Jaipur,Urban,Female,SC,10,5,50000,75,1.2,Yes,Poor Academic Performance
STU00702,SCH1035,Madhya Pradesh,Gwalior,Rural,Male,OBC,16,11,200000,51,6.3,Yes,Poverty
STU00703,SCH1131,Rajasthan,Jaipur,Rural,Male,General,9,3,50000,100,4.4,Yes,Family Issues
STU00704,SCH1146,Maharashtra,Nashik,Rural,Female,General,8,3,200000,91,4.7,No,None
STU00705,SCH1183,Madhya Pradesh,Jabalpur,Rural,Female,OBC,14,9,150000,81,0.8,No,None
STU00706,SCH1135,Uttar Pradesh,Agra,Rural,Male,General,15,10,100000,72,0.3,No,None
STU00707,SCH1004,Gujarat,Rajkot,Rural,Female,SC,16,11,150000,60,7.5,Yes,Lack of Transport
STU00708,SCH1062,Gujarat,Vadodara,Rural,Female,OBC,13,9,100000,50,3.4,Yes,Poverty
STU00709,SCH1052,Maharashtra,Nagpur,Rural,Male,OBC,12,7,200000,52,3.3,No,None
STU00710,SCH1139,Uttar Pradesh,Agra,Urban,Male,General,12,6,75000,64,4.9,Yes,Migration
STU00711,SCH1140,Maharashtra,Nagpur,Urban,Male,SC,6,1,50000,100,0.8,No,None
STU00712,SCH1019,Uttar Pradesh,Aligarh,Urban,Female,General,7,2,200000,61,3.3,No,None
STU00713,SCH1184,Madhya Pradesh,Indore,Rural,Female,General,18,12,150000,71,2.6,Yes,Lack of Transport
STU00714,SCH1228,Uttar Pradesh,Aligarh,Rural,Male,General,7,3,200000,63,5.5,No,None
STU00715,SCH1154,Madhya Pradesh,Jabalpur,Urban,Male,OBC,9,4,75000,76,2.4,No,None
STU00716,SCH1227,Madhya Pradesh,Bhopal,Rural,Male,ST,8,3,100000,76,4.7,No,None
STU00717,SCH1041,Uttar Pradesh,Agra,Rural,Male,SC,13,9,100000,85,4.6,Yes,Poor Academic Performance
STU00718,SCH1139,Gujarat,Vadodara,Urban,Female,OBC,7,2,200000,81,1.3,No,None
STU00719,SCH1249,Madhya Pradesh,Indore,Rural,Female,OBC,15,11,75000,76,3.6,Yes,Family Issues
STU00720,SCH1148,Rajasthan,Kota,Rural,Male,OBC,12,8,300000,84,6.6,No,None
STU00721,SCH1249,Gujarat,Vadodara,Urban,Female,General,14,10,200000,54,7.0,Yes,Poverty
STU00722,SCH1095,Gujarat,Rajkot,Rural,Female,General,11,6,300000,74,5.4,No,None
STU00723,SCH1001,Uttar Pradesh,Aligarh,Urban,Male,General,13,9,500000,92,5.1,No,None
STU00724,SCH1087,Madhya Pradesh,Indore,Rural,Female,General,11,7,100000,70,2.2,No,None
STU00725,SCH1015,Gujarat,Surat,Rural,Female,SC,7,1,75000,98,8.0,Yes,Lack of Transport
STU00726,SCH1116,Maharashtra,Aurangabad,Semi-Urban,Female,OBC,9,5,75000,68,1.9,No,None
STU00727,SCH1218,Madhya Pradesh,Bhopal,Rural,Male,ST,15,10,200000,73,2.3,Yes,Migration
STU00728,SCH1167,Gujarat,Ahmedabad,Semi-Urban,Female,OBC,10,5,150000,84,0.2,No,None
STU00729,SCH1123,Maharashtra,Aurangabad,Semi-Urban,Female,SC,8,4,150000,66,2.7,No,None
STU00730,SCH1138,Gujarat,Ahmedabad,Urban,Male,SC,10,5,100000,67,3.6,No,None
STU00731,SCH1063,Gujarat,Vadodara,Semi-Urban,Female,OBC,15,9,50000,85,2.9,No,None
STU00732,SCH1019,Gujarat,Vadodara,Rural,Female,General,9,5,100000,67,5.3,Yes,Poverty
STU00733,SCH1147,Maharashtra,Pune,Rural,Male,General,6,1,50000,61,4.9,Yes,Family Issues
STU00734,SCH1012,Maharashtra,Nagpur,Urban,Male,SC,16,10,50000,57,1.8,Yes,Poverty
STU00735,SCH1118,Maharashtra,Pune,Urban,Male,General,18,12,150000,73,2.4,No,None
STU00736,SCH1110,Madhya Pradesh,Jabalpur,Rural,Male,General,13,9,300000,60,7.3,Yes,Migration
STU00737,SCH1048,Maharashtra,Nagpur,Semi-Urban,Female,SC,14,9,300000,82,4.7,Yes,Family Issues
STU00738,SCH1234,Rajasthan,Jaipur,Urban,Female,General,15,9,300000,82,5.2,No,None
STU00739,SCH1032,Uttar Pradesh,Agra,Rural,Female,General,11,6,200000,65,4.0,No,None
STU00740,SCH1037,Rajasthan,Kota,Urban,Female,SC,7,2,100000,74,6.6,No,None
STU00741,SCH1192,Madhya Pradesh,Indore,Rural,Male,SC,8,3,200000,68,1.6,No,None
STU00742,SCH1204,Maharashtra,Aurangabad,Semi-Urban,Female,OBC,10,6,50000,87,5.7,No,None
STU00743,SCH1074,Rajasthan,Jaipur,Rural,Male,SC,14,9,75000,82,5.5,Yes,Family Issues
STU00744,SCH1250,Maharashtra,Nashik,Urban,Female,SC,18,12,150000,83,3.0,No,None
STU00745,SCH1250,Gujarat,Vadodara,Rural,Male,OBC,17,12,50000,96,3.7,Yes,Poverty
STU00746,SCH1019,Maharashtra,Pune,Urban,Male,SC,12,7,50000,96,2.2,No,None
STU00747,SCH1089,Uttar Pradesh,Agra,Semi-Urban,Other,OBC,12,7,300000,75,5.1,No,None
STU00748,SCH1236,Uttar Pradesh,Kanpur,Rural,Female,General,12,6,50000,84,3.2,Yes,Migration
STU00749,SCH1218,Madhya Pradesh,Bhopal,Urban,Female,OBC,10,4,75000,93,0.2,No,None
STU00750,SCH1142,Uttar Pradesh,Kanpur,Rural,Female,SC,12,7,50000,97,8.9,Yes,Lack of Interest
STU00751,SCH1249,Rajasthan,Jaipur,Urban,Female,SC,15,11,300000,100,0.2,No,None
STU00752,SCH1065,Rajasthan,Udaipur,Rural,Female,SC,11,5,200000,81,1.3,No,None
STU00753,SCH1243,Madhya Pradesh,Jabalpur,Urban,Female,OBC,14,9,75000,59,3.5,Yes,Poor Academic Performance
STU00754,SCH1019,Rajasthan,Jaipur,Rural,Female,OBC,17,12,50000,78,1.5,Yes,Lack of Transport
STU00755,SCH1045,Uttar Pradesh,Aligarh,Semi-Urban,Female,OBC,16,12,500000,89,3.5,No,None
STU00756,SCH1090,Madhya Pradesh,Jabalpur,Urban,Male,General,11,6,150000,92,5.3,No,None
STU00757,SCH1111,Rajasthan,Jodhpur,Urban,Female,SC,17,12,150000,65,1.6,Yes,Poverty
STU00758,SCH1028,Uttar Pradesh,Aligarh,Rural,Female,General,18,12,50000,72,3.4,Yes,Poverty
STU00759,SCH1238,Uttar Pradesh,Kanpur,Urban,Male,OBC,16,12,150000,59,2.7,No,None
STU00760,SCH1097,Gujarat,Surat,Semi-Urban,Female,OBC,13,7,75000,66,0.3,Yes,Poverty
STU00761,SCH1175,Madhya Pradesh,Gwalior,Rural,Female,OBC,18,12,500000,73,1.9,No,None
STU00762,SCH1214,Rajasthan,Udaipur,Urban,Female,SC,18,12,150000,64,4.4,No,None
STU00763,SCH1245,Madhya Pradesh,Indore,Urban,Male,OBC,17,11,75000,79,3.7,No,None
STU00764,SCH1125,Maharashtra,Nagpur,Semi-Urban,Male,OBC,17,12,75000,81,5.4,Yes,Lack of Interest
STU00765,SCH1015,Uttar Pradesh,Lucknow,Urban,Female,General,16,12,100000,52,3.2,Yes,Family Issues
STU00766,SCH1231,Madhya Pradesh,Indore,Rural,Female,General,11,6,200000,95,6.2,Yes,Poverty
STU00767,SCH1230,Uttar Pradesh,Aligarh,Urban,Female,General,16,10,75000,93,4.8,Yes,Family Issues
STU00768,SCH1234,Rajasthan,Jodhpur,Semi-Urban,Male,ST,12,8,100000,94,3.6,No,None
STU00769,SCH1117,Rajasthan,Jodhpur,Semi-Urban,Female,OBC,12,6,150000,67,5.9,No,None
STU00770,SCH1212,Maharashtra,Nashik,Urban,Male,SC,9,4,150000,72,2.3,No,None
STU00771,SCH1105,Rajasthan,Kota,Urban,Male,General,7,2,200000,83,2.3,No,None
STU00772,SCH1118,Uttar Pradesh,Kanpur,Rural,Male,ST,8,3,150000,80,0.2,No,None
STU00773,SCH1105,Maharashtra,Nagpur,Urban,Female,SC,15,9,100000,100,1.4,No,None
STU00774,SCH1129,Maharashtra,Nagpur,Semi-Urban,Male,OBC,12,6,100000,77,9.1,No,None
STU00775,SCH1200,Rajasthan,Jodhpur,Rural,Other,OBC,17,11,200000,59,1.5,Yes,Poverty
STU00776,SCH1024,Maharashtra,Nashik,Semi-Urban,Female,OBC,18,12,150000,95,2.7,No,None
STU00777,SCH1140,Madhya Pradesh,Jabalpur,Rural,Male,OBC,10,6,100000,81,2.3,No,None
STU00778,SCH1194,Gujarat,Rajkot,Rural,Male,OBC,17,12,300000,88,4.8,No,None
STU00779,SCH1023,Uttar Pradesh,Agra,Rural,Male,OBC,11,6,150000,64,4.9,No,None
STU00780,SCH1143,Gujarat,Surat,Rural,Male,General,12,7,150000,55,2.3,Yes,Family Issues
STU00781,SCH1233,Gujarat,Rajkot,Rural,Female,OBC,8,4,150000,61,0.2,No,None
STU00782,SCH1060,Maharashtra,Pune,Rural,Female,SC,11,7,50000,92,5.6,Yes,Lack of Transport
STU00783,SCH1149,Madhya Pradesh,Gwalior,Rural,Female,OBC,15,10,300000,48,3.4,Yes,Lack of Interest
STU00784,SCH1200,Rajasthan,Udaipur,Rural,Female,General,8,2,100000,92,4.4,No,None
STU00785,SCH1046,Rajasthan,Udaipur,Urban,Male,OBC,14,9,100000,66,2.3,No,None
STU00786,SCH1209,Uttar Pradesh,Kanpur,Semi-Urban,Female,OBC,14,10,200000,76,1.6,No,None
STU00787,SCH1158,Rajasthan,Jodhpur,Rural,Male,OBC,11,6,100000,69,4.3,No,None
STU00788,SCH1054,Gujarat,Surat,Rural,Female,General,11,5,75000,78,1.4,No,None
STU00789,SCH1052,Rajasthan,Udaipur,Urban,Male,ST,12,7,200000,64,2.5,No,None
STU00790,SCH1180,Madhya Pradesh,Gwalior,Urban,Female,SC,13,8,150000,70,4.6,No,None
STU00791,SCH1103,Rajasthan,Udaipur,Urban,Female,OBC,13,8,200000,46,3.3,No,None
STU00792,SCH1044,Madhya Pradesh,Indore,Rural,Male,General,13,8,200000,95,6.7,No,None
STU00793,SCH1203,Rajasthan,Jaipur,Urban,Female,OBC,9,4,500000,72,5.3,No,None
STU00794,SCH1104,Maharashtra,Pune,Rural,Female,General,8,4,150000,43,0.7,No,None
STU00795,SCH1170,Madhya Pradesh,Indore,Urban,Male,OBC,14,10,50000,75,2.9,Yes,Poverty
STU00796,SCH1199,Madhya Pradesh,Indore,Rural,Male,SC,11,5,75000,100,8.3,Yes,Poverty
STU00797,SCH1163,Gujarat,Rajkot,Rural,Male,SC,11,7,150000,58,6.8,Yes,Poverty
STU00798,SCH1033,Uttar Pradesh,Lucknow,Rural,Male,OBC,16,11,75000,89,0.2,Yes,Lack of Interest
STU00799,SCH1056,Rajasthan,Kota,Rural,Male,OBC,13,8,75000,60,2.6,Yes,Poverty
STU00800,SCH1048,Maharashtra,Aurangabad,Urban,Female,OBC,6,1,100000,77,3.4,No,None
STU00801,SCH1172,Uttar Pradesh,Lucknow,Rural,Male,General,18,12,75000,100,5.1,Yes,Poor Academic Performance
STU00802,SCH1103,Maharashtra,Nashik,Rural,Male,OBC,16,10,100000,78,3.0,No,None
STU00803,SCH1228,Gujarat,Ahmedabad,Urban,Male,SC,11,7,150000,97,1.8,No,None
STU00804,SCH1098,Madhya Pradesh,Gwalior,Rural,Female,ST,8,3,75000,73,0.6,Yes,Migration
STU00805,SCH1201,Madhya Pradesh,Indore,Rural,Female,SC,9,4,300000,80,0.2,No,None
STU00806,SCH1054,Maharashtra,Pune,Rural,Female,General,6,1,150000,79,5.9,No,None
STU00807,SCH1120,Madhya Pradesh,Jabalpur,Rural,Female,OBC,6,1,100000,91,1.5,No,None
STU00808,SCH1156,Rajasthan,Udaipur,Rural,Female,OBC,8,4,150000,100,5.0,No,None
STU00809,SCH1121,Rajasthan,Jaipur,Semi-Urban,Female,General,10,4,300000,100,4.0,No,None
STU00810,SCH1187,Maharashtra,Pune,Urban,Female,OBC,9,3,100000,95,2.9,No,None
STU00811,SCH1062,Maharashtra,Nashik,Urban,Female,SC,8,3,150000,98,3.6,No,None
STU00812,SCH1018,Uttar Pradesh,Aligarh,Rural,Female,OBC,18,12,200000,63,3.0,No,None
STU00813,SCH1183,Gujarat,Rajkot,Rural,Male,OBC,17,11,500000,98,3.7,No,None
STU00814,SCH1047,Uttar Pradesh,Agra,Rural,Female,OBC,10,6,100000,75,3.6,No,None
STU00815,SCH1151,Uttar Pradesh,Aligarh,Rural,Female,OBC,7,1,100000,90,5.3,No,None
STU00816,SCH1021,Madhya Pradesh,Bhopal,Rural,Male,SC,8,2,300000,90,2.5,No,None
STU00817,SCH1070,Gujarat,Rajkot,Semi-Urban,Male,OBC,13,8,200000,100,3.8,No,None
STU00818,SCH1093,Gujarat,Surat,Rural,Male,General,11,7,75000,93,4.0,Yes,Child Labour
STU00819,SCH1173,Uttar Pradesh,Kanpur,Semi-Urban,Male,OBC,6,1,300000,100,2.4,No,None
STU00820,SCH1171,Gujarat,Rajkot,Rural,Male,OBC,12,8,150000,100,4.8,No,None
STU00821,SCH1152,Gujarat,Surat,Rural,Male,OBC,7,3,75000,78,4.9,No,None
STU00822,SCH1075,Maharashtra,Pune,Rural,Female,OBC,18,12,75000,100,0.3,Yes,Poor Academic Performance
STU00823,SCH1093,Madhya Pradesh,Indore,Rural,Male,ST,6,2,200000,84,3.2,No,None
STU00824,SCH1218,Maharashtra,Pune,Urban,Male,SC,10,6,50000,51,1.4,Yes,Poor Academic Performance
STU00825,SCH1013,Madhya Pradesh,Jabalpur,Urban,Male,General,8,2,150000,81,3.5,No,None
STU00826,SCH1112,Uttar Pradesh,Kanpur,Rural,Female,SC,17,12,300000,84,8.8,Yes,Migration
STU00827,SCH1112,Maharashtra,Pune,Rural,Female,SC,7,2,300000,73,3.3,No,None
STU00828,SCH1140,Madhya Pradesh,Jabalpur,Rural,Male,OBC,15,10,100000,49,12.4,Yes,Poverty
STU00829,SCH1096,Maharashtra,Nashik,Urban,Female,General,8,3,200000,83,0.9,No,None
STU00830,SCH1014,Gujarat,Vadodara,Urban,Female,General,11,6,100000,77,2.0,No,None
STU00831,SCH1083,Maharashtra,Nagpur,Urban,Female,General,13,9,200000,60,1.6,No,None
STU00832,SCH1050,Uttar Pradesh,Agra,Rural,Male,SC,15,10,150000,66,3.3,Yes,Family Issues
STU00833,SCH1240,Madhya Pradesh,Gwalior,Urban,Female,OBC,12,7,150000,87,3.2,No,None
STU00834,SCH1246,Rajasthan,Udaipur,Semi-Urban,Female,SC,13,8,100000,93,0.2,No,None
STU00835,SCH1072,Maharashtra,Pune,Urban,Female,ST,18,12,75000,96,3.5,Yes,Health Issues
STU00836,SCH1008,Uttar Pradesh,Kanpur,Semi-Urban,Female,OBC,10,5,150000,100,7.2,No,None
STU00837,SCH1142,Uttar Pradesh,Aligarh,Rural,Male,SC,16,12,100000,66,5.2,Yes,Family Issues
STU00838,SCH1171,Maharashtra,Nagpur,Rural,Male,OBC,16,10,75000,88,7.7,Yes,Lack of Transport
STU00839,SCH1144,Madhya Pradesh,Gwalior,Semi-Urban,Female,General,14,8,200000,83,5.8,No,None
STU00840,SCH1211,Maharashtra,Nashik,Urban,Female,SC,17,11,300000,47,4.0,Yes,Migration
STU00841,SCH1039,Madhya Pradesh,Jabalpur,Rural,Male,SC,13,9,75000,62,8.7,Yes,Family Issues
STU00842,SCH1200,Gujarat,Vadodara,Rural,Male,OBC,9,4,100000,62,6.1,Yes,Child Labour
STU00843,SCH1126,Madhya Pradesh,Bhopal,Rural,Male,OBC,7,2,50000,56,5.7,Yes,Migration
STU00844,SCH1100,Uttar Pradesh,Lucknow,Urban,Female,General,8,3,50000,74,2.8,No,None
STU00845,SCH1003,Madhya Pradesh,Gwalior,Rural,Male,SC,11,7,50000,66,3.4,Yes,Child Labour
STU00846,SCH1058,Madhya Pradesh,Jabalpur,Semi-Urban,Female,OBC,12,7,200000,83,5.4,No,None
STU00847,SCH1084,Rajasthan,Kota,Rural,Female,OBC,10,5,500000,85,0.2,No,None
STU00848,SCH1036,Gujarat,Surat,Semi-Urban,Male,General,12,7,200000,86,0.5,No,None
STU00849,SCH1149,Uttar Pradesh,Kanpur,Semi-Urban,Male,OBC,17,11,150000,97,0.7,No,None
STU00850,SCH1048,Gujarat,Rajkot,Urban,Female,SC,6,1,200000,49,6.4,No,None
STU00851,SCH1195,Maharashtra,Nagpur,Rural,Female,OBC,17,12,50000,100,1.0,Yes,Child Labour
STU00852,SCH1069,Uttar Pradesh,Lucknow,Urban,Male,General,12,7,100000,55,2.0,No,None
STU00853,SCH1082,Madhya Pradesh,Bhopal,Urban,Female,OBC,17,12,50000,100,1.8,Yes,Poverty
STU00854,SCH1203,Gujarat,Vadodara,Rural,Male,OBC,11,6,50000,78,5.8,Yes,Poverty
STU00855,SCH1218,Madhya Pradesh,Jabalpur,Rural,Male,OBC,7,1,500000,70,5.5,No,None
STU00856,SCH1115,Rajasthan,Kota,Semi-Urban,Female,General,10,4,100000,76,2.8,No,None
STU00857,SCH1188,Uttar Pradesh,Aligarh,Urban,Male,General,14,9,75000,70,4.6,Yes,Lack of Interest
STU00858,SCH1178,Maharashtra,Nagpur,Urban,Male,ST,16,11,150000,70,3.6,No,None
STU00859,SCH1100,Madhya Pradesh,Bhopal,Rural,Female,General,9,5,200000,77,2.9,No,None
STU00860,SCH1010,Gujarat,Vadodara,Rural,Male,General,16,11,100000,77,5.9,Yes,Poverty
STU00861,SCH1022,Madhya Pradesh,Jabalpur,Semi-Urban,Male,General,11,6,200000,72,0.4,No,None
STU00862,SCH1118,Gujarat,Rajkot,Urban,Female,SC,11,7,300000,95,7.2,No,None
STU00863,SCH1088,Gujarat,Surat,Rural,Female,SC,18,12,75000,91,6.1,Yes,Lack of Interest
STU00864,SCH1121,Gujarat,Vadodara,Semi-Urban,Male,General,10,5,100000,45,2.9,No,None
STU00865,SCH1101,Madhya Pradesh,Indore,Semi-Urban,Male,OBC,8,4,50000,61,2.6,No,None
STU00866,SCH1040,Madhya Pradesh,Gwalior,Rural,Female,ST,15,10,200000,93,2.0,Yes,Family Issues
STU00867,SCH1136,Rajasthan,Jodhpur,Rural,Female,SC,11,6,150000,68,1.2,No,None
STU00868,SCH1131,Madhya Pradesh,Jabalpur,Rural,Female,General,15,10,200000,87,0.2,No,None
STU00869,SCH1237,Maharashtra,Aurangabad,Urban,Female,General,11,5,200000,74,7.2,No,None
STU00870,SCH1249,Madhya Pradesh,Jabalpur,Rural,Female,General,13,8,100000,98,2.4,No,None
STU00871,SCH1050,Rajasthan,Udaipur,Urban,Male,OBC,18,12,100000,47,0.5,No,None
STU00872,SCH1155,Uttar Pradesh,Kanpur,Urban,Male,OBC,9,5,75000,87,8.7,Yes,Family Issues
STU00873,SCH1101,Rajasthan,Jaipur,Semi-Urban,Female,General,15,11,75000,76,0.2,Yes,Child Labour
STU00874,SCH1144,Madhya Pradesh,Indore,Urban,Female,OBC,15,10,100000,68,8.7,Yes,Poverty
STU00875,SCH1072,Rajasthan,Jodhpur,Rural,Male,SC,8,3,150000,93,0.2,No,None
STU00876,SCH1227,Maharashtra,Pune,Urban,Female,OBC,15,11,300000,43,1.6,No,None
STU00877,SCH1059,Gujarat,Rajkot,Urban,Other,General,8,4,50000,86,3.9,No,None
STU00878,SCH1210,Madhya Pradesh,Jabalpur,Urban,Male,SC,12,7,75000,59,4.4,Yes,Migration
STU00879,SCH1200,Rajasthan,Jaipur,Urban,Male,ST,17,12,100000,96,6.9,No,None
STU00880,SCH1063,Maharashtra,Aurangabad,Rural,Male,OBC,18,12,150000,78,4.0,Yes,Poverty
STU00881,SCH1141,Maharashtra,Nashik,Urban,Female,OBC,14,9,100000,61,1.4,No,None
STU00882,SCH1106,Rajasthan,Udaipur,Semi-Urban,Male,OBC,7,3,200000,82,3.5,No,None
STU00883,SCH1249,Rajasthan,Jodhpur,Semi-Urban,Female,OBC,18,12,500000,80,6.0,No,None
STU00884,SCH1080,Rajasthan,Jaipur,Urban,Female,General,10,5,200000,95,1.4,No,None
STU00885,SCH1243,Uttar Pradesh,Agra,Urban,Male,SC,15,10,100000,72,6.0,No,None
STU00886,SCH1233,Rajasthan,Jodhpur,Urban,Male,OBC,11,5,75000,91,3.7,Yes,Poor Academic Performance
STU00887,SCH1057,Gujarat,Ahmedabad,Urban,Female,OBC,12,6,75000,67,5.1,No,None
STU00888,SCH1127,Gujarat,Rajkot,Rural,Male,OBC,18,12,150000,67,7.6,Yes,Lack of Interest
STU00889,SCH1180,Uttar Pradesh,Kanpur,Rural,Male,General,18,12,75000,87,5.4,Yes,Lack of Transport
STU00890,SCH1250,Rajasthan,Jaipur,Urban,Male,OBC,18,12,150000,69,3.0,No,None
STU00891,SCH1186,Maharashtra,Nashik,Urban,Female,OBC,9,5,75000,75,7.6,No,None
STU00892,SCH1151,Madhya Pradesh,Indore,Urban,Female,OBC,13,7,100000,70,3.0,No,None
STU00893,SCH1032,Rajasthan,Jodhpur,Urban,Female,OBC,12,7,200000,62,5.0,No,None
STU00894,SCH1092,Madhya Pradesh,Jabalpur,Rural,Female,OBC,11,6,150000,65,0.2,No,None
STU00895,SCH1066,Rajasthan,Jodhpur,Urban,Female,OBC,15,10,150000,68,10.3,Yes,Poverty
STU00896,SCH1245,Madhya Pradesh,Bhopal,Urban,Female,ST,16,11,100000,100,3.3,No,None
STU00897,SCH1047,Uttar Pradesh,Kanpur,Semi-Urban,Female,OBC,13,9,150000,76,0.2,No,None
STU00898,SCH1183,Gujarat,Surat,Semi-Urban,Male,SC,18,12,300000,69,0.2,No,None
STU00899,SCH1048,Rajasthan,Kota,Semi-Urban,Female,OBC,10,6,50000,96,5.2,No,None
STU00900,SCH1154,Maharashtra,Aurangabad,Urban,Female,General,16,11,75000,93,2.8,Yes,Lack of Transport
STU00901,SCH1241,Rajasthan,Udaipur,Urban,Male,SC,12,7,150000,68,1.4,No,None
STU00902,SCH1072,Maharashtra,Nashik,Rural,Female,OBC,17,12,50000,82,4.3,Yes,Migration
STU00903,SCH1164,Madhya Pradesh,Gwalior,Semi-Urban,Female,SC,12,8,150000,94,0.2,No,None
STU00904,SCH1214,Gujarat,Surat,Rural,Male,General,6,1,75000,60,4.5,Yes,Health Issues
STU00905,SCH1231,Rajasthan,Kota,Urban,Female,ST,8,3,50000,65,2.6,Yes,Poverty
STU00906,SCH1018,Maharashtra,Nashik,Rural,Female,OBC,15,11,50000,57,7.3,Yes,Poverty
STU00907,SCH1017,Maharashtra,Aurangabad,Rural,Male,OBC,13,8,200000,98,0.2,No,None
STU00908,SCH1163,Gujarat,Rajkot,Urban,Male,OBC,12,7,100000,64,4.8,No,None
STU00909,SCH1160,Uttar Pradesh,Lucknow,Rural,Male,General,6,1,100000,81,1.4,No,None
STU00910,SCH1159,Gujarat,Rajkot,Rural,Male,General,13,7,150000,100,4.8,No,None
STU00911,SCH1025,Gujarat,Vadodara,Rural,Female,OBC,11,7,200000,79,7.2,No,None
STU00912,SCH1140,Madhya Pradesh,Bhopal,Urban,Female,OBC,9,5,75000,96,8.8,Yes,Family Issues
STU00913,SCH1179,Uttar Pradesh,Kanpur,Semi-Urban,Male,OBC,6,2,100000,39,1.4,Yes,Lack of Transport
STU00914,SCH1146,Uttar Pradesh,Kanpur,Rural,Male,OBC,12,7,100000,61,3.0,No,None
STU00915,SCH1043,Madhya Pradesh,Jabalpur,Rural,Female,General,6,2,200000,90,1.1,No,None
STU00916,SCH1166,Gujarat,Rajkot,Urban,Male,SC,10,6,50000,64,4.1,Yes,Lack of Transport
STU00917,SCH1131,Gujarat,Ahmedabad,Urban,Female,OBC,18,12,150000,82,2.0,No,None
STU00918,SCH1175,Madhya Pradesh,Indore,Rural,Female,OBC,7,1,100000,72,6.8,No,None
STU00919,SCH1157,Uttar Pradesh,Agra,Urban,Female,SC,11,7,200000,83,0.2,No,None
STU00920,SCH1024,Uttar Pradesh,Lucknow,Urban,Male,SC,14,9,200000,79,3.0,No,None
STU00921,SCH1225,Madhya Pradesh,Jabalpur,Rural,Female,General,15,10,150000,95,6.4,Yes,Poverty
STU00922,SCH1105,Rajasthan,Jodhpur,Rural,Male,OBC,10,4,150000,80,5.3,No,None
STU00923,SCH1081,Uttar Pradesh,Kanpur,Rural,Female,SC,15,10,100000,51,0.3,Yes,Lack of Interest
STU00924,SCH1194,Madhya Pradesh,Bhopal,Rural,Female,General,12,8,50000,95,6.4,Yes,Child Labour
STU00925,SCH1082,Rajasthan,Jaipur,Semi-Urban,Male,SC,17,12,200000,91,1.1,No,None
STU00926,SCH1033,Gujarat,Vadodara,Semi-Urban,Male,OBC,6,1,100000,100,1.5,No,None
STU00927,SCH1146,Madhya Pradesh,Bhopal,Rural,Male,OBC,10,4,500000,84,0.2,No,None
STU00928,SCH1041,Gujarat,Surat,Rural,Female,ST,17,12,75000,100,7.3,Yes,Poverty
STU00929,SCH1212,Gujarat,Rajkot,Urban,Female,General,6,1,100000,56,3.9,No,None
STU00930,SCH1206,Gujarat,Rajkot,Semi-Urban,Female,SC,11,6,500000,76,6.4,No,None
STU00931,SCH1014,Rajasthan,Kota,Rural,Male,ST,17,11,100000,77,3.8,Yes,Migration
STU00932,SCH1146,Uttar Pradesh,Aligarh,Semi-Urban,Male,ST,8,4,300000,91,3.8,No,None
STU00933,SCH1038,Madhya Pradesh,Jabalpur,Rural,Female,OBC,17,12,100000,56,5.6,Yes,Poverty
STU00934,SCH1193,Gujarat,Surat,Urban,Female,General,7,2,300000,70,5.0,No,None
STU00935,SCH1038,Rajasthan,Udaipur,Urban,Female,SC,13,9,100000,58,4.1,Yes,Poverty
STU00936,SCH1026,Madhya Pradesh,Jabalpur,Urban,Female,OBC,16,11,300000,75,1.8,No,None
STU00937,SCH1155,Uttar Pradesh,Kanpur,Semi-Urban,Female,SC,12,6,500000,91,1.0,No,None
STU00938,SCH1157,Maharashtra,Nashik,Semi-Urban,Female,SC,7,3,200000,80,0.2,No,None
STU00939,SCH1111,Maharashtra,Pune,Semi-Urban,Female,OBC,14,9,300000,71,0.9,No,None
STU00940,SCH1179,Maharashtra,Nagpur,Urban,Male,OBC,8,3,100000,68,0.3,No,None
STU00941,SCH1042,Madhya Pradesh,Gwalior,Urban,Male,SC,16,10,300000,55,6.1,Yes,Family Issues
STU00942,SCH1111,Gujarat,Rajkot,Rural,Male,OBC,7,1,75000,89,3.6,Yes,Child Labour
STU00943,SCH1167,Madhya Pradesh,Indore,Urban,Female,OBC,12,6,150000,68,0.2,No,None
STU00944,SCH1190,Maharashtra,Aurangabad,Rural,Male,ST,11,7,500000,60,4.0,No,None
STU00945,SCH1188,Rajasthan,Jodhpur,Rural,Male,SC,10,5,500000,79,2.0,No,None
STU00946,SCH1137,Rajasthan,Kota,Urban,Male,General,17,12,100000,85,6.4,Yes,Family Issues
STU00947,SCH1173,Madhya Pradesh,Gwalior,Rural,Female,OBC,9,4,150000,75,2.9,No,None
STU00948,SCH1043,Madhya Pradesh,Jabalpur,Rural,Male,OBC,11,7,75000,79,1.7,No,None
STU00949,SCH1117,Rajasthan,Kota,Rural,Male,General,17,12,300000,59,3.3,Yes,Poverty
STU00950,SCH1058,Rajasthan,Jodhpur,Urban,Female,OBC,10,5,100000,79,4.9,No,None
STU00951,SCH1078,Rajasthan,Udaipur,Semi-Urban,Male,OBC,18,12,100000,86,0.6,No,None
STU00952,SCH1090,Uttar Pradesh,Agra,Rural,Female,SC,14,8,75000,82,2.9,Yes,Poor Academic Performance
STU00953,SCH1207,Rajasthan,Jodhpur,Urban,Male,SC,12,7,100000,100,6.6,No,None
STU00954,SCH1185,Rajasthan,Udaipur,Rural,Female,SC,14,8,75000,59,2.3,Yes,Lack of Interest
STU00955,SCH1101,Rajasthan,Kota,Semi-Urban,Female,SC,7,2,150000,81,6.4,No,None
STU00956,SCH1201,Gujarat,Rajkot,Urban,Female,OBC,15,9,300000,83,8.8,No,None
STU00957,SCH1191,Gujarat,Rajkot,Urban,Male,OBC,11,5,200000,71,7.5,No,None
STU00958,SCH1146,Maharashtra,Pune,Rural,Male,SC,16,10,75000,84,1.6,Yes,Family Issues
STU00959,SCH1004,Rajasthan,Kota,Rural,Male,General,17,12,300000,69,4.5,Yes,Poverty
STU00960,SCH1178,Madhya Pradesh,Gwalior,Urban,Female,OBC,12,7,150000,58,4.2,No,None
STU00961,SCH1106,Maharashtra,Nashik,Rural,Male,ST,13,8,100000,75,4.4,No,None
STU00962,SCH1124,Uttar Pradesh,Kanpur,Urban,Male,OBC,7,1,150000,78,6.0,No,None
STU00963,SCH1084,Uttar Pradesh,Lucknow,Rural,Male,SC,14,8,75000,71,2.4,Yes,Poverty
STU00964,SCH1030,Rajasthan,Jodhpur,Rural,Male,OBC,14,8,150000,68,1.1,No,None
STU00965,SCH1081,Gujarat,Vadodara,Urban,Female,General,18,12,300000,65,1.3,No,None
STU00966,SCH1077,Gujarat,Ahmedabad,Rural,Male,SC,16,12,75000,93,6.1,Yes,Migration
STU00967,SCH1202,Gujarat,Rajkot,Rural,Male,OBC,18,12,150000,83,2.9,Yes,Family Issues
STU00968,SCH1218,Madhya Pradesh,Jabalpur,Rural,Male,OBC,16,10,100000,68,2.7,Yes,Family Issues
STU00969,SCH1250,Uttar Pradesh,Lucknow,Rural,Male,OBC,12,7,200000,100,6.3,No,None
STU00970,SCH1051,Madhya Pradesh,Bhopal,Rural,Female,General,12,7,200000,66,1.4,No,None
STU00971,SCH1014,Rajasthan,Udaipur,Urban,Female,OBC,15,9,300000,79,6.4,No,None
STU00972,SCH1197,Maharashtra,Nagpur,Urban,Male,SC,12,7,100000,86,3.8,No,None
STU00973,SCH1232,Rajasthan,Udaipur,Urban,Female,ST,12,7,150000,99,0.2,No,None
STU00974,SCH1202,Madhya Pradesh,Indore,Rural,Female,OBC,11,7,100000,71,4.4,No,None
STU00975,SCH1209,Rajasthan,Jodhpur,Rural,Male,SC,14,9,100000,80,2.0,No,None
STU00976,SCH1227,Madhya Pradesh,Jabalpur,Rural,Female,General,8,3,150000,90,0.2,No,None
STU00977,SCH1033,Rajasthan,Jodhpur,Urban,Male,SC,8,4,300000,97,0.2,No,None
STU00978,SCH1041,Gujarat,Surat,Rural,Female,OBC,12,6,200000,49,0.2,Yes,Migration
STU00979,SCH1236,Madhya Pradesh,Indore,Rural,Male,OBC,18,12,75000,88,0.2,Yes,Poor Academic Performance
STU00980,SCH1115,Gujarat,Ahmedabad,Urban,Male,SC,7,2,200000,63,7.8,No,None
STU00981,SCH1240,Rajasthan,Jaipur,Rural,Male,OBC,9,4,500000,79,2.0,No,None
STU00982,SCH1153,Uttar Pradesh,Agra,Urban,Male,SC,7,2,300000,95,4.8,No,None
STU00983,SCH1077,Rajasthan,Udaipur,Urban,Female,ST,14,9,100000,85,6.0,No,None
STU00984,SCH1248,Uttar Pradesh,Lucknow,Urban,Female,OBC,15,10,100000,100,6.5,No,None
STU00985,SCH1250,Gujarat,Ahmedabad,Urban,Male,SC,16,12,200000,51,4.9,Yes,Poverty
STU00986,SCH1224,Uttar Pradesh,Lucknow,Rural,Female,OBC,14,8,200000,67,6.2,Yes,Lack of Transport
STU00987,SCH1075,Uttar Pradesh,Agra,Semi-Urban,Female,OBC,10,5,150000,55,3.6,No,None
STU00988,SCH1247,Uttar Pradesh,Lucknow,Rural,Male,OBC,8,3,500000,85,4.9,No,None
STU00989,SCH1130,Rajasthan,Jaipur,Urban,Female,SC,15,9,300000,34,0.6,Yes,Poverty
STU00990,SCH1172,Uttar Pradesh,Kanpur,Urban,Male,OBC,6,1,50000,96,5.4,No,None
STU00991,SCH1108,Rajasthan,Udaipur,Semi-Urban,Female,SC,16,11,200000,99,1.3,Yes,Poverty
STU00992,SCH1168,Maharashtra,Nashik,Urban,Female,SC,18,12,150000,77,0.2,No,None
STU00993,SCH1102,Madhya Pradesh,Bhopal,Semi-Urban,Female,General,13,7,200000,75,2.6,No,None
STU00994,SCH1077,Madhya Pradesh,Jabalpur,Rural,Female,OBC,17,12,50000,55,7.6,Yes,Child Labour
STU00995,SCH1156,Rajasthan,Jodhpur,Rural,Male,OBC,18,12,100000,79,5.7,Yes,Lack of Transport
STU00996,SCH1057,Rajasthan,Jaipur,Rural,Male,SC,8,3,200000,93,4.3,No,None
STU00997,SCH1195,Uttar Pradesh,Agra,Semi-Urban,Female,General,18,12,150000,94,3.2,No,None
STU00998,SCH1060,Madhya Pradesh,Jabalpur,Rural,Female,SC,17,11,200000,51,2.2,Yes,Poverty
STU00999,SCH1170,Uttar Pradesh,Lucknow,Rural,Female,ST,10,5,100000,83,5.0,No,None
STU01000,SCH1172,Rajasthan,Jaipur,Semi-Urban,Female,SC,7,2,200000,100,2.6,No,None
STU01001,SCH1139,Uttar Pradesh,Lucknow,Rural,Male,OBC,12,6,100000,70,5.7,No,None
STU01002,SCH1065,Uttar Pradesh,Kanpur,Urban,Male,OBC,15,11,50000,80,0.5,Yes,Lack of Transport
STU01003,SCH1136,Rajasthan,Kota,Semi-Urban,Female,OBC,15,10,150000,100,5.7,No,None
STU01004,SCH1047,Gujarat,Ahmedabad,Rural,Female,SC,12,6,50000,54,0.6,Yes,Child Labour
STU01005,SCH1031,Uttar Pradesh,Aligarh,Rural,Female,General,7,3,150000,83,4.1,No,None
STU01006,SCH1113,Madhya Pradesh,Gwalior,Urban,Other,General,17,12,75000,71,2.2,Yes,Migration
STU01007,SCH1186,Madhya Pradesh,Bhopal,Rural,Male,General,13,8,200000,75,5.5,No,None
STU01008,SCH1011,Madhya Pradesh,Gwalior,Rural,Female,General,15,10,75000,80,11.4,Yes,Migration
STU01009,SCH1149,Uttar Pradesh,Lucknow,Rural,Female,General,8,3,75000,75,7.4,Yes,Poor Academic Performance
STU01010,SCH1136,Uttar Pradesh,Agra,Semi-Urban,Female,General,14,8,150000,58,6.2,No,None
STU01011,SCH1078,Madhya Pradesh,Bhopal,Rural,Male,OBC,8,4,200000,82,5.3,No,None
STU01012,SCH1190,Madhya Pradesh,Bhopal,Urban,Male,General,17,12,75000,82,6.5,Yes,Poverty
STU01013,SCH1086,Gujarat,Surat,Urban,Male,SC,9,5,300000,66,0.2,No,None
STU01014,SCH1002,Gujarat,Rajkot,Urban,Female,OBC,10,5,200000,75,1.5,No,None
STU01015,SCH1008,Rajasthan,Kota,Urban,Female,OBC,9,4,75000,99,3.2,No,None
STU01016,SCH1242,Gujarat,Surat,Rural,Female,OBC,13,7,100000,89,3.8,No,None
STU01017,SCH1157,Madhya Pradesh,Jabalpur,Rural,Female,OBC,10,4,50000,75,4.0,Yes,Migration
STU01018,SCH1075,Gujarat,Rajkot,Semi-Urban,Female,SC,7,2,300000,86,8.0,No,None
STU01019,SCH1200,Rajasthan,Jodhpur,Urban,Female,General,6,1,300000,88,0.2,No,None
STU01020,SCH1241,Gujarat,Ahmedabad,Semi-Urban,Male,SC,9,4,50000,77,0.2,Yes,Lack of Interest
STU01021,SCH1116,Gujarat,Rajkot,Semi-Urban,Female,OBC,11,6,100000,74,7.7,No,None
STU01022,SCH1031,Uttar Pradesh,Aligarh,Urban,Male,SC,15,10,100000,92,0.2,Yes,Family Issues
STU01023,SCH1148,Uttar Pradesh,Aligarh,Rural,Female,OBC,17,12,75000,89,6.2,Yes,Lack of Interest
STU01024,SCH1190,Gujarat,Vadodara,Urban,Female,OBC,11,6,150000,75,0.2,No,None
STU01025,SCH1012,Gujarat,Rajkot,Urban,Female,SC,11,7,150000,100,7.3,Yes,Poverty
STU01026,SCH1124,Uttar Pradesh,Kanpur,Rural,Male,OBC,11,6,150000,82,1.4,No,None
STU01027,SCH1243,Rajasthan,Jaipur,Rural,Male,SC,12,6,100000,67,5.9,Yes,Lack of Transport
STU01028,SCH1068,Maharashtra,Aurangabad,Rural,Female,General,8,3,50000,100,3.9,Yes,Family Issues
STU01029,SCH1095,Rajasthan,Kota,Rural,Female,General,17,12,100000,55,1.7,Yes,Health Issues
STU01030,SCH1102,Gujarat,Rajkot,Rural,Other,OBC,8,4,75000,88,7.2,Yes,Poor Academic Performance
STU01031,SCH1222,Maharashtra,Nagpur,Rural,Male,General,9,5,300000,60,5.5,No,None
STU01032,SCH1078,Madhya Pradesh,Indore,Rural,Male,SC,12,6,150000,100,3.2,No,None
STU01033,SCH1023,Madhya Pradesh,Indore,Semi-Urban,Male,OBC,6,1,100000,91,0.2,No,None
STU01034,SCH1045,Uttar Pradesh,Aligarh,Urban,Female,OBC,9,4,200000,70,4.6,No,None
STU01035,SCH1246,Gujarat,Ahmedabad,Rural,Female,General,6,1,150000,73,1.1,Yes,Migration
STU01036,SCH1006,Gujarat,Vadodara,Rural,Female,OBC,9,4,100000,57,5.2,Yes,Health Issues
STU01037,SCH1149,Maharashtra,Pune,Urban,Female,OBC,9,4,100000,47,3.2,No,None
STU01038,SCH1058,Gujarat,Surat,Urban,Female,OBC,11,6,100000,70,4.1,No,None
STU01039,SCH1163,Maharashtra,Aurangabad,Urban,Male,ST,8,3,300000,51,5.1,No,None
STU01040,SCH1150,Madhya Pradesh,Gwalior,Semi-Urban,Male,OBC,7,2,150000,71,4.9,No,None
STU01041,SCH1104,Maharashtra,Pune,Urban,Female,OBC,9,5,75000,60,7.4,Yes,Lack of Transport
STU01042,SCH1190,Rajasthan,Jodhpur,Urban,Female,General,14,8,200000,75,4.1,No,None
STU01043,SCH1191,Maharashtra,Aurangabad,Urban,Female,OBC,8,3,300000,80,0.7,No,None
STU01044,SCH1220,Gujarat,Surat,Rural,Male,OBC,7,3,75000,100,4.6,Yes,Migration
STU01045,SCH1217,Maharashtra,Pune,Semi-Urban,Female,SC,13,8,50000,85,0.2,Yes,Poverty
STU01046,SCH1149,Gujarat,Vadodara,Semi-Urban,Female,ST,9,3,100000,50,5.4,No,None
STU01047,SCH1246,Rajasthan,Jodhpur,Urban,Male,General,15,9,150000,56,0.2,Yes,Migration
STU01048,SCH1025,Maharashtra,Pune,Urban,Male,OBC,7,2,300000,55,1.8,No,None
STU01049,SCH1031,Maharashtra,Nagpur,Rural,Male,OBC,17,12,300000,65,0.5,Yes,Lack of Interest
STU01050,SCH1056,Madhya Pradesh,Jabalpur,Rural,Other,OBC,8,2,100000,76,6.9,No,None
STU01051,SCH1194,Maharashtra,Nashik,Rural,Male,OBC,7,3,100000,90,0.3,No,None
STU01052,SCH1031,Rajasthan,Udaipur,Rural,Female,OBC,15,10,150000,90,0.3,No,None
STU01053,SCH1025,Uttar Pradesh,Lucknow,Rural,Male,OBC,6,1,150000,87,2.6,No,None
STU01054,SCH1196,Uttar Pradesh,Kanpur,Rural,Male,ST,8,2,75000,93,2.3,Yes,Poverty
STU01055,SCH1109,Rajasthan,Jaipur,Rural,Male,OBC,6,1,200000,78,5.7,No,None
STU01056,SCH1116,Maharashtra,Aurangabad,Semi-Urban,Female,SC,8,2,150000,91,2.8,No,None
STU01057,SCH1108,Madhya Pradesh,Bhopal,Semi-Urban,Male,OBC,11,7,200000,70,4.2,No,None
STU01058,SCH1106,Rajasthan,Jaipur,Urban,Male,ST,18,12,100000,93,2.7,No,None
STU01059,SCH1029,Gujarat,Ahmedabad,Urban,Female,OBC,18,12,150000,80,5.8,No,None
STU01060,SCH1087,Gujarat,Vadodara,Urban,Male,SC,13,7,300000,71,1.5,No,None
STU01061,SCH1106,Madhya Pradesh,Indore,Urban,Male,ST,10,5,50000,98,3.0,Yes,Poor Academic Performance
STU01062,SCH1032,Gujarat,Vadodara,Semi-Urban,Male,OBC,14,10,150000,83,5.0,No,None
STU01063,SCH1001,Madhya Pradesh,Bhopal,Rural,Female,OBC,9,4,200000,89,0.2,No,None
STU01064,SCH1081,Gujarat,Rajkot,Rural,Male,OBC,8,2,300000,75,2.7,No,None
STU01065,SCH1106,Gujarat,Vadodara,Rural,Female,General,9,4,50000,76,4.9,Yes,Poverty
STU01066,SCH1235,Maharashtra,Nagpur,Rural,Male,OBC,14,8,150000,63,4.9,No,None
STU01067,SCH1158,Gujarat,Vadodara,Rural,Male,SC,18,12,200000,38,1.4,Yes,Lack of Transport
STU01068,SCH1087,Madhya Pradesh,Jabalpur,Semi-Urban,Other,SC,15,10,75000,74,4.3,Yes,Family Issues
STU01069,SCH1160,Rajasthan,Kota,Semi-Urban,Male,OBC,18,12,150000,100,3.8,No,None
STU01070,SCH1052,Rajasthan,Kota,Urban,Male,OBC,15,9,75000,71,4.9,Yes,Family Issues
STU01071,SCH1246,Maharashtra,Aurangabad,Urban,Male,General,16,10,150000,81,4.1,No,None
STU01072,SCH1240,Gujarat,Rajkot,Urban,Female,OBC,16,10,150000,79,6.1,No,None
STU01073,SCH1198,Maharashtra,Pune,Rural,Male,OBC,15,9,150000,79,3.2,No,None
STU01074,SCH1030,Rajasthan,Jodhpur,Urban,Male,OBC,13,8,75000,93,2.5,No,None
STU01075,SCH1226,Maharashtra,Aurangabad,Rural,Male,General,11,7,150000,76,5.4,No,None
STU01076,SCH1173,Madhya Pradesh,Gwalior,Semi-Urban,Female,General,6,1,75000,79,1.8,No,None
STU01077,SCH1066,Gujarat,Ahmedabad,Rural,Female,SC,11,7,75000,100,3.8,Yes,Family Issues
STU01078,SCH1215,Maharashtra,Nashik,Urban,Female,General,13,7,75000,100,5.2,No,None
STU01079,SCH1240,Gujarat,Surat,Rural,Male,SC,7,3,200000,74,1.4,No,None
STU01080,SCH1166,Gujarat,Surat,Rural,Female,SC,12,7,200000,89,0.9,No,None
STU01081,SCH1082,Gujarat,Ahmedabad,Semi-Urban,Female,OBC,10,5,100000,71,5.6,No,None
STU01082,SCH1135,Uttar Pradesh,Aligarh,Rural,Female,General,8,3,50000,67,4.6,Yes,Migration
STU01083,SCH1006,Gujarat,Rajkot,Rural,Male,OBC,7,2,150000,52,4.4,No,None
STU01084,SCH1146,Uttar Pradesh,Lucknow,Semi-Urban,Male,OBC,10,5,50000,94,1.4,No,None
STU01085,SCH1212,Maharashtra,Nashik,Rural,Male,SC,13,8,75000,58,2.7,Yes,Poverty
STU01086,SCH1103,Gujarat,Rajkot,Semi-Urban,Male,SC,13,8,75000,82,2.6,Yes,Family Issues
STU01087,SCH1225,Uttar Pradesh,Kanpur,Rural,Female,General,16,10,150000,61,1.6,Yes,Lack of Transport
STU01088,SCH1069,Gujarat,Vadodara,Semi-Urban,Female,OBC,6,1,150000,65,3.2,No,None
STU01089,SCH1027,Maharashtra,Nashik,Rural,Male,OBC,6,2,100000,84,1.4,No,None
STU01090,SCH1013,Gujarat,Surat,Rural,Male,OBC,7,2,150000,61,1.8,No,None
STU01091,SCH1127,Madhya Pradesh,Jabalpur,Semi-Urban,Male,OBC,14,9,50000,75,3.7,Yes,Migration
STU01092,SCH1169,Madhya Pradesh,Bhopal,Rural,Female,OBC,11,6,300000,78,6.2,No,None
STU01093,SCH1235,Madhya Pradesh,Gwalior,Semi-Urban,Male,General,14,9,300000,90,3.4,No,None
STU01094,SCH1031,Madhya Pradesh,Indore,Semi-Urban,Male,General,17,11,150000,68,0.4,No,None
STU01095,SCH1038,Gujarat,Surat,Urban,Female,OBC,8,3,50000,86,8.3,Yes,Child Labour
STU01096,SCH1139,Rajasthan,Jaipur,Urban,Female,OBC,13,7,75000,56,2.3,Yes,Lack of Interest
STU01097,SCH1167,Madhya Pradesh,Indore,Urban,Male,ST,7,3,150000,65,3.6,No,None
STU01098,SCH1244,Madhya Pradesh,Indore,Semi-Urban,Male,OBC,6,2,75000,88,2.6,No,None
STU01099,SCH1107,Rajasthan,Jaipur,Rural,Male,OBC,17,11,50000,80,4.5,Yes,Lack of Interest
STU01100,SCH1110,Uttar Pradesh,Lucknow,Urban,Female,ST,8,4,150000,95,1.9,No,None
STU01101,SCH1018,Uttar Pradesh,Aligarh,Rural,Male,ST,16,11,75000,77,6.0,Yes,Poverty
STU01102,SCH1136,Uttar Pradesh,Kanpur,Rural,Female,OBC,16,11,500000,76,4.9,No,None
STU01103,SCH1223,Gujarat,Surat,Urban,Male,SC,11,6,100000,77,4.6,No,None
STU01104,SCH1248,Uttar Pradesh,Kanpur,Urban,Female,General,12,7,75000,80,5.8,No,None
STU01105,SCH1101,Gujarat,Surat,Rural,Female,OBC,8,3,300000,65,4.3,No,None
STU01106,SCH1075,Maharashtra,Nashik,Rural,Female,OBC,7,2,200000,84,7.2,No,None
STU01107,SCH1232,Maharashtra,Aurangabad,Urban,Male,OBC,17,12,200000,57,1.3,Yes,Poverty
STU01108,SCH1143,Maharashtra,Nagpur,Rural,Female,SC,15,10,50000,86,2.6,Yes,Migration
STU01109,SCH1204,Maharashtra,Aurangabad,Urban,Male,ST,6,1,150000,80,4.7,No,None
STU01110,SCH1242,Rajasthan,Jodhpur,Rural,Male,OBC,13,7,150000,63,0.2,No,None
STU01111,SCH1036,Rajasthan,Jodhpur,Semi-Urban,Male,General,17,12,500000,90,4.3,No,None
STU01112,SCH1221,Maharashtra,Nagpur,Rural,Female,SC,16,11,500000,53,0.6,Yes,Poverty
STU01113,SCH1240,Maharashtra,Nashik,Rural,Female,OBC,10,6,500000,54,4.5,No,None
STU01114,SCH1119,Gujarat,Ahmedabad,Semi-Urban,Female,OBC,11,5,75000,56,3.8,Yes,Family Issues
STU01115,SCH1062,Rajasthan,Kota,Rural,Male,OBC,9,4,150000,67,2.9,No,None
STU01116,SCH1076,Uttar Pradesh,Aligarh,Rural,Female,SC,16,12,150000,68,0.2,Yes,Poor Academic Performance
STU01117,SCH1192,Maharashtra,Nashik,Rural,Male,OBC,16,10,100000,69,0.4,Yes,Family Issues
STU01118,SCH1130,Gujarat,Rajkot,Rural,Male,General,7,3,150000,74,4.2,Yes,Child Labour
STU01119,SCH1236,Rajasthan,Kota,Semi-Urban,Male,General,7,2,150000,100,4.1,No,None
STU01120,SCH1170,Rajasthan,Udaipur,Urban,Female,ST,10,5,100000,94,2.8,No,None
STU01121,SCH1061,Uttar Pradesh,Lucknow,Semi-Urban,Male,OBC,10,4,200000,90,4.2,No,None
STU01122,SCH1173,Madhya Pradesh,Jabalpur,Urban,Female,ST,18,12,75000,92,4.3,Yes,Poverty
STU01123,SCH1246,Madhya Pradesh,Jabalpur,Urban,Female,SC,10,4,50000,75,1.6,No,None
STU01124,SCH1127,Gujarat,Vadodara,Urban,Male,OBC,18,12,200000,91,5.5,No,None
STU01125,SCH1087,Madhya Pradesh,Jabalpur,Rural,Female,OBC,15,10,75000,68,6.9,Yes,Family Issues
STU01126,SCH1147,Rajasthan,Kota,Urban,Male,OBC,15,10,500000,82,3.4,No,None
STU01127,SCH1224,Madhya Pradesh,Indore,Urban,Male,OBC,16,10,75000,74,1.7,Yes,Poverty
STU01128,SCH1007,Uttar Pradesh,Kanpur,Rural,Male,OBC,18,12,50000,86,3.3,Yes,Lack of Transport
STU01129,SCH1097,Rajasthan,Jaipur,Rural,Male,OBC,13,8,200000,100,0.9,No,None
STU01130,SCH1154,Maharashtra,Aurangabad,Urban,Female,General,15,9,75000,73,6.9,Yes,Migration
STU01131,SCH1107,Uttar Pradesh,Kanpur,Semi-Urban,Male,OBC,15,11,150000,76,7.8,No,None
STU01132,SCH1196,Uttar Pradesh,Kanpur,Urban,Male,SC,10,5,200000,85,4.5,No,None
STU01133,SCH1057,Madhya Pradesh,Bhopal,Urban,Male,General,6,1,150000,75,5.4,No,None
STU01134,SCH1031,Gujarat,Surat,Rural,Female,OBC,8,3,300000,78,3.4,No,None
STU01135,SCH1250,Madhya Pradesh,Bhopal,Rural,Male,OBC,11,5,75000,89,5.6,Yes,Migration
STU01136,SCH1234,Madhya Pradesh,Bhopal,Rural,Female,OBC,6,2,75000,73,1.1,Yes,Migration
STU01137,SCH1075,Maharashtra,Pune,Rural,Female,General,7,3,300000,77,0.7,No,None
STU01138,SCH1221,Uttar Pradesh,Lucknow,Rural,Male,OBC,8,4,100000,68,1.3,Yes,Poverty
STU01139,SCH1131,Maharashtra,Nagpur,Urban,Female,SC,8,2,150000,82,4.9,No,None
STU01140,SCH1085,Maharashtra,Aurangabad,Rural,Male,OBC,15,10,150000,83,7.6,Yes,Lack of Interest
STU01141,SCH1174,Uttar Pradesh,Agra,Urban,Female,OBC,13,8,300000,72,3.0,No,None
STU01142,SCH1001,Maharashtra,Aurangabad,Rural,Female,SC,8,3,150000,76,3.9,Yes,Poverty
STU01143,SCH1226,Uttar Pradesh,Aligarh,Rural,Female,SC,18,12,150000,75,4.4,Yes,Poor Academic Performance
STU01144,SCH1020,Uttar Pradesh,Aligarh,Rural,Male,ST,7,2,100000,96,5.2,No,None
STU01145,SCH1049,Rajasthan,Jaipur,Semi-Urban,Female,General,10,4,100000,57,1.2,No,None
STU01146,SCH1173,Maharashtra,Pune,Rural,Female,OBC,8,3,100000,60,1.8,No,None
STU01147,SCH1114,Madhya Pradesh,Bhopal,Urban,Female,General,13,8,100000,54,5.3,No,None
STU01148,SCH1240,Madhya Pradesh,Indore,Rural,Male,ST,8,4,75000,65,8.0,Yes,Poverty
STU01149,SCH1109,Rajasthan,Udaipur,Urban,Male,SC,14,9,100000,73,1.5,No,None
STU01150,SCH1073,Rajasthan,Udaipur,Urban,Female,OBC,8,4,75000,67,4.1,Yes,Lack of Interest
STU01151,SCH1007,Uttar Pradesh,Kanpur,Rural,Female,General,13,7,150000,99,3.4,No,None
STU01152,SCH1116,Uttar Pradesh,Lucknow,Semi-Urban,Male,OBC,16,10,150000,93,4.8,No,None
STU01153,SCH1044,Madhya Pradesh,Indore,Rural,Female,OBC,16,10,300000,68,3.0,Yes,Health Issues
STU01154,SCH1194,Maharashtra,Nagpur,Semi-Urban,Male,OBC,7,2,200000,97,2.6,No,None
STU01155,SCH1124,Uttar Pradesh,Aligarh,Semi-Urban,Female,General,16,10,100000,77,1.0,No,None
STU01156,SCH1064,Madhya Pradesh,Indore,Semi-Urban,Male,SC,12,7,150000,62,6.7,No,None
STU01157,SCH1038,Rajasthan,Jaipur,Rural,Other,General,17,11,100000,100,0.2,No,None
STU01158,SCH1174,Madhya Pradesh,Bhopal,Rural,Female,General,10,5,100000,83,5.2,No,None
STU01159,SCH1185,Rajasthan,Kota,Rural,Male,OBC,16,12,50000,91,3.7,Yes,Family Issues
STU01160,SCH1135,Madhya Pradesh,Bhopal,Rural,Female,General,17,11,200000,91,0.2,Yes,Lack of Transport
STU01161,SCH1002,Maharashtra,Nashik,Semi-Urban,Female,OBC,12,8,50000,85,0.8,No,None
STU01162,SCH1249,Uttar Pradesh,Lucknow,Semi-Urban,Male,OBC,18,12,200000,55,2.7,Yes,Poverty
STU01163,SCH1236,Maharashtra,Nashik,Semi-Urban,Female,General,7,2,100000,77,3.0,No,None
STU01164,SCH1181,Uttar Pradesh,Aligarh,Semi-Urban,Female,SC,9,3,100000,100,4.2,No,None
STU01165,SCH1031,Uttar Pradesh,Kanpur,Rural,Female,OBC,18,12,150000,83,3.3,No,None
STU01166,SCH1137,Uttar Pradesh,Kanpur,Rural,Female,General,7,3,75000,100,0.2,Yes,Poverty
STU01167,SCH1232,Maharashtra,Nagpur,Rural,Female,OBC,10,6,150000,77,4.0,No,None
STU01168,SCH1083,Maharashtra,Nashik,Semi-Urban,Female,General,11,6,150000,63,1.3,No,None
STU01169,SCH1233,Rajasthan,Udaipur,Rural,Male,OBC,17,12,75000,85,1.5,Yes,Poor Academic Performance
STU01170,SCH1031,Uttar Pradesh,Agra,Semi-Urban,Female,OBC,17,12,75000,52,5.1,Yes,Lack of Interest
STU01171,SCH1125,Gujarat,Ahmedabad,Urban,Male,OBC,8,3,300000,72,5.2,No,None
STU01172,SCH1084,Rajasthan,Jaipur,Rural,Female,General,16,12,75000,71,1.2,Yes,Poverty
STU01173,SCH1065,Maharashtra,Aurangabad,Rural,Female,General,18,12,300000,68,2.9,Yes,Family Issues
STU01174,SCH1231,Rajasthan,Kota,Urban,Male,OBC,13,8,50000,100,1.1,No,None
STU01175,SCH1159,Rajasthan,Kota,Rural,Female,General,7,3,75000,57,7.9,Yes,Family Issues
STU01176,SCH1226,Uttar Pradesh,Kanpur,Urban,Male,OBC,16,10,500000,95,4.4,No,None
STU01177,SCH1242,Gujarat,Vadodara,Urban,Female,OBC,12,8,50000,59,1.7,Yes,Poverty
STU01178,SCH1194,Rajasthan,Jaipur,Rural,Female,General,11,7,200000,44,5.7,Yes,Migration
STU01179,SCH1183,Madhya Pradesh,Bhopal,Rural,Female,SC,12,7,75000,100,0.2,Yes,Poverty
STU01180,SCH1142,Maharashtra,Pune,Urban,Female,OBC,13,8,100000,49,3.8,No,None
STU01181,SCH1131,Uttar Pradesh,Agra,Rural,Male,OBC,14,9,200000,78,3.9,No,None
STU01182,SCH1014,Madhya Pradesh,Indore,Urban,Male,OBC,9,4,150000,97,5.1,No,None
STU01183,SCH1211,Madhya Pradesh,Jabalpur,Semi-Urban,Male,General,15,10,50000,49,2.5,Yes,Poverty
STU01184,SCH1053,Gujarat,Ahmedabad,Rural,Male,OBC,14,10,75000,89,5.6,Yes,Migration
STU01185,SCH1046,Gujarat,Ahmedabad,Urban,Female,ST,14,9,150000,72,2.9,No,None
STU01186,SCH1054,Madhya Pradesh,Gwalior,Urban,Female,General,12,7,150000,53,6.1,No,None
STU01187,SCH1185,Rajasthan,Jodhpur,Urban,Male,General,17,12,200000,95,0.4,No,None
STU01188,SCH1203,Uttar Pradesh,Agra,Rural,Female,ST,16,10,150000,65,6.3,Yes,Migration
STU01189,SCH1014,Rajasthan,Udaipur,Urban,Female,SC,18,12,150000,82,0.2,Yes,Migration
STU01190,SCH1042,Uttar Pradesh,Kanpur,Rural,Female,General,8,4,300000,84,6.2,No,None
STU01191,SCH1194,Madhya Pradesh,Bhopal,Rural,Male,OBC,14,8,150000,87,8.9,No,None
STU01192,SCH1185,Madhya Pradesh,Indore,Urban,Female,General,17,12,50000,77,0.9,Yes,Health Issues
STU01193,SCH1050,Maharashtra,Nashik,Rural,Female,OBC,14,9,50000,49,3.3,Yes,Lack of Transport
STU01194,SCH1098,Uttar Pradesh,Kanpur,Semi-Urban,Male,SC,15,9,200000,96,2.9,No,None
STU01195,SCH1208,Uttar Pradesh,Aligarh,Rural,Male,SC,11,7,100000,57,4.0,Yes,Migration
STU01196,SCH1114,Uttar Pradesh,Agra,Rural,Male,General,10,6,75000,60,4.6,Yes,Poverty
STU01197,SCH1173,Madhya Pradesh,Indore,Rural,Male,OBC,17,12,75000,83,4.5,Yes,Child Labour
STU01198,SCH1034,Maharashtra,Nashik,Urban,Male,SC,6,2,200000,100,3.1,No,None
STU01199,SCH1245,Gujarat,Rajkot,Urban,Male,OBC,15,10,150000,84,0.6,No,None
STU01200,SCH1119,Maharashtra,Aurangabad,Rural,Male,OBC,18,12,50000,98,0.5,Yes,Migration
STU01201,SCH1097,Rajasthan,Jaipur,Rural,Female,SC,7,2,500000,96,4.9,No,None
STU01202,SCH1117,Uttar Pradesh,Aligarh,Urban,Female,ST,15,9,200000,76,5.4,No,None
STU01203,SCH1213,Gujarat,Vadodara,Rural,Male,SC,17,12,75000,73,4.7,Yes,Family Issues
STU01204,SCH1085,Gujarat,Ahmedabad,Semi-Urban,Male,SC,14,8,200000,76,4.4,No,None
STU01205,SCH1103,Gujarat,Ahmedabad,Rural,Male,SC,15,10,300000,73,0.5,Yes,Migration
STU01206,SCH1140,Maharashtra,Aurangabad,Rural,Male,General,13,8,100000,100,0.6,No,None
STU01207,SCH1117,Rajasthan,Jaipur,Semi-Urban,Female,OBC,7,3,100000,79,0.2,No,None
STU01208,SCH1046,Gujarat,Surat,Urban,Male,OBC,13,8,200000,68,3.5,No,None
STU01209,SCH1204,Uttar Pradesh,Lucknow,Urban,Female,General,8,2,100000,65,7.1,No,None
STU01210,SCH1060,Uttar Pradesh,Lucknow,Rural,Female,General,13,8,150000,86,4.8,No,None
STU01211,SCH1019,Rajasthan,Kota,Rural,Female,SC,7,3,50000,53,9.6,Yes,Poverty
STU01212,SCH1133,Rajasthan,Jodhpur,Rural,Male,ST,17,12,100000,93,2.6,No,None
STU01213,SCH1180,Maharashtra,Nashik,Urban,Male,OBC,16,11,75000,89,4.3,Yes,Health Issues
STU01214,SCH1109,Uttar Pradesh,Lucknow,Urban,Female,SC,13,7,200000,100,0.4,No,None
STU01215,SCH1145,Uttar Pradesh,Kanpur,Rural,Male,OBC,17,12,100000,98,3.3,No,None
STU01216,SCH1040,Rajasthan,Kota,Semi-Urban,Male,General,16,12,150000,55,7.2,Yes,Migration
STU01217,SCH1041,Rajasthan,Kota,Rural,Female,OBC,9,5,500000,60,0.2,No,None
STU01218,SCH1249,Rajasthan,Kota,Rural,Male,OBC,12,6,75000,66,2.2,Yes,Health Issues
STU01219,SCH1243,Uttar Pradesh,Agra,Urban,Female,OBC,6,1,100000,72,5.1,No,None
STU01220,SCH1192,Rajasthan,Jaipur,Urban,Male,OBC,17,11,50000,72,0.2,Yes,Poor Academic Performance
STU01221,SCH1182,Gujarat,Surat,Urban,Female,OBC,12,8,300000,100,0.2,No,None
STU01222,SCH1015,Rajasthan,Udaipur,Urban,Female,OBC,18,12,150000,64,3.2,No,None
STU01223,SCH1096,Uttar Pradesh,Kanpur,Rural,Female,SC,7,3,150000,70,8.3,Yes,Poor Academic Performance
STU01224,SCH1206,Rajasthan,Udaipur,Urban,Male,General,18,12,200000,88,5.1,No,None
STU01225,SCH1090,Gujarat,Ahmedabad,Urban,Female,OBC,15,10,200000,85,6.6,No,None
STU01226,SCH1120,Maharashtra,Nagpur,Rural,Female,SC,15,10,150000,73,2.1,Yes,Poverty
STU01227,SCH1079,Gujarat,Surat,Urban,Male,SC,14,8,150000,63,1.6,No,None
STU01228,SCH1158,Rajasthan,Jaipur,Urban,Female,SC,16,11,300000,79,3.5,No,None
STU01229,SCH1210,Uttar Pradesh,Lucknow,Urban,Male,General,9,4,150000,67,6.1,No,None
STU01230,SCH1081,Rajasthan,Udaipur,Rural,Male,General,10,5,150000,93,0.2,No,None
STU01231,SCH1013,Gujarat,Vadodara,Urban,Male,OBC,11,7,150000,81,7.1,No,None
STU01232,SCH1001,Gujarat,Ahmedabad,Urban,Female,SC,9,5,50000,82,1.1,No,None
STU01233,SCH1053,Uttar Pradesh,Lucknow,Urban,Female,General,15,10,100000,86,5.1,No,None
STU01234,SCH1027,Madhya Pradesh,Jabalpur,Rural,Female,General,13,8,200000,100,5.2,No,None
STU01235,SCH1146,Uttar Pradesh,Lucknow,Urban,Male,SC,18,12,300000,67,1.5,No,None
STU01236,SCH1066,Maharashtra,Pune,Rural,Male,SC,12,6,75000,64,5.3,Yes,Poverty
STU01237,SCH1250,Rajasthan,Jaipur,Rural,Female,ST,7,3,300000,99,3.2,No,None
STU01238,SCH1028,Uttar Pradesh,Lucknow,Urban,Female,General,15,11,75000,87,0.2,Yes,Poverty
STU01239,SCH1227,Uttar Pradesh,Aligarh,Rural,Female,OBC,7,2,300000,60,3.8,No,None
STU01240,SCH1121,Maharashtra,Nagpur,Rural,Other,OBC,17,11,500000,70,3.2,Yes,Poverty
STU01241,SCH1185,Rajasthan,Jodhpur,Urban,Male,OBC,6,1,150000,100,0.2,No,None
STU01242,SCH1248,Uttar Pradesh,Aligarh,Rural,Male,SC,6,2,100000,58,0.7,Yes,Child Labour
STU01243,SCH1205,Uttar Pradesh,Agra,Semi-Urban,Female,General,13,7,50000,88,0.2,No,None
STU01244,SCH1156,Uttar Pradesh,Aligarh,Rural,Female,OBC,10,6,500000,82,0.2,No,None
STU01245,SCH1091,Madhya Pradesh,Bhopal,Urban,Female,General,11,7,150000,87,4.7,No,None
STU01246,SCH1157,Maharashtra,Nagpur,Urban,Male,ST,12,7,75000,82,4.6,Yes,Lack of Transport
STU01247,SCH1116,Gujarat,Rajkot,Urban,Female,SC,8,3,200000,58,4.4,No,None
STU01248,SCH1230,Rajasthan,Jaipur,Urban,Female,General,10,4,100000,63,5.3,No,None
STU01249,SCH1235,Madhya Pradesh,Jabalpur,Rural,Female,OBC,10,6,300000,60,4.6,No,None
STU01250,SCH1116,Maharashtra,Nashik,Rural,Male,ST,18,12,150000,90,3.2,Yes,Health Issues
STU01251,SCH1085,Uttar Pradesh,Agra,Semi-Urban,Female,SC,8,3,200000,75,1.6,No,None
STU01252,SCH1197,Uttar Pradesh,Aligarh,Rural,Female,OBC,9,3,75000,43,6.8,Yes,Migration
STU01253,SCH1107,Rajasthan,Jodhpur,Rural,Female,SC,16,11,75000,52,6.0,Yes,Family Issues
STU01254,SCH1077,Madhya Pradesh,Jabalpur,Rural,Female,SC,13,9,200000,81,4.4,No,None
STU01255,SCH1010,Uttar Pradesh,Aligarh,Semi-Urban,Male,OBC,17,12,100000,77,5.6,No,None
STU01256,SCH1166,Gujarat,Surat,Urban,Female,General,8,3,50000,74,3.8,Yes,Family Issues
STU01257,SCH1166,Maharashtra,Nagpur,Rural,Female,OBC,16,11,150000,83,0.5,No,None
STU01258,SCH1102,Maharashtra,Nashik,Rural,Male,OBC,8,4,300000,93,4.6,No,None
STU01259,SCH1073,Maharashtra,Aurangabad,Rural,Male,General,10,5,100000,96,4.0,No,None
STU01260,SCH1022,Madhya Pradesh,Bhopal,Rural,Female,General,9,3,100000,62,5.7,Yes,Child Labour
STU01261,SCH1173,Madhya Pradesh,Bhopal,Urban,Male,SC,14,8,300000,100,0.2,No,None
STU01262,SCH1084,Madhya Pradesh,Jabalpur,Rural,Female,General,7,2,150000,68,2.6,No,None
STU01263,SCH1097,Maharashtra,Aurangabad,Urban,Female,SC,13,8,200000,63,4.0,No,None
STU01264,SCH1196,Rajasthan,Kota,Rural,Female,ST,8,3,300000,86,6.2,Yes,Poverty
STU01265,SCH1149,Gujarat,Surat,Rural,Male,OBC,9,4,75000,75,0.2,Yes,Family Issues
STU01266,SCH1239,Uttar Pradesh,Aligarh,Urban,Male,ST,11,6,150000,57,7.1,No,None
STU01267,SCH1206,Rajasthan,Jodhpur,Urban,Male,OBC,9,5,100000,80,7.6,No,None
STU01268,SCH1101,Gujarat,Vadodara,Urban,Male,OBC,11,7,300000,40,4.6,Yes,Migration
STU01269,SCH1073,Uttar Pradesh,Lucknow,Urban,Male,General,8,3,150000,74,6.0,No,None
STU01270,SCH1081,Maharashtra,Nagpur,Urban,Female,General,8,3,50000,94,2.6,No,None
STU01271,SCH1217,Gujarat,Surat,Urban,Male,OBC,6,1,75000,71,2.6,No,None
STU01272,SCH1167,Maharashtra,Nagpur,Urban,Male,SC,9,5,150000,80,0.2,No,None
STU01273,SCH1204,Rajasthan,Jaipur,Rural,Male,General,9,3,100000,70,4.2,No,None
STU01274,SCH1110,Madhya Pradesh,Indore,Semi-Urban,Male,OBC,13,8,75000,69,0.3,No,None
STU01275,SCH1102,Uttar Pradesh,Aligarh,Urban,Male,ST,18,12,300000,78,5.9,No,None
STU01276,SCH1169,Maharashtra,Pune,Rural,Male,OBC,17,12,150000,53,2.8,Yes,Lack of Transport
STU01277,SCH1040,Uttar Pradesh,Aligarh,Semi-Urban,Male,SC,14,9,500000,76,4.0,No,None
STU01278,SCH1138,Rajasthan,Jodhpur,Urban,Female,General,17,12,100000,93,1.1,No,None
STU01279,SCH1138,Maharashtra,Aurangabad,Rural,Female,OBC,15,10,200000,74,4.8,Yes,Migration
STU01280,SCH1141,Rajasthan,Jaipur,Rural,Male,SC,8,3,100000,74,3.3,No,None
STU01281,SCH1196,Madhya Pradesh,Jabalpur,Urban,Male,General,12,6,100000,82,6.9,No,None
STU01282,SCH1224,Gujarat,Rajkot,Rural,Male,ST,16,11,200000,61,0.6,Yes,Lack of Transport
STU01283,SCH1200,Gujarat,Vadodara,Urban,Female,SC,10,5,150000,100,2.7,No,None
STU01284,SCH1100,Maharashtra,Nagpur,Rural,Male,OBC,17,11,200000,95,1.9,No,None
STU01285,SCH1145,Rajasthan,Kota,Semi-Urban,Male,SC,15,11,100000,79,3.7,No,None
STU01286,SCH1116,Gujarat,Surat,Semi-Urban,Female,OBC,7,1,200000,59,3.0,Yes,Family Issues
STU01287,SCH1239,Gujarat,Surat,Semi-Urban,Male,ST,9,4,50000,74,0.7,Yes,Child Labour
STU01288,SCH1036,Uttar Pradesh,Agra,Urban,Male,ST,13,9,300000,90,5.0,No,None
STU01289,SCH1120,Gujarat,Ahmedabad,Semi-Urban,Other,SC,14,9,200000,83,5.2,No,None
STU01290,SCH1133,Gujarat,Rajkot,Rural,Female,OBC,18,12,75000,71,5.1,Yes,Poverty
STU01291,SCH1035,Maharashtra,Nagpur,Urban,Female,OBC,16,10,50000,79,9.3,Yes,Lack of Interest
STU01292,SCH1080,Rajasthan,Jaipur,Rural,Male,General,17,11,150000,64,6.6,Yes,Family Issues
STU01293,SCH1138,Rajasthan,Jaipur,Rural,Male,OBC,9,3,200000,83,3.7,No,None
STU01294,SCH1066,Madhya Pradesh,Bhopal,Urban,Male,General,15,9,100000,80,3.4,No,None
STU01295,SCH1242,Rajasthan,Jodhpur,Rural,Female,OBC,8,3,100000,58,6.6,Yes,Child Labour
STU01296,SCH1065,Gujarat,Vadodara,Semi-Urban,Other,SC,11,5,75000,85,3.5,No,None
STU01297,SCH1101,Uttar Pradesh,Agra,Rural,Male,OBC,17,11,50000,83,6.0,Yes,Health Issues
STU01298,SCH1180,Uttar Pradesh,Kanpur,Rural,Female,OBC,15,11,300000,84,2.8,No,None
STU01299,SCH1232,Uttar Pradesh,Aligarh,Urban,Male,SC,16,10,100000,83,4.9,No,None
STU01300,SCH1245,Madhya Pradesh,Indore,Rural,Female,OBC,14,9,200000,57,3.3,Yes,Migration
STU01301,SCH1225,Uttar Pradesh,Aligarh,Urban,Female,SC,16,11,75000,60,2.6,Yes,Family Issues
STU01302,SCH1017,Maharashtra,Pune,Rural,Female,OBC,18,12,200000,94,2.3,Yes,Poverty
STU01303,SCH1142,Maharashtra,Nagpur,Semi-Urban,Female,General,18,12,100000,92,0.2,No,None
STU01304,SCH1176,Gujarat,Rajkot,Urban,Female,SC,8,2,150000,76,0.2,No,None
STU01305,SCH1006,Maharashtra,Aurangabad,Rural,Male,OBC,10,6,100000,81,4.4,No,None
STU01306,SCH1077,Rajasthan,Jaipur,Semi-Urban,Male,OBC,11,6,150000,69,2.6,No,None
STU01307,SCH1132,Uttar Pradesh,Agra,Semi-Urban,Female,OBC,7,1,75000,65,4.0,Yes,Health Issues
STU01308,SCH1208,Uttar Pradesh,Agra,Rural,Female,ST,13,9,500000,80,2.3,No,None
STU01309,SCH1106,Maharashtra,Nagpur,Urban,Male,OBC,6,1,500000,88,10.0,No,None
STU01310,SCH1060,Rajasthan,Udaipur,Rural,Female,OBC,9,5,200000,91,6.0,No,None
STU01311,SCH1233,Madhya Pradesh,Gwalior,Urban,Male,OBC,18,12,200000,79,2.5,No,None
STU01312,SCH1186,Madhya Pradesh,Indore,Rural,Male,OBC,11,7,150000,83,4.8,No,None
STU01313,SCH1016,Gujarat,Surat,Rural,Female,SC,11,6,150000,52,1.7,No,None
STU01314,SCH1227,Rajasthan,Udaipur,Rural,Male,General,18,12,100000,88,0.2,No,None
STU01315,SCH1018,Rajasthan,Udaipur,Urban,Male,OBC,18,12,150000,60,7.5,Yes,Poor Academic Performance
STU01316,SCH1075,Gujarat,Ahmedabad,Urban,Female,SC,18,12,100000,83,3.7,No,None
STU01317,SCH1071,Gujarat,Ahmedabad,Semi-Urban,Male,SC,12,7,100000,71,4.7,No,None
STU01318,SCH1102,Madhya Pradesh,Jabalpur,Rural,Male,General,18,12,500000,84,3.6,No,None
STU01319,SCH1011,Madhya Pradesh,Indore,Urban,Female,OBC,6,1,50000,69,3.2,Yes,Lack of Interest
STU01320,SCH1153,Madhya Pradesh,Jabalpur,Rural,Female,SC,6,2,500000,86,0.5,No,None
STU01321,SCH1039,Madhya Pradesh,Jabalpur,Semi-Urban,Female,OBC,18,12,300000,85,1.2,No,None
STU01322,SCH1137,Gujarat,Ahmedabad,Semi-Urban,Male,OBC,7,1,75000,68,4.3,Yes,Poverty
STU01323,SCH1182,Maharashtra,Aurangabad,Rural,Male,SC,17,12,150000,92,3.9,No,None
STU01324,SCH1063,Uttar Pradesh,Agra,Rural,Female,SC,8,2,75000,97,5.2,Yes,Migration
STU01325,SCH1105,Maharashtra,Nashik,Semi-Urban,Female,SC,14,10,500000,79,4.3,No,None
STU01326,SCH1023,Maharashtra,Aurangabad,Semi-Urban,Female,General,11,5,100000,100,6.9,No,None
STU01327,SCH1138,Uttar Pradesh,Agra,Rural,Male,General,9,3,200000,79,1.6,No,None
STU01328,SCH1156,Rajasthan,Kota,Rural,Male,ST,16,11,300000,82,6.0,No,None
STU01329,SCH1150,Rajasthan,Udaipur,Rural,Female,SC,14,10,75000,43,0.2,Yes,Migration
STU01330,SCH1240,Gujarat,Vadodara,Rural,Male,SC,12,7,100000,85,1.8,No,None
STU01331,SCH1235,Uttar Pradesh,Kanpur,Rural,Male,OBC,6,2,200000,53,7.4,Yes,Family Issues
STU01332,SCH1053,Uttar Pradesh,Lucknow,Semi-Urban,Male,OBC,10,4,75000,93,0.2,No,None
STU01333,SCH1021,Madhya Pradesh,Bhopal,Rural,Male,SC,7,2,75000,58,2.6,Yes,Health Issues
STU01334,SCH1137,Uttar Pradesh,Aligarh,Urban,Female,SC,9,5,200000,73,4.4,No,None
STU01335,SCH1172,Gujarat,Surat,Urban,Female,OBC,15,11,75000,66,3.8,Yes,Poverty
STU01336,SCH1176,Madhya Pradesh,Jabalpur,Urban,Male,General,11,7,75000,66,5.7,Yes,Migration
STU01337,SCH1064,Madhya Pradesh,Jabalpur,Rural,Female,SC,9,4,100000,82,2.6,No,None
STU01338,SCH1075,Rajasthan,Udaipur,Urban,Female,General,11,6,150000,47,1.6,No,None
STU01339,SCH1144,Madhya Pradesh,Indore,Rural,Male,ST,15,10,300000,85,5.8,Yes,Poverty
STU01340,SCH1249,Maharashtra,Aurangabad,Rural,Other,General,11,7,100000,100,5.1,No,None
STU01341,SCH1178,Rajasthan,Jodhpur,Urban,Male,SC,10,5,75000,86,6.0,Yes,Health Issues
STU01342,SCH1064,Rajasthan,Udaipur,Urban,Female,OBC,14,8,100000,78,0.2,No,None
STU01343,SCH1063,Gujarat,Rajkot,Rural,Female,General,7,2,200000,65,0.4,Yes,Child Labour
STU01344,SCH1001,Maharashtra,Aurangabad,Rural,Female,OBC,16,10,100000,88,0.2,No,None
STU01345,SCH1100,Madhya Pradesh,Gwalior,Rural,Male,SC,11,6,75000,73,4.4,Yes,Migration
STU01346,SCH1023,Maharashtra,Pune,Semi-Urban,Male,General,10,4,100000,65,8.2,No,None
STU01347,SCH1196,Maharashtra,Pune,Urban,Male,ST,13,7,150000,61,1.2,No,None
STU01348,SCH1161,Maharashtra,Pune,Rural,Male,ST,18,12,200000,74,2.1,No,None
STU01349,SCH1066,Maharashtra,Nagpur,Urban,Male,SC,8,3,75000,71,4.0,No,None
STU01350,SCH1002,Rajasthan,Jodhpur,Urban,Male,SC,17,11,50000,66,6.2,Yes,Migration
STU01351,SCH1177,Maharashtra,Nashik,Urban,Male,General,8,3,150000,79,2.7,No,None
STU01352,SCH1212,Rajasthan,Jodhpur,Urban,Female,OBC,10,6,75000,55,6.1,Yes,Poverty
STU01353,SCH1118,Rajasthan,Kota,Rural,Female,General,7,3,100000,87,0.4,No,None
STU01354,SCH1023,Uttar Pradesh,Kanpur,Urban,Female,SC,17,12,500000,100,0.7,No,None
STU01355,SCH1067,Madhya Pradesh,Bhopal,Rural,Male,OBC,8,2,75000,89,5.6,No,None
STU01356,SCH1058,Madhya Pradesh,Jabalpur,Urban,Female,General,11,5,75000,74,1.2,Yes,Poor Academic Performance
STU01357,SCH1203,Maharashtra,Aurangabad,Urban,Male,SC,7,2,75000,63,1.2,Yes,Poverty
STU01358,SCH1079,Maharashtra,Aurangabad,Rural,Other,SC,16,12,300000,81,4.4,No,None
STU01359,SCH1109,Gujarat,Vadodara,Rural,Female,OBC,18,12,100000,85,3.3,Yes,Migration
STU01360,SCH1164,Gujarat,Vadodara,Urban,Male,General,7,2,150000,39,2.1,No,None
STU01361,SCH1224,Rajasthan,Udaipur,Urban,Female,ST,12,7,75000,83,7.3,Yes,Poverty
STU01362,SCH1022,Gujarat,Rajkot,Rural,Female,General,12,7,500000,100,3.0,No,None
STU01363,SCH1103,Madhya Pradesh,Indore,Urban,Female,ST,14,9,150000,83,9.1,No,None
STU01364,SCH1241,Rajasthan,Jaipur,Rural,Other,General,14,8,50000,70,3.1,Yes,Poverty
STU01365,SCH1211,Madhya Pradesh,Bhopal,Rural,Male,General,13,8,300000,93,2.3,No,None
STU01366,SCH1173,Madhya Pradesh,Jabalpur,Rural,Male,OBC,8,4,150000,39,2.7,Yes,Family Issues
STU01367,SCH1053,Uttar Pradesh,Aligarh,Semi-Urban,Male,SC,12,7,100000,71,1.3,No,None
STU01368,SCH1084,Madhya Pradesh,Bhopal,Rural,Female,General,7,2,150000,67,5.9,No,None
STU01369,SCH1214,Madhya Pradesh,Bhopal,Rural,Male,General,14,10,200000,52,0.2,Yes,Family Issues
STU01370,SCH1033,Maharashtra,Aurangabad,Urban,Male,General,7,2,150000,67,0.2,No,None
STU01371,SCH1004,Gujarat,Ahmedabad,Rural,Female,SC,18,12,500000,93,2.3,Yes,Poverty
STU01372,SCH1240,Madhya Pradesh,Indore,Semi-Urban,Male,OBC,16,10,300000,62,3.9,No,None
STU01373,SCH1068,Gujarat,Ahmedabad,Urban,Male,OBC,7,2,150000,63,1.0,No,None
STU01374,SCH1242,Maharashtra,Aurangabad,Semi-Urban,Male,SC,15,9,50000,100,0.2,Yes,Migration
STU01375,SCH1168,Gujarat,Vadodara,Rural,Female,SC,6,1,200000,65,3.4,No,None
STU01376,SCH1042,Rajasthan,Jodhpur,Urban,Other,General,15,10,500000,77,1.5,No,None
STU01377,SCH1151,Madhya Pradesh,Bhopal,Rural,Male,SC,17,12,300000,53,1.2,Yes,Family Issues
STU01378,SCH1067,Madhya Pradesh,Gwalior,Urban,Female,OBC,7,3,150000,77,4.7,No,None
STU01379,SCH1209,Rajasthan,Udaipur,Rural,Female,ST,16,10,150000,99,0.2,No,None
STU01380,SCH1002,Gujarat,Ahmedabad,Rural,Male,OBC,9,3,100000,90,2.6,No,None
STU01381,SCH1231,Uttar Pradesh,Lucknow,Rural,Female,OBC,15,10,75000,60,0.7,Yes,Poverty
STU01382,SCH1116,Uttar Pradesh,Agra,Urban,Male,OBC,9,4,150000,78,5.3,No,None
STU01383,SCH1028,Rajasthan,Kota,Semi-Urban,Male,OBC,16,12,100000,53,0.3,Yes,Poor Academic Performance
STU01384,SCH1145,Rajasthan,Jaipur,Rural,Male,OBC,14,9,100000,73,0.2,Yes,Poor Academic Performance
STU01385,SCH1104,Maharashtra,Nashik,Urban,Male,General,12,7,300000,93,5.4,No,None
STU01386,SCH1044,Madhya Pradesh,Jabalpur,Semi-Urban,Male,OBC,15,10,200000,64,1.6,No,None
STU01387,SCH1178,Gujarat,Ahmedabad,Rural,Female,OBC,6,1,150000,64,3.4,Yes,Lack of Transport
STU01388,SCH1236,Gujarat,Surat,Rural,Male,OBC,14,10,100000,89,4.1,No,None
STU01389,SCH1094,Madhya Pradesh,Jabalpur,Semi-Urban,Female,OBC,18,12,75000,80,1.7,Yes,Lack of Transport
STU01390,SCH1175,Maharashtra,Nagpur,Rural,Female,General,16,10,150000,84,0.2,No,None
STU01391,SCH1156,Rajasthan,Jaipur,Rural,Male,ST,7,2,200000,61,3.8,No,None
STU01392,SCH1133,Rajasthan,Kota,Rural,Female,SC,11,6,75000,67,2.3,Yes,Poor Academic Performance
STU01393,SCH1191,Gujarat,Ahmedabad,Rural,Female,OBC,13,7,100000,79,4.2,No,None
STU01394,SCH1245,Uttar Pradesh,Agra,Semi-Urban,Male,SC,6,1,300000,76,0.2,No,None
STU01395,SCH1232,Maharashtra,Nashik,Semi-Urban,Male,General,17,12,200000,73,3.9,No,None
STU01396,SCH1229,Gujarat,Rajkot,Rural,Male,OBC,6,2,200000,82,3.2,No,None
STU01397,SCH1130,Gujarat,Vadodara,Rural,Other,OBC,18,12,50000,78,3.3,Yes,Poor Academic Performance
STU01398,SCH1208,Gujarat,Surat,Rural,Male,OBC,16,12,100000,90,3.0,No,None
STU01399,SCH1221,Madhya Pradesh,Jabalpur,Rural,Female,General,7,3,100000,90,8.2,No,None
STU01400,SCH1165,Uttar Pradesh,Agra,Rural,Other,OBC,10,5,200000,89,5.1,No,None
STU01401,SCH1037,Rajasthan,Jaipur,Urban,Female,SC,16,11,100000,84,3.4,No,None
STU01402,SCH1191,Rajasthan,Udaipur,Semi-Urban,Male,OBC,17,12,75000,73,0.8,Yes,Poverty
STU01403,SCH1043,Uttar Pradesh,Agra,Rural,Female,OBC,14,9,50000,87,4.7,Yes,Family Issues
STU01404,SCH1084,Rajasthan,Udaipur,Urban,Male,OBC,18,12,100000,90,7.2,No,None
STU01405,SCH1153,Gujarat,Vadodara,Rural,Male,OBC,15,10,75000,69,5.8,Yes,Poverty
STU01406,SCH1166,Uttar Pradesh,Agra,Rural,Other,OBC,16,11,75000,71,5.5,Yes,Poverty
STU01407,SCH1233,Uttar Pradesh,Lucknow,Rural,Male,OBC,17,12,300000,90,7.2,Yes,Poverty
STU01408,SCH1073,Gujarat,Surat,Urban,Male,OBC,11,6,150000,78,1.5,No,None
STU01409,SCH1094,Madhya Pradesh,Jabalpur,Rural,Female,General,9,5,75000,80,4.7,Yes,Lack of Transport
STU01410,SCH1064,Rajasthan,Kota,Rural,Male,OBC,15,10,150000,68,2.2,Yes,Family Issues
STU01411,SCH1186,Madhya Pradesh,Gwalior,Rural,Female,OBC,15,10,200000,69,3.9,Yes,Family Issues
STU01412,SCH1183,Uttar Pradesh,Aligarh,Semi-Urban,Female,General,13,8,150000,77,6.0,No,None
STU01413,SCH1128,Maharashtra,Nashik,Semi-Urban,Female,SC,15,11,100000,96,5.5,No,None
STU01414,SCH1029,Gujarat,Vadodara,Urban,Female,OBC,14,9,75000,57,5.2,Yes,Poverty
STU01415,SCH1087,Gujarat,Ahmedabad,Urban,Male,SC,12,6,200000,59,1.5,No,None
STU01416,SCH1150,Rajasthan,Kota,Rural,Male,General,16,10,300000,99,0.2,No,None
STU01417,SCH1080,Uttar Pradesh,Lucknow,Urban,Female,General,12,8,150000,65,6.7,No,None
STU01418,SCH1216,Gujarat,Ahmedabad,Rural,Male,General,6,1,150000,99,4.7,No,None
STU01419,SCH1111,Rajasthan,Jaipur,Urban,Male,SC,12,7,100000,81,2.7,No,None
STU01420,SCH1126,Madhya Pradesh,Gwalior,Urban,Female,ST,16,11,100000,96,3.8,No,None
STU01421,SCH1226,Uttar Pradesh,Lucknow,Rural,Female,OBC,6,1,100000,69,0.2,No,None
STU01422,SCH1060,Madhya Pradesh,Jabalpur,Rural,Male,ST,8,2,75000,71,1.5,Yes,Migration
STU01423,SCH1144,Madhya Pradesh,Bhopal,Rural,Male,General,11,6,150000,91,3.3,No,None
STU01424,SCH1226,Madhya Pradesh,Indore,Urban,Female,OBC,9,3,75000,98,3.3,No,None
STU01425,SCH1098,Uttar Pradesh,Agra,Rural,Male,OBC,6,1,100000,91,5.7,No,None
STU01426,SCH1033,Maharashtra,Nagpur,Urban,Male,OBC,17,12,75000,82,2.6,Yes,Lack of Interest
STU01427,SCH1065,Rajasthan,Jaipur,Rural,Male,SC,9,5,75000,96,4.2,Yes,Family Issues
STU01428,SCH1004,Madhya Pradesh,Gwalior,Urban,Male,ST,18,12,500000,79,3.4,No,None
STU01429,SCH1240,Gujarat,Ahmedabad,Rural,Male,General,8,2,75000,85,2.6,No,None
STU01430,SCH1161,Uttar Pradesh,Lucknow,Urban,Male,General,11,7,300000,96,2.9,No,None
STU01431,SCH1130,Rajasthan,Jaipur,Urban,Male,General,8,3,500000,81,4.6,No,None
STU01432,SCH1023,Madhya Pradesh,Jabalpur,Rural,Female,OBC,10,6,200000,85,3.6,No,None
STU01433,SCH1189,Gujarat,Vadodara,Rural,Male,General,13,8,200000,59,1.7,Yes,Family Issues
STU01434,SCH1249,Madhya Pradesh,Bhopal,Rural,Female,General,18,12,200000,100,6.1,Yes,Lack of Transport
STU01435,SCH1047,Uttar Pradesh,Kanpur,Urban,Male,OBC,6,1,500000,75,0.2,No,None
STU01436,SCH1077,Maharashtra,Nagpur,Rural,Male,OBC,14,9,75000,93,4.5,Yes,Lack of Interest
STU01437,SCH1133,Gujarat,Rajkot,Rural,Male,SC,15,11,200000,65,5.6,Yes,Health Issues
STU01438,SCH1069,Maharashtra,Nashik,Urban,Male,OBC,9,4,75000,67,0.5,Yes,Family Issues
STU01439,SCH1065,Uttar Pradesh,Agra,Rural,Female,SC,16,11,150000,98,5.1,Yes,Family Issues
STU01440,SCH1242,Gujarat,Ahmedabad,Urban,Male,SC,15,10,75000,70,4.8,Yes,Poor Academic Performance
STU01441,SCH1187,Uttar Pradesh,Kanpur,Rural,Female,OBC,10,5,300000,64,2.7,No,None
STU01442,SCH1220,Madhya Pradesh,Bhopal,Urban,Female,ST,18,12,150000,85,1.3,Yes,Lack of Transport
STU01443,SCH1193,Maharashtra,Pune,Rural,Male,OBC,16,11,150000,80,1.0,No,None
STU01444,SCH1062,Gujarat,Surat,Urban,Female,OBC,8,4,150000,94,0.2,No,None
STU01445,SCH1184,Rajasthan,Jaipur,Rural,Male,General,10,4,150000,68,0.2,No,None
STU01446,SCH1091,Maharashtra,Nashik,Rural,Male,General,6,1,75000,100,3.4,Yes,Migration
STU01447,SCH1064,Gujarat,Surat,Rural,Female,General,12,7,75000,63,3.4,Yes,Poverty
STU01448,SCH1110,Gujarat,Vadodara,Urban,Female,OBC,7,3,50000,78,1.6,No,None
STU01449,SCH1218,Rajasthan,Udaipur,Rural,Male,General,12,8,150000,71,0.2,No,None
STU01450,SCH1073,Madhya Pradesh,Jabalpur,Urban,Female,ST,6,1,150000,80,8.8,No,None
STU01451,SCH1138,Rajasthan,Kota,Semi-Urban,Male,SC,8,4,150000,69,2.6,No,None
STU01452,SCH1065,Uttar Pradesh,Aligarh,Semi-Urban,Female,OBC,14,9,150000,98,2.9,No,None
STU01453,SCH1233,Uttar Pradesh,Agra,Semi-Urban,Female,General,18,12,500000,93,0.7,No,None
STU01454,SCH1120,Uttar Pradesh,Kanpur,Urban,Male,OBC,13,9,150000,100,3.7,No,None
STU01455,SCH1092,Maharashtra,Pune,Semi-Urban,Male,OBC,14,10,75000,88,3.4,No,None
STU01456,SCH1086,Maharashtra,Aurangabad,Semi-Urban,Female,OBC,17,12,500000,92,6.3,No,None
STU01457,SCH1145,Rajasthan,Jodhpur,Urban,Female,General,6,1,100000,74,2.7,No,None
STU01458,SCH1192,Maharashtra,Nagpur,Rural,Female,SC,8,2,150000,60,0.2,No,None
STU01459,SCH1194,Madhya Pradesh,Gwalior,Rural,Male,OBC,13,7,300000,96,4.9,No,None
STU01460,SCH1049,Uttar Pradesh,Kanpur,Rural,Male,SC,18,12,100000,65,4.7,Yes,Lack of Interest
STU01461,SCH1132,Uttar Pradesh,Kanpur,Rural,Male,SC,16,10,200000,82,3.0,Yes,Migration
STU01462,SCH1048,Gujarat,Surat,Urban,Female,OBC,8,3,150000,75,0.2,No,None
STU01463,SCH1026,Gujarat,Vadodara,Urban,Female,SC,14,9,150000,57,6.3,Yes,Poor Academic Performance
STU01464,SCH1162,Rajasthan,Kota,Semi-Urban,Female,SC,6,1,75000,90,4.3,Yes,Family Issues
STU01465,SCH1248,Gujarat,Vadodara,Urban,Male,OBC,9,5,300000,68,6.8,No,None
STU01466,SCH1163,Gujarat,Vadodara,Urban,Female,General,12,7,100000,90,3.7,No,None
STU01467,SCH1113,Maharashtra,Aurangabad,Rural,Other,General,13,8,100000,71,6.0,No,None
STU01468,SCH1061,Gujarat,Ahmedabad,Rural,Male,SC,16,11,75000,73,4.9,Yes,Poverty
STU01469,SCH1234,Maharashtra,Nagpur,Urban,Female,ST,10,4,150000,100,10.6,No,None
STU01470,SCH1124,Uttar Pradesh,Kanpur,Urban,Female,OBC,16,10,200000,100,0.4,No,None
STU01471,SCH1139,Rajasthan,Kota,Rural,Male,ST,10,6,200000,55,0.2,Yes,Family Issues
STU01472,SCH1039,Maharashtra,Nashik,Rural,Male,OBC,14,10,100000,94,9.0,Yes,Poor Academic Performance
STU01473,SCH1171,Maharashtra,Nagpur,Rural,Male,SC,11,5,150000,87,0.2,No,None
STU01474,SCH1165,Madhya Pradesh,Gwalior,Rural,Male,OBC,7,1,300000,94,4.4,No,None
STU01475,SCH1140,Rajasthan,Jodhpur,Urban,Male,SC,9,4,300000,81,4.1,No,None
STU01476,SCH1030,Maharashtra,Nashik,Urban,Female,SC,12,7,300000,70,0.2,No,None
STU01477,SCH1076,Uttar Pradesh,Agra,Rural,Female,General,17,11,75000,77,1.6,Yes,Lack of Transport
STU01478,SCH1108,Gujarat,Rajkot,Rural,Male,SC,11,6,300000,79,5.5,No,None
STU01479,SCH1123,Uttar Pradesh,Lucknow,Rural,Male,OBC,16,12,500000,82,3.5,No,None
STU01480,SCH1144,Gujarat,Vadodara,Rural,Female,ST,13,8,150000,67,3.4,No,None
STU01481,SCH1236,Gujarat,Surat,Urban,Female,OBC,16,11,100000,51,6.2,Yes,Poor Academic Performance
STU01482,SCH1071,Rajasthan,Kota,Semi-Urban,Female,OBC,8,3,200000,66,4.8,No,None
STU01483,SCH1010,Rajasthan,Udaipur,Semi-Urban,Female,OBC,16,10,300000,95,4.8,No,None
STU01484,SCH1030,Rajasthan,Jodhpur,Urban,Female,SC,12,7,100000,63,4.2,No,None
STU01485,SCH1165,Rajasthan,Kota,Urban,Male,OBC,18,12,75000,61,2.6,Yes,Poverty
STU01486,SCH1242,Maharashtra,Nagpur,Urban,Male,SC,17,12,50000,84,0.5,Yes,Migration
STU01487,SCH1057,Uttar Pradesh,Lucknow,Semi-Urban,Male,General,7,1,200000,88,4.7,No,None
STU01488,SCH1107,Gujarat,Vadodara,Urban,Male,SC,11,5,75000,80,3.2,No,None
STU01489,SCH1119,Rajasthan,Jaipur,Rural,Female,OBC,9,3,100000,73,3.2,No,None
STU01490,SCH1209,Uttar Pradesh,Agra,Urban,Female,General,15,10,100000,95,3.3,No,None
STU01491,SCH1115,Maharashtra,Aurangabad,Urban,Female,OBC,9,4,100000,97,4.3,No,None
STU01492,SCH1061,Maharashtra,Pune,Rural,Female,OBC,13,7,75000,63,3.2,Yes,Family Issues
STU01493,SCH1234,Rajasthan,Kota,Rural,Male,OBC,6,1,150000,89,2.3,No,None
STU01494,SCH1066,Rajasthan,Udaipur,Urban,Male,OBC,17,12,50000,100,5.0,Yes,Poor Academic Performance
STU01495,SCH1171,Gujarat,Vadodara,Rural,Male,General,9,4,75000,83,5.8,Yes,Family Issues
STU01496,SCH1102,Gujarat,Surat,Semi-Urban,Female,OBC,11,7,200000,84,0.3,No,None
STU01497,SCH1127,Gujarat,Ahmedabad,Rural,Male,ST,7,3,50000,72,4.9,Yes,Lack of Transport
STU01498,SCH1125,Maharashtra,Nashik,Urban,Male,General,7,3,75000,78,2.5,No,None
STU01499,SCH1144,Maharashtra,Aurangabad,Rural,Female,General,9,3,200000,96,0.2,No,None
STU01500,SCH1075,Uttar Pradesh,Kanpur,Rural,Male,ST,7,3,75000,76,7.7,Yes,Family Issues
STU01501,SCH1137,Gujarat,Surat,Rural,Female,General,15,9,100000,78,7.1,Yes,Poverty
STU01502,SCH1107,Uttar Pradesh,Lucknow,Rural,Female,OBC,12,6,200000,79,6.7,Yes,Poverty
STU01503,SCH1198,Rajasthan,Jodhpur,Urban,Female,OBC,11,6,300000,81,4.2,No,None
STU01504,SCH1184,Gujarat,Surat,Urban,Male,ST,18,12,200000,84,7.7,No,None
STU01505,SCH1059,Madhya Pradesh,Indore,Rural,Female,OBC,11,6,150000,49,6.3,Yes,Lack of Transport
STU01506,SCH1154,Gujarat,Surat,Semi-Urban,Male,OBC,16,11,100000,89,7.0,No,None
STU01507,SCH1180,Uttar Pradesh,Lucknow,Rural,Female,OBC,17,12,300000,79,4.9,No,None
STU01508,SCH1081,Gujarat,Rajkot,Urban,Male,General,18,12,300000,66,8.1,Yes,Poor Academic Performance
STU01509,SCH1070,Rajasthan,Jaipur,Rural,Male,ST,18,12,50000,95,6.3,Yes,Poor Academic Performance
STU01510,SCH1098,Uttar Pradesh,Aligarh,Rural,Female,SC,11,7,50000,100,5.2,Yes,Migration
STU01511,SCH1230,Madhya Pradesh,Jabalpur,Rural,Male,General,13,9,150000,79,2.4,No,None
STU01512,SCH1215,Rajasthan,Jaipur,Semi-Urban,Female,ST,17,11,200000,83,5.3,No,None
STU01513,SCH1130,Madhya Pradesh,Jabalpur,Semi-Urban,Male,OBC,13,9,50000,80,3.7,Yes,Poverty
STU01514,SCH1091,Maharashtra,Nagpur,Urban,Male,OBC,15,10,100000,75,7.2,No,None
STU01515,SCH1179,Gujarat,Surat,Urban,Female,General,12,7,150000,81,6.9,No,None
STU01516,SCH1060,Gujarat,Surat,Rural,Female,ST,6,1,150000,81,1.5,No,None
STU01517,SCH1148,Gujarat,Surat,Rural,Female,OBC,15,10,300000,55,6.5,Yes,Family Issues
STU01518,SCH1227,Madhya Pradesh,Jabalpur,Urban,Male,OBC,18,12,500000,81,3.0,No,None
STU01519,SCH1110,Madhya Pradesh,Indore,Semi-Urban,Female,General,13,8,50000,68,3.6,No,None
STU01520,SCH1026,Uttar Pradesh,Lucknow,Rural,Female,SC,8,4,300000,69,8.4,Yes,Poverty
STU01521,SCH1110,Rajasthan,Udaipur,Urban,Female,OBC,8,3,50000,75,0.4,No,None
STU01522,SCH1207,Gujarat,Surat,Semi-Urban,Female,OBC,10,5,75000,57,5.0,Yes,Lack of Interest
STU01523,SCH1236,Maharashtra,Pune,Rural,Female,General,10,5,500000,77,4.5,Yes,Poverty
STU01524,SCH1172,Madhya Pradesh,Bhopal,Urban,Female,OBC,9,4,100000,72,1.0,No,None
STU01525,SCH1247,Uttar Pradesh,Agra,Semi-Urban,Female,SC,10,5,75000,59,5.3,Yes,Health Issues
STU01526,SCH1239,Rajasthan,Udaipur,Rural,Male,OBC,17,12,100000,61,2.3,Yes,Lack of Interest
STU01527,SCH1242,Maharashtra,Nagpur,Rural,Male,General,9,4,150000,76,4.3,No,None
STU01528,SCH1203,Gujarat,Ahmedabad,Rural,Male,General,6,1,150000,73,2.1,No,None
STU01529,SCH1120,Maharashtra,Nashik,Urban,Female,General,8,2,500000,68,2.8,No,None
STU01530,SCH1202,Maharashtra,Pune,Urban,Male,SC,7,3,300000,92,4.9,No,None
STU01531,SCH1250,Gujarat,Surat,Rural,Male,SC,17,12,200000,78,4.3,No,None
STU01532,SCH1160,Madhya Pradesh,Bhopal,Semi-Urban,Female,OBC,9,5,150000,71,4.0,No,None
STU01533,SCH1172,Rajasthan,Jaipur,Urban,Male,OBC,9,5,500000,70,3.7,No,None
STU01534,SCH1076,Gujarat,Surat,Urban,Female,ST,14,9,75000,82,4.8,Yes,Poverty
STU01535,SCH1093,Madhya Pradesh,Gwalior,Rural,Female,OBC,9,3,50000,80,5.7,Yes,Poverty
STU01536,SCH1029,Madhya Pradesh,Jabalpur,Rural,Male,OBC,8,4,100000,79,3.5,No,None
STU01537,SCH1179,Gujarat,Rajkot,Rural,Female,OBC,6,1,50000,90,5.8,No,None
STU01538,SCH1157,Uttar Pradesh,Aligarh,Urban,Male,General,8,4,50000,76,4.3,No,None
STU01539,SCH1197,Rajasthan,Jaipur,Urban,Female,SC,9,5,100000,95,4.0,No,None
STU01540,SCH1032,Maharashtra,Aurangabad,Urban,Female,General,10,4,50000,58,3.1,Yes,Child Labour
STU01541,SCH1040,Uttar Pradesh,Aligarh,Semi-Urban,Male,General,8,2,150000,63,0.2,No,None
STU01542,SCH1088,Uttar Pradesh,Agra,Rural,Male,General,17,12,50000,94,3.8,Yes,Lack of Interest
STU01543,SCH1176,Gujarat,Ahmedabad,Rural,Female,OBC,8,3,500000,55,0.2,No,None
STU01544,SCH1163,Madhya Pradesh,Gwalior,Rural,Female,ST,7,1,100000,100,0.9,No,None
STU01545,SCH1069,Uttar Pradesh,Kanpur,Rural,Male,OBC,14,9,50000,76,3.0,Yes,Poverty
STU01546,SCH1167,Gujarat,Rajkot,Rural,Female,OBC,7,1,100000,61,1.5,No,None
STU01547,SCH1178,Maharashtra,Nashik,Urban,Female,OBC,10,4,100000,65,5.5,No,None
STU01548,SCH1079,Rajasthan,Udaipur,Semi-Urban,Female,OBC,6,1,75000,96,6.9,Yes,Health Issues
STU01549,SCH1074,Uttar Pradesh,Kanpur,Urban,Female,SC,13,9,50000,84,7.7,Yes,Family Issues
STU01550,SCH1014,Gujarat,Surat,Rural,Male,SC,7,2,500000,65,4.4,No,None
STU01551,SCH1092,Gujarat,Rajkot,Rural,Male,ST,16,10,200000,69,7.0,Yes,Child Labour
STU01552,SCH1130,Uttar Pradesh,Agra,Urban,Male,ST,12,6,150000,97,4.2,No,None
STU01553,SCH1084,Uttar Pradesh,Kanpur,Rural,Female,SC,12,6,50000,64,1.3,Yes,Poverty
STU01554,SCH1209,Gujarat,Ahmedabad,Rural,Male,SC,15,10,150000,78,3.9,Yes,Poverty
STU01555,SCH1198,Maharashtra,Nashik,Rural,Male,SC,18,12,75000,89,2.7,Yes,Child Labour
STU01556,SCH1098,Gujarat,Rajkot,Urban,Female,OBC,6,1,150000,100,1.3,No,None
STU01557,SCH1095,Maharashtra,Aurangabad,Urban,Male,OBC,6,2,100000,64,5.3,No,None
STU01558,SCH1193,Maharashtra,Pune,Rural,Female,OBC,8,3,150000,68,8.0,No,None
STU01559,SCH1048,Gujarat,Ahmedabad,Rural,Female,OBC,12,8,100000,79,3.8,No,None
STU01560,SCH1218,Gujarat,Vadodara,Urban,Male,General,6,1,50000,95,1.2,No,None
STU01561,SCH1016,Maharashtra,Nagpur,Rural,Female,OBC,15,11,100000,85,3.4,No,None
STU01562,SCH1027,Maharashtra,Nashik,Rural,Female,General,7,2,75000,68,1.2,Yes,Health Issues
STU01563,SCH1098,Madhya Pradesh,Jabalpur,Rural,Male,ST,17,12,150000,93,5.6,Yes,Lack of Transport
STU01564,SCH1169,Madhya Pradesh,Bhopal,Urban,Male,OBC,8,2,100000,88,2.3,No,None
STU01565,SCH1046,Rajasthan,Kota,Rural,Male,ST,8,4,150000,83,5.1,No,None
STU01566,SCH1120,Gujarat,Vadodara,Rural,Other,OBC,15,10,200000,75,8.6,Yes,Health Issues
STU01567,SCH1189,Maharashtra,Nagpur,Rural,Male,General,13,9,100000,82,3.4,No,None
STU01568,SCH1240,Gujarat,Surat,Semi-Urban,Female,General,13,8,75000,91,3.6,Yes,Poverty
STU01569,SCH1174,Rajasthan,Jodhpur,Semi-Urban,Male,General,13,8,100000,67,6.2,No,None
STU01570,SCH1214,Uttar Pradesh,Kanpur,Urban,Male,OBC,17,12,200000,93,5.9,No,None
STU01571,SCH1210,Gujarat,Ahmedabad,Rural,Male,OBC,6,1,300000,36,8.7,Yes,Child Labour
STU01572,SCH1080,Maharashtra,Nashik,Rural,Female,General,15,10,150000,100,0.2,Yes,Health Issues
STU01573,SCH1082,Madhya Pradesh,Jabalpur,Rural,Male,OBC,10,4,100000,100,1.4,No,None
STU01574,SCH1241,Rajasthan,Kota,Rural,Female,SC,6,1,150000,73,1.7,No,None
STU01575,SCH1022,Rajasthan,Jaipur,Urban,Female,ST,13,8,75000,63,4.2,Yes,Lack of Transport
STU01576,SCH1042,Maharashtra,Pune,Rural,Female,OBC,18,12,50000,80,7.2,Yes,Poverty
STU01577,SCH1216,Uttar Pradesh,Lucknow,Rural,Female,OBC,10,5,200000,60,3.9,No,None
STU01578,SCH1010,Maharashtra,Nashik,Rural,Female,General,9,4,75000,82,3.3,Yes,Poverty
STU01579,SCH1112,Maharashtra,Nashik,Rural,Male,General,13,8,100000,90,0.3,No,None
STU01580,SCH1186,Rajasthan,Jaipur,Urban,Female,SC,15,9,100000,86,4.7,No,None
STU01581,SCH1011,Uttar Pradesh,Aligarh,Urban,Male,SC,13,7,200000,82,3.4,No,None
STU01582,SCH1018,Uttar Pradesh,Aligarh,Rural,Male,OBC,14,8,75000,76,4.8,No,None
STU01583,SCH1058,Madhya Pradesh,Bhopal,Urban,Female,General,11,6,200000,78,3.8,No,None
STU01584,SCH1112,Madhya Pradesh,Jabalpur,Rural,Female,General,14,8,50000,86,4.4,No,None
STU01585,SCH1018,Madhya Pradesh,Indore,Rural,Female,General,7,2,100000,83,0.2,No,None
STU01586,SCH1181,Maharashtra,Nashik,Urban,Male,General,11,6,300000,55,4.2,No,None
STU01587,SCH1080,Rajasthan,Jaipur,Urban,Female,OBC,14,9,200000,68,4.4,Yes,Health Issues
STU01588,SCH1241,Gujarat,Ahmedabad,Urban,Female,OBC,16,10,100000,51,3.8,Yes,Lack of Transport
STU01589,SCH1059,Rajasthan,Jaipur,Rural,Male,ST,15,11,50000,63,4.2,Yes,Poverty
STU01590,SCH1173,Gujarat,Vadodara,Urban,Male,ST,9,4,75000,100,8.0,Yes,Poverty
STU01591,SCH1240,Maharashtra,Nagpur,Rural,Male,OBC,15,10,300000,71,2.9,No,None
STU01592,SCH1161,Madhya Pradesh,Gwalior,Rural,Female,SC,18,12,75000,69,2.8,Yes,Poverty
STU01593,SCH1178,Maharashtra,Nashik,Rural,Female,SC,18,12,200000,96,4.9,Yes,Family Issues
STU01594,SCH1198,Rajasthan,Kota,Rural,Male,General,12,7,200000,84,5.0,No,None
STU01595,SCH1164,Madhya Pradesh,Indore,Urban,Male,OBC,16,10,200000,88,4.8,No,None
STU01596,SCH1047,Uttar Pradesh,Kanpur,Rural,Female,OBC,11,7,200000,83,2.2,No,None
STU01597,SCH1049,Rajasthan,Jaipur,Rural,Female,OBC,6,1,100000,100,4.4,No,None
STU01598,SCH1149,Madhya Pradesh,Jabalpur,Urban,Male,OBC,11,7,75000,77,3.3,Yes,Lack of Interest
STU01599,SCH1127,Uttar Pradesh,Aligarh,Urban,Female,ST,8,4,150000,84,0.7,No,None
STU01600,SCH1160,Gujarat,Vadodara,Urban,Male,SC,6,1,50000,74,5.2,No,None
STU01601,SCH1215,Madhya Pradesh,Indore,Urban,Female,SC,6,2,150000,87,8.4,No,None
STU01602,SCH1057,Rajasthan,Jaipur,Rural,Male,OBC,12,7,100000,68,0.2,No,None
STU01603,SCH1088,Maharashtra,Nagpur,Semi-Urban,Female,General,18,12,100000,45,2.4,Yes,Poverty
STU01604,SCH1050,Gujarat,Ahmedabad,Rural,Female,General,12,7,75000,91,1.3,Yes,Lack of Interest
STU01605,SCH1076,Gujarat,Surat,Semi-Urban,Male,SC,16,10,150000,60,7.9,Yes,Poverty
STU01606,SCH1080,Maharashtra,Aurangabad,Rural,Male,OBC,10,5,100000,100,0.8,No,None
STU01607,SCH1161,Rajasthan,Kota,Rural,Female,SC,17,12,150000,80,4.9,Yes,Family Issues
STU01608,SCH1182,Gujarat,Rajkot,Semi-Urban,Male,OBC,15,10,50000,79,5.4,Yes,Health Issues
STU01609,SCH1139,Gujarat,Vadodara,Urban,Male,ST,6,1,75000,67,7.9,Yes,Poverty
STU01610,SCH1125,Maharashtra,Nagpur,Rural,Female,OBC,6,1,75000,72,3.2,Yes,Poverty
STU01611,SCH1069,Gujarat,Vadodara,Rural,Male,SC,15,10,150000,85,3.4,Yes,Poverty
STU01612,SCH1196,Uttar Pradesh,Lucknow,Rural,Female,SC,9,4,500000,68,6.6,Yes,Family Issues
STU01613,SCH1164,Maharashtra,Pune,Urban,Male,ST,6,1,500000,48,1.2,No,None
STU01614,SCH1080,Maharashtra,Nashik,Urban,Male,OBC,17,12,75000,77,1.1,Yes,Poverty
STU01615,SCH1230,Maharashtra,Pune,Urban,Male,General,8,2,150000,77,0.7,No,None
STU01616,SCH1012,Uttar Pradesh,Agra,Rural,Male,SC,14,10,150000,74,4.6,Yes,Poor Academic Performance
STU01617,SCH1014,Madhya Pradesh,Gwalior,Urban,Female,SC,18,12,100000,79,5.3,Yes,Migration
STU01618,SCH1194,Madhya Pradesh,Indore,Semi-Urban,Female,OBC,9,4,100000,76,3.4,No,None
STU01619,SCH1142,Uttar Pradesh,Agra,Semi-Urban,Female,SC,15,9,200000,100,5.5,Yes,Lack of Transport
STU01620,SCH1058,Maharashtra,Nagpur,Rural,Female,OBC,17,12,200000,80,5.0,Yes,Family Issues
STU01621,SCH1176,Uttar Pradesh,Kanpur,Urban,Female,General,10,5,300000,67,10.1,No,None
STU01622,SCH1248,Madhya Pradesh,Bhopal,Urban,Female,SC,8,2,75000,84,2.0,No,None
STU01623,SCH1073,Rajasthan,Jaipur,Semi-Urban,Male,SC,10,6,150000,100,1.9,No,None
STU01624,SCH1195,Uttar Pradesh,Aligarh,Rural,Male,OBC,6,1,300000,99,3.0,No,None
STU01625,SCH1053,Maharashtra,Aurangabad,Semi-Urban,Male,SC,16,10,100000,77,4.3,No,None
STU01626,SCH1027,Madhya Pradesh,Jabalpur,Rural,Male,OBC,7,3,75000,81,3.3,Yes,Family Issues
STU01627,SCH1025,Uttar Pradesh,Lucknow,Rural,Female,ST,14,10,150000,61,2.3,Yes,Child Labour
STU01628,SCH1102,Gujarat,Rajkot,Rural,Female,General,6,1,75000,59,2.8,Yes,Lack of Transport
STU01629,SCH1141,Madhya Pradesh,Indore,Urban,Male,SC,14,8,150000,96,5.6,No,None
STU01630,SCH1167,Madhya Pradesh,Jabalpur,Rural,Male,SC,6,2,100000,86,5.6,No,None
STU01631,SCH1113,Madhya Pradesh,Bhopal,Rural,Male,ST,7,3,75000,93,0.7,Yes,Migration
STU01632,SCH1219,Rajasthan,Kota,Urban,Female,SC,15,11,200000,68,3.8,No,None
STU01633,SCH1239,Madhya Pradesh,Indore,Urban,Female,OBC,18,12,100000,85,1.6,No,None
STU01634,SCH1105,Maharashtra,Nagpur,Semi-Urban,Female,OBC,18,12,150000,100,3.2,No,None
STU01635,SCH1115,Madhya Pradesh,Jabalpur,Rural,Male,General,8,4,150000,68,5.2,No,None
STU01636,SCH1050,Rajasthan,Jaipur,Rural,Male,SC,11,6,300000,54,3.4,No,None
STU01637,SCH1004,Madhya Pradesh,Gwalior,Rural,Male,General,14,9,500000,75,3.2,No,None
STU01638,SCH1204,Rajasthan,Jodhpur,Semi-Urban,Male,SC,18,12,200000,74,1.5,Yes,Poverty
STU01639,SCH1160,Uttar Pradesh,Aligarh,Urban,Female,SC,17,12,150000,77,6.3,No,None
STU01640,SCH1079,Madhya Pradesh,Indore,Urban,Male,OBC,13,7,150000,93,3.3,No,None
STU01641,SCH1039,Madhya Pradesh,Bhopal,Rural,Female,SC,10,5,75000,72,3.2,Yes,Poverty
STU01642,SCH1216,Maharashtra,Nagpur,Urban,Female,OBC,9,3,50000,78,0.8,No,None
STU01643,SCH1219,Madhya Pradesh,Jabalpur,Rural,Female,General,15,10,150000,80,6.9,Yes,Poor Academic Performance
STU01644,SCH1124,Gujarat,Ahmedabad,Rural,Male,OBC,15,9,300000,93,0.2,No,None
STU01645,SCH1109,Rajasthan,Udaipur,Urban,Female,SC,6,2,200000,59,1.5,No,None
STU01646,SCH1248,Uttar Pradesh,Agra,Rural,Male,General,11,7,200000,65,0.2,No,None
STU01647,SCH1080,Maharashtra,Nagpur,Urban,Male,ST,6,1,50000,90,6.1,Yes,Migration
STU01648,SCH1026,Maharashtra,Pune,Rural,Female,SC,18,12,75000,88,3.1,Yes,Poverty
STU01649,SCH1109,Rajasthan,Jodhpur,Rural,Male,OBC,18,12,150000,91,3.5,No,None
STU01650,SCH1229,Uttar Pradesh,Aligarh,Rural,Female,OBC,15,10,150000,70,7.9,Yes,Poverty
STU01651,SCH1119,Rajasthan,Jaipur,Urban,Female,OBC,11,6,75000,66,5.8,No,None
STU01652,SCH1238,Madhya Pradesh,Indore,Rural,Male,General,17,12,100000,85,6.1,Yes,Family Issues
STU01653,SCH1244,Rajasthan,Jodhpur,Rural,Female,OBC,6,2,100000,67,3.0,No,None
STU01654,SCH1186,Maharashtra,Aurangabad,Urban,Female,General,17,12,75000,80,5.2,Yes,Poverty
STU01655,SCH1148,Rajasthan,Jodhpur,Rural,Male,General,8,2,100000,70,4.6,No,None
STU01656,SCH1116,Maharashtra,Pune,Rural,Female,OBC,6,2,75000,90,5.0,Yes,Poverty
STU01657,SCH1198,Uttar Pradesh,Agra,Urban,Male,OBC,10,4,150000,70,4.0,No,None
STU01658,SCH1009,Gujarat,Ahmedabad,Semi-Urban,Female,OBC,15,11,75000,79,4.8,Yes,Poverty
STU01659,SCH1038,Maharashtra,Nashik,Rural,Female,SC,14,8,100000,80,5.7,No,None
STU01660,SCH1120,Rajasthan,Jaipur,Rural,Female,ST,9,4,200000,56,1.7,Yes,Migration
STU01661,SCH1028,Madhya Pradesh,Indore,Rural,Male,General,7,1,50000,100,1.0,Yes,Family Issues
STU01662,SCH1045,Rajasthan,Jaipur,Rural,Female,SC,12,8,150000,66,3.1,No,None
STU01663,SCH1094,Madhya Pradesh,Indore,Semi-Urban,Female,OBC,7,2,100000,73,0.8,No,None
STU01664,SCH1161,Rajasthan,Jodhpur,Urban,Male,ST,9,3,75000,70,8.6,Yes,Lack of Interest
STU01665,SCH1128,Maharashtra,Nagpur,Urban,Female,OBC,8,2,300000,93,1.2,No,None
STU01666,SCH1046,Rajasthan,Jaipur,Rural,Female,OBC,7,3,300000,82,3.6,No,None
STU01667,SCH1119,Uttar Pradesh,Aligarh,Rural,Male,OBC,6,1,300000,87,6.5,No,None
STU01668,SCH1109,Uttar Pradesh,Agra,Rural,Female,OBC,18,12,75000,100,1.4,Yes,Poverty
STU01669,SCH1052,Rajasthan,Jaipur,Rural,Female,OBC,14,8,150000,70,5.5,No,None
STU01670,SCH1199,Gujarat,Rajkot,Urban,Female,SC,9,5,75000,87,1.9,No,None
STU01671,SCH1014,Uttar Pradesh,Agra,Rural,Male,General,17,12,75000,86,0.2,Yes,Migration
STU01672,SCH1062,Maharashtra,Nagpur,Semi-Urban,Female,OBC,12,7,75000,100,0.2,Yes,Poor Academic Performance
STU01673,SCH1076,Rajasthan,Jodhpur,Rural,Female,OBC,12,7,50000,42,0.2,Yes,Poverty
STU01674,SCH1206,Gujarat,Surat,Urban,Male,OBC,16,10,100000,82,5.6,No,None
STU01675,SCH1082,Gujarat,Rajkot,Rural,Male,OBC,15,9,300000,76,2.8,No,None
STU01676,SCH1167,Madhya Pradesh,Indore,Rural,Male,OBC,8,2,50000,65,0.7,Yes,Poverty
STU01677,SCH1110,Gujarat,Rajkot,Urban,Male,OBC,7,2,150000,85,2.1,No,None
STU01678,SCH1243,Maharashtra,Nagpur,Rural,Female,ST,11,6,200000,75,4.9,No,None
STU01679,SCH1244,Madhya Pradesh,Gwalior,Rural,Female,General,16,10,100000,100,4.6,Yes,Lack of Transport
STU01680,SCH1154,Madhya Pradesh,Jabalpur,Rural,Male,SC,17,12,200000,71,6.5,Yes,Family Issues
STU01681,SCH1037,Uttar Pradesh,Agra,Rural,Female,General,17,11,50000,75,2.2,Yes,Migration
STU01682,SCH1158,Madhya Pradesh,Bhopal,Rural,Female,ST,15,9,500000,71,3.2,Yes,Poverty
STU01683,SCH1137,Rajasthan,Jodhpur,Semi-Urban,Female,OBC,7,2,100000,84,2.9,No,None
STU01684,SCH1042,Rajasthan,Udaipur,Semi-Urban,Male,OBC,6,2,100000,75,2.6,No,None
STU01685,SCH1041,Rajasthan,Jaipur,Semi-Urban,Female,General,7,2,150000,71,4.3,No,None
STU01686,SCH1176,Uttar Pradesh,Aligarh,Urban,Male,SC,11,5,75000,55,6.3,Yes,Lack of Transport
STU01687,SCH1057,Rajasthan,Jodhpur,Semi-Urban,Female,OBC,18,12,50000,72,4.4,Yes,Health Issues
STU01688,SCH1094,Uttar Pradesh,Kanpur,Rural,Male,General,13,7,300000,71,3.7,No,None
STU01689,SCH1142,Gujarat,Rajkot,Semi-Urban,Female,SC,13,8,500000,97,3.6,No,None
STU01690,SCH1190,Uttar Pradesh,Kanpur,Rural,Male,General,11,6,150000,91,0.2,No,None
STU01691,SCH1142,Madhya Pradesh,Jabalpur,Rural,Male,ST,14,9,100000,85,1.0,Yes,Health Issues
STU01692,SCH1143,Maharashtra,Pune,Semi-Urban,Female,OBC,9,5,150000,86,4.9,No,None
STU01693,SCH1020,Uttar Pradesh,Kanpur,Semi-Urban,Female,OBC,18,12,200000,78,3.5,No,None
STU01694,SCH1053,Maharashtra,Nashik,Rural,Female,General,9,3,75000,64,3.6,Yes,Poor Academic Performance
STU01695,SCH1183,Gujarat,Ahmedabad,Rural,Male,OBC,14,10,50000,81,0.3,Yes,Poverty
STU01696,SCH1189,Rajasthan,Jaipur,Rural,Female,OBC,14,9,75000,62,5.6,Yes,Family Issues
STU01697,SCH1233,Gujarat,Rajkot,Semi-Urban,Male,SC,13,8,50000,72,0.2,Yes,Family Issues
STU01698,SCH1217,Rajasthan,Kota,Rural,Male,OBC,8,4,100000,84,3.4,No,None
STU01699,SCH1139,Gujarat,Surat,Urban,Male,SC,14,9,100000,63,4.6,Yes,Migration
STU01700,SCH1111,Uttar Pradesh,Lucknow,Rural,Female,ST,18,12,50000,93,2.8,Yes,Poverty
STU01701,SCH1050,Uttar Pradesh,Lucknow,Rural,Male,SC,6,1,50000,41,4.7,Yes,Lack of Transport
STU01702,SCH1243,Gujarat,Surat,Urban,Male,SC,9,4,100000,66,3.3,No,None
STU01703,SCH1092,Maharashtra,Aurangabad,Urban,Female,General,12,8,100000,83,0.3,No,None
STU01704,SCH1037,Gujarat,Ahmedabad,Rural,Male,SC,15,10,200000,74,0.8,Yes,Poverty
STU01705,SCH1086,Uttar Pradesh,Kanpur,Urban,Male,OBC,10,6,150000,63,6.9,No,None
STU01706,SCH1034,Gujarat,Rajkot,Rural,Female,General,17,12,150000,91,5.8,No,None
STU01707,SCH1127,Madhya Pradesh,Gwalior,Semi-Urban,Male,General,12,6,200000,89,4.5,No,None
STU01708,SCH1109,Uttar Pradesh,Lucknow,Urban,Male,General,13,7,200000,56,7.7,No,None
STU01709,SCH1029,Madhya Pradesh,Gwalior,Rural,Female,General,12,8,150000,80,1.9,No,None
STU01710,SCH1068,Madhya Pradesh,Jabalpur,Rural,Female,OBC,6,1,75000,74,1.1,Yes,Poor Academic Performance
STU01711,SCH1125,Uttar Pradesh,Kanpur,Rural,Male,OBC,16,12,200000,89,3.8,No,None
STU01712,SCH1238,Maharashtra,Nashik,Urban,Female,ST,17,11,200000,94,5.8,No,None
STU01713,SCH1247,Gujarat,Vadodara,Urban,Female,General,9,3,300000,93,4.5,No,None
STU01714,SCH1091,Rajasthan,Udaipur,Urban,Male,OBC,16,10,75000,78,0.2,Yes,Health Issues
STU01715,SCH1061,Uttar Pradesh,Lucknow,Rural,Female,OBC,12,8,150000,43,1.5,No,None
STU01716,SCH1180,Gujarat,Ahmedabad,Rural,Female,General,9,5,75000,82,4.5,No,None
STU01717,SCH1244,Rajasthan,Udaipur,Rural,Female,OBC,13,9,200000,89,3.2,No,None
STU01718,SCH1117,Gujarat,Vadodara,Rural,Male,ST,11,7,100000,72,4.0,Yes,Migration
STU01719,SCH1191,Madhya Pradesh,Bhopal,Rural,Male,General,18,12,200000,91,4.7,Yes,Migration
STU01720,SCH1155,Uttar Pradesh,Lucknow,Rural,Male,OBC,15,10,150000,80,5.8,No,None
STU01721,SCH1143,Madhya Pradesh,Jabalpur,Semi-Urban,Male,OBC,15,9,150000,77,4.5,No,None
STU01722,SCH1237,Madhya Pradesh,Bhopal,Rural,Female,SC,15,10,75000,93,2.1,Yes,Poverty
STU01723,SCH1049,Maharashtra,Nashik,Urban,Male,OBC,16,10,75000,85,6.2,Yes,Health Issues
STU01724,SCH1058,Rajasthan,Kota,Urban,Male,OBC,18,12,200000,90,6.7,No,None
STU01725,SCH1005,Maharashtra,Nashik,Rural,Female,SC,7,3,150000,86,1.0,Yes,Child Labour
STU01726,SCH1126,Madhya Pradesh,Gwalior,Rural,Male,ST,15,10,150000,84,3.3,Yes,Poverty
STU01727,SCH1191,Rajasthan,Kota,Rural,Female,General,16,10,200000,83,1.7,No,None
STU01728,SCH1132,Rajasthan,Jaipur,Urban,Male,OBC,14,10,75000,53,3.5,Yes,Lack of Interest
STU01729,SCH1236,Rajasthan,Jodhpur,Rural,Male,OBC,7,1,200000,100,0.2,No,None
STU01730,SCH1053,Rajasthan,Jodhpur,Rural,Female,General,6,1,500000,88,3.9,No,None
STU01731,SCH1009,Madhya Pradesh,Indore,Urban,Female,OBC,12,6,100000,72,1.1,No,None
STU01732,SCH1228,Uttar Pradesh,Lucknow,Rural,Female,SC,14,10,150000,76,3.2,No,None
STU01733,SCH1184,Gujarat,Surat,Semi-Urban,Female,OBC,17,11,50000,69,0.2,Yes,Family Issues
STU01734,SCH1172,Gujarat,Surat,Urban,Female,General,17,12,150000,46,1.2,No,None
STU01735,SCH1010,Uttar Pradesh,Lucknow,Rural,Female,ST,11,6,200000,100,3.3,No,None
STU01736,SCH1113,Maharashtra,Nagpur,Rural,Female,OBC,7,2,500000,61,3.4,No,None
STU01737,SCH1244,Uttar Pradesh,Aligarh,Urban,Male,ST,16,11,500000,86,3.4,No,None
STU01738,SCH1030,Maharashtra,Pune,Urban,Female,General,15,9,50000,74,4.2,Yes,Poverty
STU01739,SCH1085,Maharashtra,Nagpur,Rural,Male,General,11,5,150000,85,3.8,No,None
STU01740,SCH1124,Rajasthan,Jodhpur,Urban,Other,General,7,2,50000,86,6.5,Yes,Family Issues
STU01741,SCH1160,Maharashtra,Aurangabad,Urban,Male,General,10,5,150000,54,2.0,No,None
STU01742,SCH1166,Rajasthan,Jodhpur,Rural,Female,SC,9,3,200000,77,0.2,No,None
STU01743,SCH1073,Rajasthan,Kota,Rural,Female,OBC,6,2,100000,92,3.2,No,None
STU01744,SCH1193,Maharashtra,Aurangabad,Rural,Female,OBC,17,12,75000,79,0.4,Yes,Child Labour
STU01745,SCH1189,Maharashtra,Aurangabad,Rural,Female,OBC,8,3,50000,43,3.9,Yes,Migration
STU01746,SCH1035,Uttar Pradesh,Aligarh,Rural,Female,SC,17,11,200000,86,2.8,No,None
STU01747,SCH1125,Maharashtra,Pune,Urban,Female,General,6,1,100000,76,3.8,No,None
STU01748,SCH1123,Maharashtra,Aurangabad,Rural,Male,General,11,6,300000,93,0.2,No,None
STU01749,SCH1205,Gujarat,Vadodara,Rural,Female,General,11,6,150000,83,3.6,No,None
STU01750,SCH1137,Gujarat,Ahmedabad,Urban,Female,SC,8,3,300000,74,0.2,No,None
STU01751,SCH1049,Madhya Pradesh,Gwalior,Rural,Male,General,6,1,150000,87,5.6,No,None
STU01752,SCH1008,Maharashtra,Nagpur,Urban,Other,General,18,12,75000,71,0.9,Yes,Poverty
STU01753,SCH1158,Gujarat,Vadodara,Urban,Female,OBC,15,11,100000,59,3.8,No,None
STU01754,SCH1194,Uttar Pradesh,Lucknow,Rural,Female,SC,17,12,100000,85,1.0,Yes,Migration
STU01755,SCH1233,Maharashtra,Aurangabad,Rural,Male,OBC,7,2,75000,76,5.0,Yes,Family Issues
STU01756,SCH1158,Madhya Pradesh,Jabalpur,Semi-Urban,Female,OBC,13,9,150000,100,1.9,No,None
STU01757,SCH1131,Gujarat,Vadodara,Urban,Male,SC,8,3,75000,79,5.4,No,None
STU01758,SCH1013,Gujarat,Ahmedabad,Urban,Female,OBC,17,12,300000,75,5.3,No,None
STU01759,SCH1111,Rajasthan,Jodhpur,Rural,Female,ST,11,6,150000,52,3.1,Yes,Poverty
STU01760,SCH1082,Madhya Pradesh,Indore,Rural,Female,OBC,7,1,150000,65,1.2,No,None
STU01761,SCH1016,Maharashtra,Aurangabad,Urban,Male,General,15,11,300000,62,2.1,No,None
STU01762,SCH1165,Madhya Pradesh,Jabalpur,Rural,Female,OBC,7,3,75000,91,4.2,Yes,Lack of Transport
STU01763,SCH1067,Uttar Pradesh,Agra,Rural,Female,OBC,12,7,75000,59,3.3,Yes,Lack of Transport
STU01764,SCH1139,Maharashtra,Pune,Rural,Male,SC,7,2,200000,75,0.2,No,None
STU01765,SCH1039,Uttar Pradesh,Agra,Semi-Urban,Male,General,17,12,150000,90,6.9,No,None
STU01766,SCH1069,Madhya Pradesh,Indore,Rural,Male,General,16,10,75000,91,4.6,Yes,Health Issues
STU01767,SCH1035,Uttar Pradesh,Lucknow,Rural,Male,SC,6,1,75000,75,0.2,Yes,Poverty
STU01768,SCH1006,Gujarat,Vadodara,Rural,Female,OBC,13,9,200000,66,6.1,Yes,Migration
STU01769,SCH1137,Rajasthan,Kota,Rural,Female,SC,11,6,150000,58,4.6,Yes,Poverty
STU01770,SCH1155,Maharashtra,Pune,Rural,Female,General,12,8,100000,67,6.4,No,None
STU01771,SCH1082,Rajasthan,Jaipur,Semi-Urban,Male,ST,12,8,100000,59,5.6,No,None
STU01772,SCH1022,Gujarat,Surat,Rural,Female,OBC,17,12,100000,100,3.7,No,None
STU01773,SCH1162,Rajasthan,Jodhpur,Rural,Male,ST,17,12,100000,77,0.2,Yes,Poverty
STU01774,SCH1025,Uttar Pradesh,Lucknow,Urban,Female,General,10,6,100000,56,5.1,No,None
STU01775,SCH1013,Maharashtra,Nashik,Rural,Male,OBC,12,6,150000,67,2.2,No,None
STU01776,SCH1097,Madhya Pradesh,Gwalior,Rural,Female,SC,13,9,500000,44,4.4,Yes,Family Issues
STU01777,SCH1249,Madhya Pradesh,Jabalpur,Rural,Female,OBC,14,9,100000,50,1.3,Yes,Family Issues
STU01778,SCH1002,Gujarat,Vadodara,Rural,Female,OBC,7,2,200000,86,4.2,No,None
STU01779,SCH1022,Gujarat,Surat,Rural,Female,OBC,16,10,150000,87,1.0,No,None
STU01780,SCH1125,Rajasthan,Udaipur,Urban,Female,General,16,11,150000,100,7.8,Yes,Lack of Transport
STU01781,SCH1004,Uttar Pradesh,Agra,Urban,Male,ST,16,10,100000,56,4.9,Yes,Migration
STU01782,SCH1063,Madhya Pradesh,Jabalpur,Rural,Male,SC,12,6,75000,71,1.5,Yes,Lack of Interest
STU01783,SCH1094,Madhya Pradesh,Bhopal,Rural,Male,SC,6,1,100000,85,4.0,No,None
STU01784,SCH1120,Uttar Pradesh,Aligarh,Urban,Female,OBC,9,4,150000,85,0.8,No,None
STU01785,SCH1055,Uttar Pradesh,Agra,Rural,Female,SC,7,1,50000,56,2.0,Yes,Poor Academic Performance
STU01786,SCH1129,Rajasthan,Kota,Semi-Urban,Female,OBC,15,11,300000,64,5.4,No,None
STU01787,SCH1016,Madhya Pradesh,Gwalior,Urban,Female,SC,9,4,100000,53,2.4,Yes,Lack of Transport
STU01788,SCH1247,Uttar Pradesh,Lucknow,Rural,Male,OBC,7,2,500000,77,4.7,No,None
STU01789,SCH1053,Uttar Pradesh,Aligarh,Semi-Urban,Female,SC,16,12,75000,78,0.8,Yes,Poverty
STU01790,SCH1195,Gujarat,Surat,Urban,Male,OBC,14,10,200000,67,4.3,No,None
STU01791,SCH1196,Uttar Pradesh,Aligarh,Rural,Male,General,8,2,100000,84,2.7,No,None
STU01792,SCH1189,Maharashtra,Nashik,Rural,Female,OBC,16,11,300000,61,6.5,Yes,Poverty
STU01793,SCH1114,Maharashtra,Nagpur,Rural,Female,General,7,2,200000,62,2.4,No,None
STU01794,SCH1229,Rajasthan,Jaipur,Rural,Male,OBC,9,3,150000,68,3.8,No,None
STU01795,SCH1063,Gujarat,Vadodara,Rural,Female,OBC,16,10,500000,86,1.2,Yes,Poverty
STU01796,SCH1207,Uttar Pradesh,Agra,Rural,Male,OBC,15,10,100000,82,4.0,Yes,Poverty
STU01797,SCH1079,Maharashtra,Nagpur,Urban,Female,General,9,5,75000,100,4.1,No,None
STU01798,SCH1055,Maharashtra,Nashik,Semi-Urban,Female,General,9,5,150000,58,2.8,No,None
STU01799,SCH1022,Maharashtra,Pune,Rural,Male,ST,6,1,50000,71,4.8,Yes,Poor Academic Performance
STU01800,SCH1215,Uttar Pradesh,Kanpur,Rural,Male,OBC,13,7,50000,79,5.0,Yes,Lack of Transport
STU01801,SCH1092,Gujarat,Vadodara,Urban,Male,OBC,8,2,150000,43,5.1,No,None
STU01802,SCH1194,Gujarat,Vadodara,Rural,Male,SC,14,8,75000,60,5.1,Yes,Poverty
STU01803,SCH1084,Maharashtra,Nagpur,Rural,Male,General,7,1,300000,51,7.9,Yes,Health Issues
STU01804,SCH1037,Madhya Pradesh,Jabalpur,Rural,Male,OBC,13,8,200000,82,3.2,No,None
STU01805,SCH1090,Madhya Pradesh,Indore,Semi-Urban,Female,OBC,17,11,50000,93,0.7,Yes,Child Labour
STU01806,SCH1144,Uttar Pradesh,Aligarh,Rural,Female,General,11,6,50000,60,0.2,Yes,Family Issues
STU01807,SCH1186,Gujarat,Surat,Urban,Female,ST,12,8,150000,79,2.6,No,None
STU01808,SCH1210,Madhya Pradesh,Jabalpur,Urban,Male,OBC,7,2,150000,79,4.7,No,None
STU01809,SCH1024,Uttar Pradesh,Agra,Rural,Female,SC,10,6,150000,71,0.2,No,None
STU01810,SCH1072,Maharashtra,Nagpur,Rural,Male,SC,15,11,150000,87,9.3,Yes,Poor Academic Performance
STU01811,SCH1072,Madhya Pradesh,Gwalior,Semi-Urban,Male,OBC,14,9,150000,92,4.1,No,None
STU01812,SCH1139,Rajasthan,Jodhpur,Urban,Female,ST,9,4,100000,58,0.2,Yes,Lack of Interest
STU01813,SCH1060,Madhya Pradesh,Gwalior,Semi-Urban,Male,OBC,7,2,150000,69,6.6,No,None
STU01814,SCH1047,Maharashtra,Nagpur,Rural,Female,SC,18,12,500000,94,3.8,No,None
STU01815,SCH1169,Uttar Pradesh,Lucknow,Semi-Urban,Male,General,11,7,150000,54,3.5,No,None
STU01816,SCH1248,Madhya Pradesh,Indore,Rural,Female,General,10,5,75000,79,6.2,Yes,Poverty
STU01817,SCH1113,Maharashtra,Nagpur,Rural,Male,OBC,16,11,75000,71,5.2,Yes,Migration
STU01818,SCH1102,Uttar Pradesh,Agra,Rural,Male,OBC,10,6,200000,73,1.4,No,None
STU01819,SCH1140,Gujarat,Rajkot,Rural,Male,SC,16,10,200000,64,8.1,Yes,Poverty
STU01820,SCH1056,Rajasthan,Udaipur,Rural,Female,SC,10,5,100000,71,4.6,Yes,Child Labour
STU01821,SCH1127,Rajasthan,Jaipur,Rural,Male,OBC,13,8,75000,82,0.2,Yes,Child Labour
STU01822,SCH1190,Rajasthan,Kota,Urban,Female,OBC,9,5,300000,96,0.2,No,None
STU01823,SCH1069,Gujarat,Ahmedabad,Semi-Urban,Female,OBC,11,5,150000,83,0.2,No,None
STU01824,SCH1179,Madhya Pradesh,Bhopal,Urban,Male,OBC,15,11,200000,52,4.1,Yes,Lack of Transport
STU01825,SCH1194,Uttar Pradesh,Kanpur,Semi-Urban,Male,General,17,12,200000,92,7.5,No,None
STU01826,SCH1111,Madhya Pradesh,Bhopal,Urban,Male,OBC,16,12,150000,87,4.1,No,None
STU01827,SCH1016,Gujarat,Rajkot,Urban,Female,OBC,12,6,75000,75,4.7,No,None
STU01828,SCH1100,Maharashtra,Nagpur,Rural,Male,OBC,11,6,100000,84,3.7,No,None
STU01829,SCH1213,Maharashtra,Nashik,Rural,Male,SC,6,1,150000,76,3.5,No,None
STU01830,SCH1082,Gujarat,Rajkot,Semi-Urban,Male,General,15,11,150000,78,1.3,No,None
STU01831,SCH1091,Uttar Pradesh,Agra,Rural,Male,OBC,15,11,300000,76,6.4,No,None
STU01832,SCH1094,Rajasthan,Kota,Urban,Female,SC,13,8,200000,100,3.2,No,None
STU01833,SCH1151,Rajasthan,Kota,Rural,Male,OBC,8,3,100000,100,0.2,No,None
STU01834,SCH1167,Gujarat,Surat,Urban,Female,OBC,11,6,50000,80,1.6,No,None
STU01835,SCH1204,Rajasthan,Jodhpur,Urban,Male,OBC,6,1,75000,63,3.1,Yes,Migration
STU01836,SCH1042,Madhya Pradesh,Bhopal,Urban,Female,SC,15,9,150000,67,2.8,No,None
STU01837,SCH1062,Uttar Pradesh,Agra,Rural,Female,OBC,11,5,150000,87,2.0,No,None
STU01838,SCH1178,Gujarat,Rajkot,Rural,Male,SC,7,1,100000,60,6.0,Yes,Poverty
STU01839,SCH1066,Maharashtra,Pune,Rural,Male,SC,10,4,150000,90,2.2,No,None
STU01840,SCH1146,Uttar Pradesh,Kanpur,Urban,Female,SC,13,9,75000,100,4.6,Yes,Lack of Interest
STU01841,SCH1234,Gujarat,Rajkot,Semi-Urban,Male,ST,8,3,200000,48,2.3,Yes,Poverty
STU01842,SCH1161,Madhya Pradesh,Indore,Urban,Female,General,10,4,300000,37,0.7,No,None
STU01843,SCH1200,Maharashtra,Aurangabad,Rural,Female,OBC,13,8,200000,91,1.8,No,None
STU01844,SCH1235,Rajasthan,Kota,Rural,Male,SC,17,12,75000,95,3.9,Yes,Child Labour
STU01845,SCH1064,Madhya Pradesh,Jabalpur,Rural,Female,OBC,18,12,100000,77,1.6,No,None
STU01846,SCH1128,Gujarat,Vadodara,Rural,Male,General,11,7,500000,67,6.4,Yes,Health Issues
STU01847,SCH1123,Rajasthan,Udaipur,Rural,Female,OBC,14,9,75000,87,4.9,Yes,Migration
STU01848,SCH1204,Rajasthan,Kota,Urban,Female,OBC,18,12,100000,81,2.1,No,None
STU01849,SCH1059,Gujarat,Ahmedabad,Rural,Male,OBC,10,5,50000,97,4.3,Yes,Migration
STU01850,SCH1147,Gujarat,Rajkot,Rural,Male,SC,7,2,150000,90,7.1,Yes,Health Issues
STU01851,SCH1093,Madhya Pradesh,Gwalior,Rural,Female,General,17,11,50000,87,9.4,Yes,Child Labour
STU01852,SCH1010,Maharashtra,Nagpur,Urban,Female,General,9,5,75000,86,6.0,No,None
STU01853,SCH1112,Maharashtra,Pune,Urban,Male,SC,18,12,200000,84,2.3,No,None
STU01854,SCH1163,Madhya Pradesh,Gwalior,Urban,Female,SC,11,7,500000,59,1.3,Yes,Poverty
STU01855,SCH1228,Madhya Pradesh,Gwalior,Rural,Male,SC,11,7,300000,87,0.2,No,None
STU01856,SCH1075,Gujarat,Rajkot,Rural,Female,SC,16,11,50000,83,4.9,Yes,Migration
STU01857,SCH1095,Gujarat,Surat,Rural,Male,OBC,18,12,300000,99,2.3,No,None
STU01858,SCH1009,Uttar Pradesh,Lucknow,Rural,Female,SC,18,12,50000,72,4.8,Yes,Poverty
STU01859,SCH1064,Maharashtra,Pune,Semi-Urban,Male,OBC,17,12,200000,76,6.1,No,None
STU01860,SCH1071,Uttar Pradesh,Lucknow,Urban,Male,SC,6,2,100000,81,2.9,No,None
STU01861,SCH1065,Maharashtra,Aurangabad,Urban,Male,OBC,7,1,150000,48,3.7,No,None
STU01862,SCH1153,Maharashtra,Aurangabad,Semi-Urban,Other,OBC,9,4,50000,64,5.5,Yes,Poor Academic Performance
STU01863,SCH1233,Maharashtra,Nagpur,Semi-Urban,Female,SC,7,1,200000,100,0.2,No,None
STU01864,SCH1032,Madhya Pradesh,Bhopal,Urban,Female,OBC,12,6,100000,52,3.3,No,None
STU01865,SCH1202,Madhya Pradesh,Jabalpur,Semi-Urban,Male,General,8,3,200000,87,3.5,No,None
STU01866,SCH1088,Rajasthan,Udaipur,Urban,Male,General,9,4,75000,76,4.2,Yes,Poor Academic Performance
STU01867,SCH1101,Uttar Pradesh,Aligarh,Urban,Female,SC,11,6,200000,91,3.7,No,None
STU01868,SCH1054,Maharashtra,Nagpur,Urban,Female,OBC,9,5,100000,78,1.7,No,None
STU01869,SCH1144,Madhya Pradesh,Jabalpur,Urban,Female,General,6,2,50000,64,4.2,Yes,Poverty
STU01870,SCH1243,Madhya Pradesh,Jabalpur,Urban,Female,General,14,10,200000,57,1.6,Yes,Migration
STU01871,SCH1102,Uttar Pradesh,Lucknow,Urban,Female,OBC,12,7,150000,85,1.1,No,None
STU01872,SCH1102,Uttar Pradesh,Aligarh,Urban,Female,General,7,2,150000,86,2.7,No,None
STU01873,SCH1120,Uttar Pradesh,Lucknow,Urban,Male,OBC,6,2,300000,73,4.0,No,None
STU01874,SCH1120,Gujarat,Rajkot,Rural,Male,SC,9,3,300000,75,1.8,No,None
STU01875,SCH1085,Uttar Pradesh,Kanpur,Rural,Female,ST,6,1,75000,52,1.1,Yes,Poor Academic Performance
STU01876,SCH1099,Rajasthan,Jodhpur,Semi-Urban,Female,OBC,10,4,300000,48,1.2,Yes,Lack of Interest
STU01877,SCH1196,Madhya Pradesh,Bhopal,Semi-Urban,Female,OBC,9,5,100000,98,6.3,No,None
STU01878,SCH1112,Rajasthan,Kota,Urban,Female,General,12,8,300000,80,4.4,No,None
STU01879,SCH1214,Rajasthan,Jaipur,Urban,Male,SC,13,9,100000,73,5.6,Yes,Poverty
STU01880,SCH1160,Rajasthan,Jodhpur,Urban,Male,SC,6,1,75000,92,6.7,Yes,Poverty
STU01881,SCH1080,Maharashtra,Nashik,Urban,Female,OBC,14,9,200000,77,2.6,No,None
STU01882,SCH1224,Uttar Pradesh,Kanpur,Urban,Female,SC,7,1,100000,84,2.3,No,None
STU01883,SCH1151,Madhya Pradesh,Indore,Urban,Female,SC,10,5,50000,62,2.5,Yes,Child Labour
STU01884,SCH1056,Gujarat,Ahmedabad,Semi-Urban,Male,OBC,11,7,500000,78,4.8,No,None
STU01885,SCH1142,Gujarat,Rajkot,Urban,Male,OBC,7,1,75000,90,3.0,Yes,Migration
STU01886,SCH1179,Rajasthan,Jodhpur,Semi-Urban,Female,OBC,13,8,75000,63,1.5,Yes,Migration
STU01887,SCH1177,Madhya Pradesh,Indore,Rural,Female,General,10,4,300000,100,4.9,No,None
STU01888,SCH1094,Gujarat,Rajkot,Rural,Male,General,9,3,100000,95,0.2,No,None
STU01889,SCH1013,Gujarat,Surat,Urban,Male,ST,13,9,300000,70,1.1,Yes,Family Issues
STU01890,SCH1112,Gujarat,Rajkot,Rural,Male,OBC,6,2,75000,62,3.1,Yes,Poverty
STU01891,SCH1149,Madhya Pradesh,Gwalior,Rural,Female,General,12,8,200000,72,2.0,No,None
STU01892,SCH1170,Uttar Pradesh,Kanpur,Urban,Male,OBC,14,9,200000,85,5.5,No,None
STU01893,SCH1112,Uttar Pradesh,Aligarh,Rural,Female,SC,13,8,200000,55,4.0,Yes,Health Issues
STU01894,SCH1064,Rajasthan,Jodhpur,Rural,Female,OBC,11,7,100000,100,1.5,No,None
STU01895,SCH1230,Maharashtra,Pune,Rural,Female,OBC,11,7,150000,83,1.3,No,None
STU01896,SCH1245,Maharashtra,Nashik,Semi-Urban,Female,OBC,16,11,100000,80,3.3,No,None
STU01897,SCH1247,Madhya Pradesh,Indore,Urban,Male,General,7,2,200000,86,7.1,No,None
STU01898,SCH1133,Rajasthan,Jaipur,Urban,Female,General,13,8,150000,72,0.4,No,None
STU01899,SCH1192,Maharashtra,Aurangabad,Urban,Male,General,9,4,100000,68,5.7,No,None
STU01900,SCH1164,Uttar Pradesh,Kanpur,Urban,Male,SC,15,10,200000,94,8.5,No,None
STU01901,SCH1147,Madhya Pradesh,Gwalior,Urban,Female,General,16,11,200000,100,6.9,Yes,Poverty
STU01902,SCH1162,Uttar Pradesh,Agra,Urban,Female,General,14,9,100000,71,4.9,No,None
STU01903,SCH1066,Maharashtra,Aurangabad,Urban,Male,OBC,14,9,100000,50,6.8,Yes,Health Issues
STU01904,SCH1126,Gujarat,Vadodara,Urban,Female,General,14,10,500000,74,1.7,Yes,Lack of Transport
STU01905,SCH1205,Rajasthan,Jodhpur,Semi-Urban,Female,OBC,15,10,150000,83,3.4,No,None
STU01906,SCH1027,Madhya Pradesh,Indore,Urban,Female,ST,16,11,75000,84,1.9,Yes,Poverty
STU01907,SCH1032,Uttar Pradesh,Aligarh,Urban,Female,General,11,5,150000,65,4.9,No,None
STU01908,SCH1104,Madhya Pradesh,Jabalpur,Semi-Urban,Male,SC,7,2,300000,64,2.5,No,None
STU01909,SCH1250,Rajasthan,Kota,Rural,Male,SC,13,9,75000,85,1.0,Yes,Lack of Transport
STU01910,SCH1201,Rajasthan,Kota,Urban,Male,OBC,7,2,75000,75,4.7,No,None
STU01911,SCH1121,Maharashtra,Nagpur,Urban,Female,OBC,8,2,100000,90,0.2,No,None
STU01912,SCH1035,Maharashtra,Nagpur,Urban,Female,SC,14,9,300000,81,9.3,No,None
STU01913,SCH1150,Madhya Pradesh,Indore,Semi-Urban,Male,SC,12,7,150000,57,3.5,No,None
STU01914,SCH1021,Rajasthan,Jaipur,Urban,Female,General,18,12,200000,67,6.7,Yes,Lack of Interest
STU01915,SCH1208,Maharashtra,Aurangabad,Semi-Urban,Male,OBC,17,12,100000,62,2.1,No,None
STU01916,SCH1206,Uttar Pradesh,Aligarh,Urban,Male,OBC,13,9,75000,81,2.7,Yes,Health Issues
STU01917,SCH1132,Gujarat,Surat,Urban,Female,SC,7,2,75000,67,6.5,Yes,Poor Academic Performance
STU01918,SCH1016,Rajasthan,Jaipur,Rural,Female,ST,12,8,300000,77,0.2,No,None
STU01919,SCH1179,Gujarat,Vadodara,Urban,Male,OBC,18,12,75000,62,1.7,Yes,Poor Academic Performance
STU01920,SCH1013,Madhya Pradesh,Indore,Rural,Female,ST,9,4,150000,100,5.0,No,None
STU01921,SCH1084,Madhya Pradesh,Indore,Urban,Female,General,13,9,75000,78,3.2,Yes,Family Issues
STU01922,SCH1179,Rajasthan,Kota,Urban,Male,General,15,9,100000,50,2.4,Yes,Poor Academic Performance
STU01923,SCH1157,Maharashtra,Pune,Urban,Male,SC,13,8,200000,94,4.1,No,None
STU01924,SCH1036,Gujarat,Surat,Urban,Male,SC,18,12,200000,72,4.3,Yes,Poverty
STU01925,SCH1181,Gujarat,Vadodara,Semi-Urban,Male,SC,14,9,75000,79,4.3,Yes,Family Issues
STU01926,SCH1215,Uttar Pradesh,Agra,Urban,Female,SC,13,7,100000,79,3.8,No,None
STU01927,SCH1203,Madhya Pradesh,Indore,Semi-Urban,Male,General,10,5,75000,82,6.0,No,None
STU01928,SCH1197,Uttar Pradesh,Agra,Semi-Urban,Female,OBC,16,11,200000,74,4.2,No,None
STU01929,SCH1040,Maharashtra,Pune,Rural,Male,OBC,11,6,75000,90,0.2,Yes,Poor Academic Performance
STU01930,SCH1050,Gujarat,Vadodara,Rural,Female,SC,12,6,75000,64,6.9,Yes,Family Issues
STU01931,SCH1017,Rajasthan,Jaipur,Rural,Other,OBC,13,8,500000,58,4.2,Yes,Lack of Interest
STU01932,SCH1179,Rajasthan,Kota,Rural,Female,General,10,6,200000,82,5.7,No,None
STU01933,SCH1024,Madhya Pradesh,Bhopal,Urban,Male,OBC,15,9,200000,67,4.3,No,None
STU01934,SCH1053,Maharashtra,Nashik,Rural,Male,General,8,3,75000,73,6.8,Yes,Poverty
STU01935,SCH1188,Uttar Pradesh,Agra,Semi-Urban,Female,General,17,12,75000,80,1.1,No,None
STU01936,SCH1156,Uttar Pradesh,Aligarh,Urban,Male,General,12,7,300000,81,2.1,No,None
STU01937,SCH1086,Maharashtra,Nagpur,Urban,Male,SC,17,12,300000,85,5.5,Yes,Poverty
STU01938,SCH1111,Maharashtra,Aurangabad,Urban,Male,OBC,10,5,75000,78,5.7,No,None
STU01939,SCH1209,Maharashtra,Aurangabad,Rural,Female,OBC,15,11,75000,73,1.8,Yes,Poverty
STU01940,SCH1018,Gujarat,Surat,Rural,Male,OBC,6,1,200000,76,6.2,No,None
STU01941,SCH1178,Madhya Pradesh,Gwalior,Urban,Male,OBC,13,8,150000,100,5.2,No,None
STU01942,SCH1124,Maharashtra,Nashik,Rural,Female,SC,9,4,50000,72,6.9,Yes,Family Issues
STU01943,SCH1188,Madhya Pradesh,Indore,Rural,Male,SC,12,6,100000,71,3.2,No,None
STU01944,SCH1088,Uttar Pradesh,Aligarh,Urban,Female,OBC,11,6,200000,67,6.4,No,None
STU01945,SCH1223,Uttar Pradesh,Aligarh,Urban,Male,OBC,11,5,50000,56,4.8,Yes,Family Issues
STU01946,SCH1079,Madhya Pradesh,Gwalior,Rural,Female,General,9,3,150000,80,5.3,No,None
STU01947,SCH1073,Gujarat,Surat,Urban,Female,General,6,1,75000,61,5.1,Yes,Poverty
STU01948,SCH1158,Rajasthan,Udaipur,Urban,Male,General,6,1,150000,82,2.2,No,None
STU01949,SCH1177,Rajasthan,Kota,Urban,Male,OBC,14,8,500000,58,6.0,No,None
STU01950,SCH1164,Gujarat,Vadodara,Semi-Urban,Female,OBC,9,5,50000,50,6.6,Yes,Lack of Transport
STU01951,SCH1125,Rajasthan,Udaipur,Rural,Male,SC,17,11,50000,74,0.2,Yes,Migration
STU01952,SCH1060,Madhya Pradesh,Indore,Rural,Female,OBC,9,4,150000,64,1.8,No,None
STU01953,SCH1244,Uttar Pradesh,Aligarh,Urban,Female,General,8,4,200000,61,9.8,No,None
STU01954,SCH1217,Madhya Pradesh,Gwalior,Rural,Other,OBC,11,5,50000,54,7.5,Yes,Poor Academic Performance
STU01955,SCH1037,Maharashtra,Pune,Rural,Female,General,6,1,500000,86,0.2,No,None
STU01956,SCH1246,Gujarat,Ahmedabad,Rural,Male,ST,6,2,100000,100,0.2,No,None
STU01957,SCH1132,Madhya Pradesh,Indore,Urban,Other,OBC,18,12,50000,87,2.9,Yes,Poverty
STU01958,SCH1019,Rajasthan,Jaipur,Rural,Female,OBC,9,4,75000,63,5.3,Yes,Poverty
STU01959,SCH1129,Madhya Pradesh,Bhopal,Urban,Female,OBC,7,2,75000,85,5.1,No,None
STU01960,SCH1140,Rajasthan,Udaipur,Rural,Male,General,9,4,150000,70,4.0,No,None
STU01961,SCH1033,Rajasthan,Kota,Urban,Female,OBC,14,9,75000,81,0.2,Yes,Lack of Transport
STU01962,SCH1105,Uttar Pradesh,Lucknow,Semi-Urban,Other,SC,7,2,150000,54,0.2,No,None
STU01963,SCH1181,Madhya Pradesh,Indore,Rural,Female,SC,17,12,50000,63,1.3,Yes,Poverty
STU01964,SCH1169,Rajasthan,Udaipur,Rural,Female,OBC,13,7,75000,78,4.8,No,None
STU01965,SCH1037,Madhya Pradesh,Gwalior,Urban,Other,OBC,11,7,100000,83,0.4,No,None
STU01966,SCH1239,Uttar Pradesh,Aligarh,Rural,Female,ST,16,11,500000,86,5.6,Yes,Lack of Interest
STU01967,SCH1085,Rajasthan,Jodhpur,Rural,Male,OBC,16,10,300000,84,5.8,No,None
STU01968,SCH1085,Gujarat,Surat,Urban,Female,OBC,12,7,75000,96,6.3,No,None
STU01969,SCH1037,Madhya Pradesh,Gwalior,Rural,Male,SC,18,12,200000,79,3.9,Yes,Poverty
STU01970,SCH1211,Maharashtra,Aurangabad,Rural,Female,General,16,10,200000,79,3.4,No,None
STU01971,SCH1022,Madhya Pradesh,Bhopal,Rural,Male,SC,17,11,100000,79,5.4,Yes,Poverty
STU01972,SCH1206,Uttar Pradesh,Lucknow,Rural,Female,OBC,6,2,150000,88,2.6,No,None
STU01973,SCH1185,Gujarat,Ahmedabad,Rural,Male,OBC,9,5,500000,99,2.9,No,None
STU01974,SCH1110,Uttar Pradesh,Kanpur,Rural,Male,OBC,15,9,75000,83,6.5,Yes,Family Issues
STU01975,SCH1160,Rajasthan,Jaipur,Rural,Female,ST,16,10,100000,93,6.7,Yes,Poverty
STU01976,SCH1220,Rajasthan,Kota,Rural,Male,OBC,11,6,300000,91,3.5,No,None
STU01977,SCH1208,Rajasthan,Jaipur,Rural,Other,SC,12,8,50000,93,0.2,Yes,Migration
STU01978,SCH1225,Maharashtra,Nagpur,Rural,Female,SC,14,9,75000,99,0.2,Yes,Lack of Interest
STU01979,SCH1176,Rajasthan,Kota,Rural,Other,ST,10,5,150000,72,0.8,No,None
STU01980,SCH1094,Uttar Pradesh,Agra,Urban,Female,General,7,1,75000,67,2.0,Yes,Family Issues
STU01981,SCH1039,Rajasthan,Kota,Rural,Male,ST,15,9,150000,44,1.7,Yes,Lack of Interest
STU01982,SCH1203,Madhya Pradesh,Gwalior,Semi-Urban,Male,OBC,12,6,75000,77,5.1,No,None
STU01983,SCH1074,Gujarat,Vadodara,Rural,Male,OBC,17,12,100000,81,5.6,No,None
STU01984,SCH1228,Madhya Pradesh,Gwalior,Rural,Female,General,6,1,300000,66,3.3,No,None
STU01985,SCH1151,Gujarat,Vadodara,Urban,Female,OBC,18,12,200000,83,1.9,No,None
STU01986,SCH1035,Uttar Pradesh,Kanpur,Rural,Female,SC,13,7,500000,71,2.9,No,None
STU01987,SCH1103,Gujarat,Vadodara,Rural,Male,SC,7,2,200000,56,3.0,Yes,Poverty
STU01988,SCH1048,Rajasthan,Jodhpur,Urban,Male,SC,9,4,100000,79,0.2,No,None
STU01989,SCH1167,Uttar Pradesh,Lucknow,Rural,Male,General,7,2,200000,62,2.9,No,None
STU01990,SCH1135,Maharashtra,Nashik,Rural,Female,OBC,11,5,200000,80,4.8,No,None
STU01991,SCH1042,Gujarat,Surat,Urban,Female,General,12,7,100000,61,1.1,No,None
STU01992,SCH1213,Madhya Pradesh,Gwalior,Urban,Male,General,13,8,200000,73,0.2,No,None
STU01993,SCH1160,Maharashtra,Pune,Rural,Female,OBC,9,3,200000,74,4.5,No,None
STU01994,SCH1016,Gujarat,Vadodara,Urban,Male,General,17,11,75000,76,1.5,Yes,Family Issues
STU01995,SCH1135,Maharashtra,Nashik,Rural,Male,General,14,9,150000,75,1.9,No,None
STU01996,SCH1032,Madhya Pradesh,Jabalpur,Semi-Urban,Male,SC,9,3,300000,87,5.6,No,None
STU01997,SCH1200,Rajasthan,Jaipur,Semi-Urban,Female,General,14,9,100000,78,0.2,No,None
STU01998,SCH1018,Madhya Pradesh,Gwalior,Rural,Male,General,10,5,75000,70,4.0,Yes,Lack of Interest
STU01999,SCH1181,Maharashtra,Nashik,Rural,Female,OBC,10,5,150000,62,0.2,Yes,Poverty
STU02000,SCH1171,Madhya Pradesh,Gwalior,Rural,Male,General,17,12,200000,91,0.6,No,None
STU02001,SCH1077,Gujarat,Vadodara,Rural,Female,SC,14,8,100000,64,7.0,No,None
STU02002,SCH1035,Maharashtra,Aurangabad,Rural,Male,OBC,17,12,300000,87,6.8,Yes,Child Labour
STU02003,SCH1176,Rajasthan,Kota,Urban,Female,OBC,17,12,75000,81,4.9,Yes,Lack of Transport
STU02004,SCH1167,Gujarat,Vadodara,Rural,Male,SC,10,6,200000,68,0.2,No,None
STU02005,SCH1107,Uttar Pradesh,Lucknow,Rural,Male,OBC,6,2,75000,79,4.4,Yes,Migration
STU02006,SCH1093,Madhya Pradesh,Gwalior,Urban,Male,ST,16,11,150000,64,7.6,Yes,Family Issues
STU02007,SCH1086,Madhya Pradesh,Gwalior,Rural,Female,General,16,11,200000,57,0.2,Yes,Lack of Transport
STU02008,SCH1199,Rajasthan,Jaipur,Rural,Male,General,16,11,300000,94,5.4,No,None
STU02009,SCH1016,Gujarat,Vadodara,Rural,Male,OBC,8,3,300000,89,6.4,No,None
STU02010,SCH1189,Maharashtra,Nagpur,Urban,Female,OBC,18,12,75000,65,2.6,Yes,Poverty
STU02011,SCH1033,Uttar Pradesh,Aligarh,Urban,Male,ST,6,1,500000,59,2.3,No,None
STU02012,SCH1233,Rajasthan,Jodhpur,Urban,Male,General,8,3,75000,74,1.9,No,None
STU02013,SCH1006,Uttar Pradesh,Agra,Rural,Male,General,10,4,150000,78,7.7,No,None
STU02014,SCH1030,Madhya Pradesh,Gwalior,Urban,Female,OBC,14,9,300000,79,1.7,No,None
STU02015,SCH1126,Madhya Pradesh,Indore,Rural,Female,ST,18,12,100000,61,0.2,Yes,Health Issues
STU02016,SCH1180,Maharashtra,Pune,Rural,Male,SC,13,8,100000,76,5.3,No,None
STU02017,SCH1182,Uttar Pradesh,Kanpur,Urban,Male,OBC,11,6,200000,83,2.9,No,None
STU02018,SCH1220,Rajasthan,Kota,Semi-Urban,Female,OBC,16,11,150000,86,4.7,No,None
STU02019,SCH1187,Rajasthan,Kota,Urban,Female,OBC,10,6,50000,56,4.6,Yes,Child Labour
STU02020,SCH1127,Maharashtra,Aurangabad,Urban,Male,SC,9,4,150000,93,6.7,No,None
STU02021,SCH1238,Gujarat,Surat,Rural,Female,SC,14,9,300000,60,6.0,Yes,Health Issues
STU02022,SCH1016,Madhya Pradesh,Jabalpur,Rural,Male,General,14,8,75000,62,5.5,Yes,Family Issues
STU02023,SCH1176,Uttar Pradesh,Aligarh,Urban,Female,General,14,9,100000,76,6.7,Yes,Poverty
STU02024,SCH1022,Rajasthan,Jodhpur,Rural,Female,OBC,12,7,50000,65,2.3,Yes,Lack of Transport
STU02025,SCH1088,Madhya Pradesh,Bhopal,Semi-Urban,Male,OBC,9,5,150000,99,5.2,No,None
STU02026,SCH1111,Maharashtra,Nagpur,Rural,Female,ST,6,1,150000,62,0.2,No,None
STU02027,SCH1208,Gujarat,Rajkot,Semi-Urban,Female,ST,14,9,150000,51,4.4,Yes,Health Issues
STU02028,SCH1088,Uttar Pradesh,Aligarh,Urban,Female,General,10,5,50000,97,0.2,No,None
STU02029,SCH1034,Rajasthan,Jodhpur,Semi-Urban,Male,General,12,7,300000,60,5.3,No,None
STU02030,SCH1141,Maharashtra,Nashik,Urban,Female,General,13,8,150000,75,4.2,No,None
STU02031,SCH1161,Uttar Pradesh,Agra,Semi-Urban,Female,General,13,9,75000,74,0.2,Yes,Poor Academic Performance
STU02032,SCH1037,Rajasthan,Jaipur,Urban,Other,OBC,6,1,150000,67,5.9,No,None
STU02033,SCH1249,Uttar Pradesh,Aligarh,Urban,Female,OBC,17,12,150000,65,7.5,No,None
STU02034,SCH1071,Uttar Pradesh,Kanpur,Urban,Male,SC,18,12,300000,74,3.0,Yes,Health Issues
STU02035,SCH1175,Uttar Pradesh,Kanpur,Rural,Female,General,12,6,75000,100,11.4,Yes,Migration
STU02036,SCH1074,Maharashtra,Nashik,Urban,Male,OBC,7,2,500000,60,2.5,No,None
STU02037,SCH1056,Madhya Pradesh,Jabalpur,Rural,Female,SC,10,6,200000,88,1.6,No,None
STU02038,SCH1091,Uttar Pradesh,Lucknow,Rural,Male,OBC,8,2,100000,80,0.2,No,None
STU02039,SCH1107,Maharashtra,Aurangabad,Urban,Male,SC,9,3,100000,76,5.8,No,None
STU02040,SCH1064,Madhya Pradesh,Bhopal,Rural,Female,SC,6,1,300000,92,5.3,No,None
STU02041,SCH1068,Maharashtra,Aurangabad,Rural,Male,OBC,14,9,150000,62,3.7,No,None
STU02042,SCH1086,Uttar Pradesh,Lucknow,Urban,Male,SC,16,12,300000,67,3.7,No,None
STU02043,SCH1087,Madhya Pradesh,Bhopal,Urban,Male,OBC,16,12,200000,89,0.2,No,None
STU02044,SCH1205,Uttar Pradesh,Agra,Rural,Male,OBC,11,6,150000,61,4.8,No,None
STU02045,SCH1220,Madhya Pradesh,Jabalpur,Rural,Female,OBC,6,1,100000,73,4.7,Yes,Migration
STU02046,SCH1032,Rajasthan,Jaipur,Rural,Female,SC,12,7,300000,79,3.0,No,None
STU02047,SCH1028,Gujarat,Surat,Semi-Urban,Male,OBC,10,6,100000,33,3.4,No,None
STU02048,SCH1189,Gujarat,Ahmedabad,Rural,Male,OBC,9,4,150000,74,0.2,No,None
STU02049,SCH1136,Maharashtra,Nashik,Urban,Female,OBC,8,3,200000,76,5.7,No,None
STU02050,SCH1208,Uttar Pradesh,Kanpur,Semi-Urban,Female,SC,7,3,150000,76,0.2,No,None
STU02051,SCH1157,Rajasthan,Jodhpur,Rural,Male,General,10,6,100000,72,8.8,Yes,Poverty
STU02052,SCH1219,Madhya Pradesh,Indore,Semi-Urban,Female,General,13,9,150000,78,2.4,No,None
STU02053,SCH1068,Maharashtra,Aurangabad,Urban,Male,General,14,9,200000,76,1.1,No,None
STU02054,SCH1047,Uttar Pradesh,Kanpur,Rural,Male,SC,6,1,75000,82,1.6,Yes,Migration
STU02055,SCH1024,Madhya Pradesh,Jabalpur,Rural,Male,OBC,7,2,200000,59,5.2,Yes,Poverty
STU02056,SCH1049,Madhya Pradesh,Gwalior,Rural,Male,OBC,14,10,150000,70,3.1,Yes,Child Labour
STU02057,SCH1195,Rajasthan,Udaipur,Urban,Female,OBC,17,12,150000,94,6.3,No,None
STU02058,SCH1184,Uttar Pradesh,Aligarh,Urban,Female,SC,7,2,150000,88,6.0,No,None
STU02059,SCH1103,Uttar Pradesh,Kanpur,Semi-Urban,Male,OBC,8,4,500000,59,4.1,No,None
STU02060,SCH1117,Rajasthan,Udaipur,Rural,Female,General,9,4,100000,69,2.4,Yes,Family Issues
STU02061,SCH1153,Maharashtra,Aurangabad,Rural,Male,General,18,12,75000,66,4.0,Yes,Poverty
STU02062,SCH1060,Madhya Pradesh,Indore,Urban,Female,OBC,15,9,300000,50,3.9,Yes,Family Issues
STU02063,SCH1041,Gujarat,Rajkot,Rural,Male,OBC,18,12,100000,57,7.0,Yes,Family Issues
STU02064,SCH1179,Uttar Pradesh,Lucknow,Urban,Female,General,15,9,300000,71,2.9,No,None
STU02065,SCH1226,Madhya Pradesh,Jabalpur,Semi-Urban,Male,OBC,11,6,150000,60,4.7,No,None
STU02066,SCH1087,Maharashtra,Nashik,Rural,Female,OBC,12,7,200000,81,0.2,No,None
STU02067,SCH1162,Rajasthan,Kota,Urban,Female,General,10,5,200000,96,2.6,No,None
STU02068,SCH1076,Rajasthan,Jaipur,Urban,Female,SC,10,6,75000,85,0.4,Yes,Migration
STU02069,SCH1116,Rajasthan,Kota,Rural,Female,General,17,11,150000,66,1.1,Yes,Poverty
STU02070,SCH1218,Uttar Pradesh,Aligarh,Urban,Male,General,14,10,150000,84,2.2,No,None
STU02071,SCH1182,Rajasthan,Jaipur,Urban,Female,General,14,8,75000,67,2.4,Yes,Family Issues
STU02072,SCH1044,Rajasthan,Jaipur,Urban,Female,SC,12,7,75000,70,1.2,Yes,Family Issues
STU02073,SCH1143,Madhya Pradesh,Indore,Rural,Male,ST,10,5,75000,100,5.4,Yes,Lack of Interest
STU02074,SCH1168,Rajasthan,Udaipur,Urban,Female,OBC,17,12,150000,76,1.7,No,None
STU02075,SCH1110,Uttar Pradesh,Agra,Urban,Male,General,8,3,200000,83,5.7,No,None
STU02076,SCH1246,Madhya Pradesh,Indore,Rural,Female,OBC,16,12,50000,85,0.7,Yes,Poverty
STU02077,SCH1091,Gujarat,Vadodara,Urban,Male,SC,18,12,75000,79,1.3,No,None
STU02078,SCH1048,Uttar Pradesh,Agra,Rural,Female,General,13,7,150000,45,4.7,Yes,Migration
STU02079,SCH1132,Maharashtra,Aurangabad,Rural,Male,SC,14,8,150000,87,2.0,No,None
STU02080,SCH1147,Rajasthan,Kota,Rural,Male,OBC,7,1,200000,98,1.6,No,None
STU02081,SCH1242,Maharashtra,Nashik,Urban,Female,OBC,18,12,200000,82,3.9,No,None
STU02082,SCH1215,Rajasthan,Kota,Urban,Female,OBC,9,5,100000,55,3.7,No,None
STU02083,SCH1181,Rajasthan,Jaipur,Urban,Female,OBC,11,6,300000,88,3.4,No,None
STU02084,SCH1242,Uttar Pradesh,Lucknow,Semi-Urban,Female,OBC,18,12,75000,68,6.7,Yes,Family Issues
STU02085,SCH1012,Madhya Pradesh,Indore,Semi-Urban,Other,OBC,16,10,100000,72,8.0,No,None
STU02086,SCH1107,Madhya Pradesh,Bhopal,Rural,Female,OBC,16,12,100000,73,1.6,Yes,Poverty
STU02087,SCH1195,Madhya Pradesh,Indore,Rural,Male,OBC,6,1,150000,81,1.8,No,None
STU02088,SCH1114,Madhya Pradesh,Bhopal,Rural,Male,OBC,8,3,100000,60,0.2,No,None
STU02089,SCH1033,Madhya Pradesh,Bhopal,Urban,Female,OBC,9,3,50000,67,1.8,Yes,Poverty
STU02090,SCH1025,Gujarat,Ahmedabad,Semi-Urban,Female,OBC,11,5,500000,69,4.0,No,None
STU02091,SCH1151,Rajasthan,Udaipur,Rural,Female,General,15,9,300000,85,0.2,No,None
STU02092,SCH1047,Maharashtra,Nashik,Semi-Urban,Male,OBC,15,11,75000,64,7.5,Yes,Health Issues
STU02093,SCH1057,Rajasthan,Jaipur,Urban,Female,SC,7,3,50000,86,1.6,No,None
STU02094,SCH1099,Rajasthan,Jaipur,Rural,Male,ST,13,9,75000,86,5.1,Yes,Poor Academic Performance
STU02095,SCH1056,Rajasthan,Jodhpur,Rural,Male,General,9,3,150000,64,7.3,No,None
STU02096,SCH1113,Uttar Pradesh,Lucknow,Rural,Female,OBC,17,12,500000,74,3.3,No,None
STU02097,SCH1182,Uttar Pradesh,Aligarh,Rural,Female,General,8,4,150000,79,1.3,No,None
STU02098,SCH1235,Rajasthan,Jaipur,Urban,Male,SC,12,7,75000,85,4.8,Yes,Poverty
STU02099,SCH1173,Maharashtra,Pune,Rural,Male,General,9,4,200000,63,3.2,No,None
STU02100,SCH1166,Uttar Pradesh,Aligarh,Rural,Female,SC,8,4,75000,100,0.4,Yes,Poor Academic Performance
STU02101,SCH1033,Gujarat,Surat,Urban,Male,General,18,12,100000,61,2.0,No,None
STU02102,SCH1233,Uttar Pradesh,Agra,Semi-Urban,Female,General,16,11,75000,83,1.5,Yes,Health Issues
STU02103,SCH1040,Gujarat,Surat,Urban,Male,SC,11,6,150000,86,3.2,No,None
STU02104,SCH1193,Gujarat,Ahmedabad,Rural,Male,OBC,12,7,300000,88,0.2,No,None
STU02105,SCH1135,Gujarat,Surat,Rural,Female,ST,9,5,150000,70,6.0,No,None
STU02106,SCH1197,Uttar Pradesh,Lucknow,Rural,Male,SC,6,2,300000,86,3.6,No,None
STU02107,SCH1241,Madhya Pradesh,Indore,Urban,Female,SC,13,8,100000,65,4.5,No,None
STU02108,SCH1208,Maharashtra,Aurangabad,Semi-Urban,Female,SC,15,9,150000,75,0.2,No,None
STU02109,SCH1242,Madhya Pradesh,Bhopal,Urban,Male,OBC,14,10,100000,89,4.3,No,None
STU02110,SCH1204,Gujarat,Surat,Urban,Male,General,17,12,50000,66,1.6,Yes,Poverty
STU02111,SCH1140,Uttar Pradesh,Lucknow,Rural,Female,OBC,17,12,300000,70,2.9,Yes,Family Issues
STU02112,SCH1157,Uttar Pradesh,Kanpur,Semi-Urban,Female,SC,6,1,75000,79,6.0,Yes,Child Labour
STU02113,SCH1028,Maharashtra,Nagpur,Semi-Urban,Male,OBC,11,7,75000,100,8.3,Yes,Family Issues
STU02114,SCH1018,Uttar Pradesh,Lucknow,Urban,Female,General,14,8,150000,100,0.2,No,None
STU02115,SCH1208,Uttar Pradesh,Aligarh,Rural,Female,OBC,18,12,150000,100,4.8,No,None
STU02116,SCH1111,Maharashtra,Nagpur,Semi-Urban,Female,General,18,12,50000,66,1.6,Yes,Migration
STU02117,SCH1100,Gujarat,Ahmedabad,Semi-Urban,Male,ST,13,8,100000,84,3.7,No,None
STU02118,SCH1202,Gujarat,Rajkot,Urban,Female,SC,17,12,75000,75,1.9,Yes,Lack of Interest
STU02119,SCH1188,Madhya Pradesh,Gwalior,Rural,Female,OBC,16,12,500000,100,1.1,Yes,Family Issues
STU02120,SCH1079,Rajasthan,Kota,Urban,Female,OBC,8,2,300000,79,4.0,No,None
STU02121,SCH1032,Gujarat,Vadodara,Urban,Male,OBC,14,10,100000,83,0.2,No,None
STU02122,SCH1195,Rajasthan,Kota,Rural,Female,OBC,17,12,75000,65,4.3,Yes,Poverty
STU02123,SCH1207,Rajasthan,Jaipur,Urban,Male,SC,14,10,50000,69,2.2,Yes,Migration
STU02124,SCH1236,Madhya Pradesh,Indore,Urban,Male,SC,8,2,300000,82,5.3,No,None
STU02125,SCH1097,Uttar Pradesh,Aligarh,Rural,Female,ST,16,11,150000,60,3.8,Yes,Poverty
STU02126,SCH1119,Gujarat,Surat,Rural,Female,ST,9,4,300000,85,4.3,No,None
STU02127,SCH1160,Madhya Pradesh,Bhopal,Urban,Male,OBC,9,3,300000,75,0.2,No,None
STU02128,SCH1044,Maharashtra,Pune,Urban,Male,SC,14,8,300000,100,5.5,No,None
STU02129,SCH1028,Madhya Pradesh,Gwalior,Semi-Urban,Female,OBC,18,12,75000,98,1.8,No,None
STU02130,SCH1051,Madhya Pradesh,Jabalpur,Rural,Female,OBC,9,5,200000,83,4.9,No,None
STU02131,SCH1037,Madhya Pradesh,Indore,Rural,Male,General,16,10,100000,81,0.2,Yes,Poverty
STU02132,SCH1099,Gujarat,Surat,Rural,Male,SC,18,12,500000,86,0.2,No,None
STU02133,SCH1203,Madhya Pradesh,Gwalior,Semi-Urban,Female,SC,6,1,500000,60,2.9,No,None
STU02134,SCH1047,Madhya Pradesh,Jabalpur,Rural,Male,General,8,3,50000,73,0.2,Yes,Family Issues
STU02135,SCH1123,Rajasthan,Udaipur,Rural,Male,General,14,9,300000,80,4.4,No,None
STU02136,SCH1101,Uttar Pradesh,Aligarh,Rural,Female,ST,17,12,200000,61,1.6,Yes,Migration
STU02137,SCH1215,Rajasthan,Kota,Urban,Male,General,13,8,500000,66,1.6,No,None
STU02138,SCH1028,Maharashtra,Aurangabad,Urban,Female,General,8,3,150000,82,0.2,No,None
STU02139,SCH1217,Gujarat,Surat,Urban,Female,SC,18,12,200000,64,5.4,Yes,Child Labour
STU02140,SCH1068,Madhya Pradesh,Gwalior,Rural,Male,General,9,4,100000,91,3.2,No,None
STU02141,SCH1191,Maharashtra,Nashik,Urban,Male,OBC,14,8,100000,99,11.9,No,None
STU02142,SCH1029,Rajasthan,Jaipur,Rural,Male,General,12,6,100000,86,2.9,No,None
STU02143,SCH1154,Uttar Pradesh,Agra,Rural,Female,OBC,18,12,500000,67,3.2,Yes,Poverty
STU02144,SCH1052,Rajasthan,Jodhpur,Semi-Urban,Female,OBC,8,3,50000,86,4.3,No,None
STU02145,SCH1106,Uttar Pradesh,Kanpur,Urban,Female,SC,8,2,150000,76,0.7,No,None
STU02146,SCH1242,Madhya Pradesh,Gwalior,Urban,Male,General,15,10,200000,57,0.8,Yes,Child Labour
STU02147,SCH1091,Maharashtra,Aurangabad,Rural,Male,OBC,9,3,300000,73,7.0,No,None
STU02148,SCH1104,Gujarat,Surat,Urban,Male,OBC,6,1,100000,71,5.7,No,None
STU02149,SCH1123,Rajasthan,Udaipur,Rural,Male,SC,14,8,150000,62,1.8,Yes,Lack of Transport
STU02150,SCH1241,Madhya Pradesh,Gwalior,Urban,Male,General,8,2,500000,73,4.1,No,None
STU02151,SCH1129,Madhya Pradesh,Gwalior,Urban,Male,OBC,16,11,75000,100,8.0,Yes,Poverty
STU02152,SCH1095,Madhya Pradesh,Indore,Rural,Male,OBC,13,8,200000,65,5.1,No,None
STU02153,SCH1166,Gujarat,Ahmedabad,Urban,Male,SC,12,6,100000,49,7.3,Yes,Family Issues
STU02154,SCH1113,Uttar Pradesh,Lucknow,Rural,Male,SC,17,12,200000,74,4.9,Yes,Lack of Transport
STU02155,SCH1118,Uttar Pradesh,Kanpur,Rural,Female,OBC,7,2,75000,69,8.6,Yes,Lack of Transport
STU02156,SCH1074,Maharashtra,Pune,Urban,Male,SC,10,6,500000,76,0.2,No,None
STU02157,SCH1240,Madhya Pradesh,Gwalior,Urban,Male,OBC,14,9,75000,61,3.2,Yes,Poverty
STU02158,SCH1073,Maharashtra,Nagpur,Rural,Male,General,11,7,75000,61,3.1,Yes,Health Issues
STU02159,SCH1072,Madhya Pradesh,Bhopal,Semi-Urban,Male,General,7,3,500000,100,0.5,No,None
STU02160,SCH1132,Rajasthan,Jodhpur,Urban,Female,SC,9,4,75000,97,1.6,Yes,Poverty
STU02161,SCH1124,Maharashtra,Nashik,Urban,Female,SC,13,8,100000,87,0.8,No,None
STU02162,SCH1114,Rajasthan,Kota,Urban,Female,General,15,11,100000,73,3.3,No,None
STU02163,SCH1243,Madhya Pradesh,Bhopal,Rural,Male,General,8,3,150000,100,1.7,No,None
STU02164,SCH1135,Madhya Pradesh,Bhopal,Rural,Female,General,16,10,50000,78,5.7,Yes,Health Issues
STU02165,SCH1163,Uttar Pradesh,Agra,Semi-Urban,Male,OBC,15,11,150000,67,3.4,No,None
STU02166,SCH1193,Gujarat,Vadodara,Rural,Female,General,13,9,500000,80,4.1,Yes,Poverty
STU02167,SCH1027,Madhya Pradesh,Bhopal,Urban,Male,SC,8,4,100000,72,0.2,No,None
STU02168,SCH1193,Madhya Pradesh,Bhopal,Rural,Female,OBC,17,12,100000,75,7.2,No,None
STU02169,SCH1179,Gujarat,Ahmedabad,Urban,Male,OBC,16,11,300000,90,0.2,No,None
STU02170,SCH1091,Rajasthan,Jaipur,Rural,Female,OBC,8,3,150000,67,0.7,No,None
STU02171,SCH1131,Madhya Pradesh,Gwalior,Semi-Urban,Female,General,15,9,75000,66,3.6,Yes,Poor Academic Performance
STU02172,SCH1058,Gujarat,Vadodara,Urban,Female,OBC,18,12,75000,69,7.4,Yes,Health Issues
STU02173,SCH1178,Gujarat,Ahmedabad,Rural,Female,OBC,13,8,75000,71,2.1,Yes,Poverty
STU02174,SCH1062,Uttar Pradesh,Aligarh,Rural,Female,OBC,6,2,150000,72,1.9,No,None
STU02175,SCH1136,Uttar Pradesh,Agra,Semi-Urban,Male,OBC,16,12,200000,84,2.3,No,None
STU02176,SCH1225,Rajasthan,Jaipur,Rural,Female,SC,13,8,50000,74,3.3,Yes,Poor Academic Performance
STU02177,SCH1024,Gujarat,Ahmedabad,Rural,Male,SC,16,12,300000,99,5.4,Yes,Lack of Transport
STU02178,SCH1032,Gujarat,Vadodara,Rural,Male,ST,12,7,75000,80,0.2,Yes,Family Issues
STU02179,SCH1062,Uttar Pradesh,Kanpur,Urban,Female,SC,16,11,50000,71,0.3,Yes,Lack of Transport
STU02180,SCH1183,Madhya Pradesh,Bhopal,Rural,Female,General,15,10,150000,69,1.1,Yes,Family Issues
STU02181,SCH1076,Rajasthan,Udaipur,Rural,Male,SC,7,2,500000,90,2.9,No,None
STU02182,SCH1205,Madhya Pradesh,Jabalpur,Urban,Female,OBC,8,4,300000,56,2.9,No,None
STU02183,SCH1005,Madhya Pradesh,Bhopal,Semi-Urban,Female,OBC,15,10,75000,71,3.4,Yes,Migration
STU02184,SCH1249,Maharashtra,Aurangabad,Rural,Male,General,8,3,150000,71,3.1,No,None
STU02185,SCH1216,Gujarat,Vadodara,Rural,Male,OBC,6,1,75000,79,9.5,Yes,Family Issues
STU02186,SCH1146,Madhya Pradesh,Indore,Rural,Female,General,12,7,75000,69,3.7,Yes,Health Issues
STU02187,SCH1115,Rajasthan,Udaipur,Rural,Female,SC,14,9,75000,85,5.7,Yes,Migration
STU02188,SCH1029,Maharashtra,Nagpur,Urban,Male,General,9,4,500000,67,5.5,No,None
STU02189,SCH1046,Rajasthan,Jodhpur,Semi-Urban,Female,General,8,3,50000,86,7.2,No,None
STU02190,SCH1190,Rajasthan,Jodhpur,Semi-Urban,Male,General,8,2,200000,82,4.9,No,None
STU02191,SCH1038,Madhya Pradesh,Indore,Rural,Female,SC,12,8,50000,51,6.1,Yes,Child Labour
STU02192,SCH1137,Madhya Pradesh,Indore,Rural,Female,ST,7,1,150000,72,0.9,Yes,Child Labour
STU02193,SCH1038,Gujarat,Surat,Semi-Urban,Female,OBC,14,9,500000,92,6.6,Yes,Migration
STU02194,SCH1089,Uttar Pradesh,Kanpur,Rural,Male,General,17,12,200000,56,3.3,Yes,Lack of Interest
STU02195,SCH1241,Uttar Pradesh,Agra,Rural,Female,General,14,9,50000,75,2.6,Yes,Poor Academic Performance
STU02196,SCH1094,Maharashtra,Nagpur,Rural,Male,General,17,11,50000,88,3.2,Yes,Family Issues
STU02197,SCH1021,Gujarat,Ahmedabad,Rural,Female,General,16,11,75000,74,2.8,Yes,Lack of Transport
STU02198,SCH1176,Gujarat,Surat,Rural,Male,General,15,10,150000,69,3.7,Yes,Family Issues
STU02199,SCH1121,Gujarat,Ahmedabad,Rural,Female,OBC,10,5,100000,88,7.7,No,None
STU02200,SCH1015,Gujarat,Vadodara,Semi-Urban,Female,OBC,14,10,100000,64,5.0,Yes,Lack of Interest
STU02201,SCH1204,Uttar Pradesh,Agra,Semi-Urban,Male,SC,8,2,75000,71,5.0,No,None
STU02202,SCH1055,Maharashtra,Aurangabad,Urban,Female,OBC,11,5,150000,81,0.5,No,None
STU02203,SCH1076,Gujarat,Surat,Rural,Male,General,9,4,300000,50,6.3,Yes,Lack of Transport
STU02204,SCH1152,Rajasthan,Udaipur,Semi-Urban,Male,SC,17,12,300000,95,0.9,No,None
STU02205,SCH1231,Rajasthan,Jaipur,Rural,Female,OBC,9,4,150000,82,3.0,No,None
STU02206,SCH1123,Gujarat,Surat,Rural,Female,General,14,10,75000,84,2.4,Yes,Lack of Interest
STU02207,SCH1244,Rajasthan,Udaipur,Urban,Female,OBC,9,4,100000,96,2.8,No,None
STU02208,SCH1232,Rajasthan,Jodhpur,Rural,Female,General,7,3,500000,77,3.2,No,None
STU02209,SCH1219,Uttar Pradesh,Kanpur,Rural,Female,SC,11,6,75000,85,3.2,Yes,Health Issues
STU02210,SCH1072,Uttar Pradesh,Kanpur,Rural,Male,General,12,6,200000,68,7.9,No,None
STU02211,SCH1153,Madhya Pradesh,Jabalpur,Rural,Female,SC,12,8,50000,69,4.0,Yes,Health Issues
STU02212,SCH1137,Madhya Pradesh,Bhopal,Semi-Urban,Female,OBC,18,12,150000,56,4.1,No,None
STU02213,SCH1049,Uttar Pradesh,Lucknow,Rural,Female,SC,16,11,300000,88,0.2,Yes,Poverty
STU02214,SCH1147,Uttar Pradesh,Agra,Urban,Male,ST,15,11,100000,74,3.0,Yes,Poverty
STU02215,SCH1142,Uttar Pradesh,Agra,Rural,Female,General,6,1,100000,84,3.7,No,None
STU02216,SCH1249,Uttar Pradesh,Agra,Urban,Female,General,14,10,150000,89,3.1,No,None
STU02217,SCH1217,Maharashtra,Aurangabad,Rural,Male,General,18,12,500000,87,3.7,No,None
STU02218,SCH1058,Rajasthan,Kota,Semi-Urban,Female,OBC,15,11,50000,65,3.2,Yes,Lack of Transport
STU02219,SCH1072,Gujarat,Surat,Urban,Other,SC,7,3,75000,70,0.2,Yes,Poverty
STU02220,SCH1250,Madhya Pradesh,Bhopal,Rural,Female,OBC,18,12,150000,84,2.2,Yes,Child Labour
STU02221,SCH1177,Uttar Pradesh,Lucknow,Rural,Female,OBC,11,6,200000,100,4.3,No,None
STU02222,SCH1062,Maharashtra,Pune,Rural,Male,OBC,6,2,150000,75,3.5,No,None
STU02223,SCH1023,Madhya Pradesh,Bhopal,Rural,Female,OBC,10,5,200000,73,0.2,No,None
STU02224,SCH1245,Gujarat,Ahmedabad,Rural,Female,General,7,1,100000,78,5.2,No,None
STU02225,SCH1172,Gujarat,Rajkot,Rural,Female,SC,10,5,50000,88,6.7,Yes,Family Issues
STU02226,SCH1220,Gujarat,Surat,Urban,Female,General,9,3,50000,81,3.1,No,None
STU02227,SCH1094,Madhya Pradesh,Indore,Urban,Female,ST,16,11,75000,92,5.4,Yes,Poverty
STU02228,SCH1193,Uttar Pradesh,Kanpur,Urban,Male,SC,9,4,300000,74,4.5,No,None
STU02229,SCH1094,Maharashtra,Pune,Urban,Female,OBC,9,4,75000,88,1.3,No,None
STU02230,SCH1111,Madhya Pradesh,Gwalior,Semi-Urban,Male,OBC,12,7,50000,73,5.8,Yes,Poor Academic Performance
STU02231,SCH1043,Uttar Pradesh,Agra,Semi-Urban,Male,OBC,16,11,50000,51,6.6,Yes,Poverty
STU02232,SCH1121,Uttar Pradesh,Aligarh,Urban,Male,OBC,11,6,150000,92,6.1,No,None
STU02233,SCH1198,Rajasthan,Kota,Urban,Other,OBC,13,7,150000,83,4.7,No,None
STU02234,SCH1096,Maharashtra,Aurangabad,Rural,Male,General,15,11,150000,81,5.6,No,None
STU02235,SCH1026,Madhya Pradesh,Bhopal,Semi-Urban,Male,OBC,10,6,300000,100,6.0,No,None
STU02236,SCH1109,Uttar Pradesh,Lucknow,Urban,Male,SC,7,1,75000,68,1.9,Yes,Lack of Interest
STU02237,SCH1054,Madhya Pradesh,Bhopal,Rural,Male,General,9,4,500000,80,1.2,No,None
STU02238,SCH1012,Maharashtra,Nagpur,Urban,Male,SC,15,9,200000,60,8.5,Yes,Lack of Transport
STU02239,SCH1166,Gujarat,Vadodara,Rural,Female,General,17,12,150000,62,3.9,Yes,Poverty
STU02240,SCH1181,Gujarat,Rajkot,Rural,Female,SC,9,4,100000,78,5.0,No,None
STU02241,SCH1060,Uttar Pradesh,Agra,Rural,Female,SC,10,6,100000,77,4.3,No,None
STU02242,SCH1154,Maharashtra,Aurangabad,Rural,Female,General,12,8,200000,78,6.7,No,None
STU02243,SCH1095,Gujarat,Ahmedabad,Urban,Male,General,11,6,150000,76,4.1,No,None
STU02244,SCH1027,Uttar Pradesh,Kanpur,Rural,Male,OBC,18,12,100000,59,7.3,Yes,Lack of Transport
STU02245,SCH1042,Rajasthan,Jaipur,Urban,Male,SC,16,10,75000,55,1.2,Yes,Family Issues
STU02246,SCH1114,Rajasthan,Jodhpur,Rural,Male,SC,6,1,150000,93,0.2,No,None
STU02247,SCH1158,Maharashtra,Nashik,Urban,Male,SC,10,4,150000,73,9.6,Yes,Lack of Interest
STU02248,SCH1204,Uttar Pradesh,Lucknow,Semi-Urban,Male,OBC,8,3,200000,64,3.9,No,None
STU02249,SCH1210,Maharashtra,Nashik,Urban,Male,OBC,15,10,150000,61,3.9,No,None
STU02250,SCH1205,Madhya Pradesh,Bhopal,Rural,Female,OBC,13,8,300000,93,2.4,No,None
STU02251,SCH1135,Rajasthan,Udaipur,Rural,Male,OBC,10,5,50000,70,5.2,Yes,Lack of Transport
STU02252,SCH1124,Maharashtra,Nagpur,Urban,Male,General,17,11,50000,56,0.2,Yes,Poverty
STU02253,SCH1128,Maharashtra,Nagpur,Semi-Urban,Female,General,14,9,50000,79,7.2,Yes,Poverty
STU02254,SCH1245,Madhya Pradesh,Jabalpur,Urban,Male,OBC,14,8,75000,71,5.8,No,None
STU02255,SCH1072,Madhya Pradesh,Jabalpur,Urban,Male,OBC,8,4,200000,61,2.0,No,None
STU02256,SCH1024,Maharashtra,Nagpur,Rural,Female,General,8,3,75000,83,3.4,Yes,Health Issues
STU02257,SCH1207,Maharashtra,Nashik,Rural,Male,ST,14,10,50000,85,3.8,Yes,Poverty
STU02258,SCH1219,Uttar Pradesh,Lucknow,Semi-Urban,Female,ST,10,5,100000,89,2.9,No,None
STU02259,SCH1127,Rajasthan,Jodhpur,Semi-Urban,Male,SC,12,8,300000,93,3.6,No,None
STU02260,SCH1170,Rajasthan,Kota,Rural,Male,General,6,2,500000,59,5.7,No,None
STU02261,SCH1128,Rajasthan,Udaipur,Urban,Female,General,13,8,75000,78,2.1,Yes,Poverty
STU02262,SCH1222,Madhya Pradesh,Bhopal,Rural,Female,OBC,8,2,100000,67,4.4,No,None
STU02263,SCH1135,Uttar Pradesh,Kanpur,Semi-Urban,Male,General,11,5,200000,87,4.0,No,None
STU02264,SCH1173,Uttar Pradesh,Kanpur,Urban,Male,SC,8,3,200000,82,3.6,No,None
STU02265,SCH1032,Rajasthan,Udaipur,Rural,Female,OBC,11,6,300000,86,1.0,No,None
STU02266,SCH1004,Uttar Pradesh,Aligarh,Urban,Female,OBC,18,12,75000,56,4.0,Yes,Lack of Transport
STU02267,SCH1137,Madhya Pradesh,Indore,Rural,Male,OBC,17,12,50000,82,1.5,Yes,Lack of Interest
STU02268,SCH1178,Uttar Pradesh,Agra,Semi-Urban,Female,OBC,14,9,100000,47,5.3,Yes,Family Issues
STU02269,SCH1013,Madhya Pradesh,Jabalpur,Rural,Male,ST,10,5,150000,63,4.3,Yes,Lack of Transport
STU02270,SCH1092,Madhya Pradesh,Bhopal,Urban,Female,SC,18,12,100000,87,2.9,No,None
STU02271,SCH1152,Madhya Pradesh,Bhopal,Rural,Female,General,18,12,300000,82,7.6,No,None
STU02272,SCH1241,Maharashtra,Nagpur,Urban,Female,General,9,4,150000,81,2.4,No,None
STU02273,SCH1198,Gujarat,Vadodara,Urban,Male,SC,13,8,150000,48,5.0,No,None
STU02274,SCH1106,Maharashtra,Nashik,Urban,Female,General,11,5,50000,91,4.9,No,None
STU02275,SCH1172,Madhya Pradesh,Jabalpur,Rural,Male,OBC,9,4,100000,75,4.1,No,None
STU02276,SCH1023,Madhya Pradesh,Gwalior,Urban,Female,SC,10,4,200000,62,3.9,No,None
STU02277,SCH1149,Uttar Pradesh,Agra,Urban,Male,OBC,14,8,75000,60,0.2,Yes,Poor Academic Performance
STU02278,SCH1049,Rajasthan,Jodhpur,Rural,Male,ST,18,12,150000,65,5.4,Yes,Family Issues
STU02279,SCH1204,Uttar Pradesh,Kanpur,Urban,Male,SC,10,5,100000,85,4.0,No,None
STU02280,SCH1216,Uttar Pradesh,Aligarh,Urban,Female,OBC,13,8,100000,85,0.8,No,None
STU02281,SCH1056,Maharashtra,Aurangabad,Rural,Female,SC,13,8,100000,82,2.7,Yes,Poverty
STU02282,SCH1028,Gujarat,Vadodara,Urban,Female,SC,9,4,50000,53,2.8,Yes,Poverty
STU02283,SCH1056,Gujarat,Ahmedabad,Semi-Urban,Male,OBC,18,12,75000,93,5.5,Yes,Family Issues
STU02284,SCH1224,Rajasthan,Kota,Rural,Female,SC,11,5,150000,83,3.9,No,None
STU02285,SCH1109,Rajasthan,Kota,Urban,Female,General,15,9,75000,72,1.3,Yes,Poverty
STU02286,SCH1056,Maharashtra,Aurangabad,Semi-Urban,Female,OBC,7,3,150000,53,6.0,No,None
STU02287,SCH1117,Maharashtra,Pune,Semi-Urban,Male,ST,15,11,200000,79,2.6,No,None
STU02288,SCH1046,Uttar Pradesh,Aligarh,Rural,Male,OBC,12,7,100000,92,0.2,No,None
STU02289,SCH1171,Rajasthan,Jaipur,Rural,Other,OBC,15,10,150000,80,3.7,No,None
STU02290,SCH1245,Uttar Pradesh,Agra,Semi-Urban,Female,SC,7,3,300000,83,0.2,No,None
STU02291,SCH1181,Maharashtra,Pune,Rural,Male,OBC,9,4,200000,79,0.6,No,None
STU02292,SCH1162,Gujarat,Rajkot,Rural,Male,OBC,9,3,75000,62,8.2,Yes,Lack of Transport
STU02293,SCH1204,Gujarat,Vadodara,Rural,Female,OBC,16,11,150000,62,3.2,No,None
STU02294,SCH1244,Maharashtra,Aurangabad,Rural,Male,SC,14,8,150000,51,4.8,Yes,Poverty
STU02295,SCH1146,Madhya Pradesh,Indore,Rural,Female,OBC,11,6,50000,78,3.7,No,None
STU02296,SCH1064,Maharashtra,Pune,Rural,Male,General,15,10,75000,87,3.7,Yes,Poverty
STU02297,SCH1170,Maharashtra,Nashik,Rural,Female,General,14,9,100000,80,1.3,No,None
STU02298,SCH1028,Madhya Pradesh,Jabalpur,Urban,Male,OBC,8,3,50000,96,3.2,No,None
STU02299,SCH1214,Maharashtra,Pune,Urban,Female,OBC,15,9,50000,80,2.9,Yes,Poor Academic Performance
STU02300,SCH1193,Maharashtra,Nagpur,Urban,Female,ST,7,3,200000,66,4.4,No,None
STU02301,SCH1241,Maharashtra,Nashik,Urban,Female,OBC,17,12,100000,75,3.2,No,None
STU02302,SCH1214,Gujarat,Vadodara,Urban,Female,General,17,12,100000,100,0.2,No,None
STU02303,SCH1129,Madhya Pradesh,Indore,Rural,Female,SC,8,4,75000,70,5.4,Yes,Lack of Interest
STU02304,SCH1142,Gujarat,Surat,Rural,Male,ST,14,8,75000,69,8.2,Yes,Poverty
STU02305,SCH1144,Rajasthan,Kota,Rural,Male,General,11,6,200000,72,3.3,Yes,Lack of Transport
STU02306,SCH1213,Uttar Pradesh,Lucknow,Rural,Male,OBC,12,8,500000,75,3.0,No,None
STU02307,SCH1099,Madhya Pradesh,Gwalior,Semi-Urban,Female,General,9,4,100000,99,2.9,No,None
STU02308,SCH1034,Rajasthan,Jodhpur,Urban,Male,SC,15,10,150000,88,5.2,No,None
STU02309,SCH1071,Gujarat,Vadodara,Rural,Male,OBC,11,5,200000,70,5.5,Yes,Child Labour
STU02310,SCH1047,Rajasthan,Jodhpur,Rural,Female,ST,10,5,75000,77,2.3,Yes,Poverty
STU02311,SCH1151,Uttar Pradesh,Agra,Urban,Female,OBC,9,3,50000,84,3.6,No,None
STU02312,SCH1166,Uttar Pradesh,Agra,Rural,Female,SC,12,7,50000,68,3.9,Yes,Poverty
STU02313,SCH1123,Gujarat,Surat,Rural,Male,ST,17,11,100000,67,3.2,Yes,Family Issues
STU02314,SCH1211,Rajasthan,Jaipur,Rural,Male,ST,9,5,75000,57,1.6,Yes,Poverty
STU02315,SCH1103,Gujarat,Rajkot,Urban,Male,OBC,13,8,100000,63,4.5,No,None
STU02316,SCH1217,Madhya Pradesh,Jabalpur,Urban,Female,SC,16,10,50000,85,1.4,Yes,Poverty
STU02317,SCH1019,Gujarat,Ahmedabad,Urban,Male,SC,11,6,300000,61,7.2,No,None
STU02318,SCH1042,Uttar Pradesh,Agra,Rural,Male,OBC,17,12,100000,59,5.9,Yes,Poverty
STU02319,SCH1217,Madhya Pradesh,Jabalpur,Urban,Female,SC,7,3,200000,100,1.0,No,None
STU02320,SCH1091,Maharashtra,Nagpur,Urban,Female,General,15,9,100000,65,4.9,No,None
STU02321,SCH1212,Uttar Pradesh,Aligarh,Rural,Male,OBC,15,9,100000,86,2.1,Yes,Poverty
STU02322,SCH1157,Maharashtra,Aurangabad,Rural,Female,SC,9,5,100000,56,6.2,Yes,Lack of Transport
STU02323,SCH1022,Gujarat,Ahmedabad,Rural,Female,OBC,17,12,150000,55,4.1,Yes,Poor Academic Performance
STU02324,SCH1061,Gujarat,Ahmedabad,Rural,Male,SC,6,2,200000,69,5.7,No,None
STU02325,SCH1039,Madhya Pradesh,Jabalpur,Rural,Female,ST,11,6,300000,70,5.3,No,None
STU02326,SCH1163,Maharashtra,Aurangabad,Rural,Male,OBC,15,10,100000,53,2.0,Yes,Poverty
STU02327,SCH1159,Rajasthan,Jodhpur,Semi-Urban,Male,OBC,11,7,200000,65,5.0,No,None
STU02328,SCH1151,Rajasthan,Udaipur,Urban,Female,OBC,9,3,75000,85,4.1,No,None
STU02329,SCH1229,Rajasthan,Kota,Semi-Urban,Male,General,13,9,150000,73,2.0,No,None
STU02330,SCH1069,Madhya Pradesh,Gwalior,Urban,Male,SC,8,2,200000,58,0.2,No,None
STU02331,SCH1131,Rajasthan,Udaipur,Rural,Other,SC,10,6,150000,90,3.1,No,None
STU02332,SCH1248,Gujarat,Rajkot,Rural,Other,General,10,4,75000,78,7.2,Yes,Lack of Interest
STU02333,SCH1083,Madhya Pradesh,Bhopal,Semi-Urban,Female,SC,8,3,300000,96,2.6,No,None
STU02334,SCH1143,Uttar Pradesh,Agra,Rural,Male,SC,8,3,75000,85,0.3,Yes,Health Issues
STU02335,SCH1226,Maharashtra,Nagpur,Semi-Urban,Female,SC,16,11,100000,70,3.1,Yes,Poverty
STU02336,SCH1052,Uttar Pradesh,Agra,Urban,Female,OBC,7,3,150000,75,3.5,No,None
STU02337,SCH1145,Maharashtra,Aurangabad,Urban,Male,OBC,12,7,500000,62,1.5,No,None
STU02338,SCH1013,Uttar Pradesh,Lucknow,Semi-Urban,Male,SC,8,4,150000,100,10.6,No,None
STU02339,SCH1239,Uttar Pradesh,Lucknow,Rural,Male,OBC,18,12,50000,75,1.9,Yes,Migration
STU02340,SCH1138,Maharashtra,Pune,Semi-Urban,Female,SC,11,7,300000,88,8.5,No,None
STU02341,SCH1030,Gujarat,Rajkot,Rural,Male,OBC,6,2,100000,81,5.7,No,None
STU02342,SCH1018,Rajasthan,Udaipur,Urban,Male,OBC,6,1,75000,72,5.5,No,None
STU02343,SCH1102,Uttar Pradesh,Kanpur,Semi-Urban,Male,ST,17,12,300000,70,1.1,No,None
STU02344,SCH1127,Uttar Pradesh,Aligarh,Urban,Female,General,10,4,50000,67,0.2,Yes,Poverty
STU02345,SCH1033,Rajasthan,Udaipur,Urban,Female,OBC,6,1,300000,75,5.3,No,None
STU02346,SCH1226,Maharashtra,Aurangabad,Urban,Female,SC,10,5,50000,87,4.8,Yes,Migration
STU02347,SCH1210,Rajasthan,Kota,Rural,Female,OBC,9,4,150000,75,5.0,No,None
STU02348,SCH1005,Gujarat,Rajkot,Rural,Female,OBC,8,3,200000,64,4.0,Yes,Lack of Transport
STU02349,SCH1246,Gujarat,Rajkot,Rural,Female,General,16,10,200000,73,4.7,No,None
STU02350,SCH1236,Madhya Pradesh,Jabalpur,Rural,Male,OBC,6,1,100000,73,6.5,No,None
STU02351,SCH1203,Madhya Pradesh,Indore,Rural,Male,OBC,6,1,75000,87,7.4,Yes,Family Issues
STU02352,SCH1139,Madhya Pradesh,Gwalior,Rural,Male,OBC,12,6,100000,83,4.7,No,None
STU02353,SCH1205,Rajasthan,Jodhpur,Rural,Male,ST,14,9,150000,98,0.9,Yes,Poverty
STU02354,SCH1118,Rajasthan,Kota,Semi-Urban,Female,SC,15,11,150000,83,0.5,No,None
STU02355,SCH1061,Madhya Pradesh,Gwalior,Urban,Female,SC,8,4,200000,85,0.2,No,None
STU02356,SCH1186,Uttar Pradesh,Aligarh,Urban,Male,OBC,15,9,75000,86,5.8,Yes,Poverty
STU02357,SCH1148,Rajasthan,Jodhpur,Rural,Female,OBC,12,7,100000,95,4.5,No,None
STU02358,SCH1190,Rajasthan,Kota,Rural,Female,General,11,6,200000,92,6.6,No,None
STU02359,SCH1238,Rajasthan,Udaipur,Semi-Urban,Male,General,12,7,150000,70,3.9,No,None
STU02360,SCH1054,Uttar Pradesh,Lucknow,Rural,Female,General,11,5,150000,84,5.3,No,None
STU02361,SCH1172,Uttar Pradesh,Kanpur,Rural,Female,General,16,12,200000,70,3.2,Yes,Lack of Transport
STU02362,SCH1117,Rajasthan,Jodhpur,Rural,Male,OBC,10,5,150000,71,4.8,No,None
STU02363,SCH1140,Rajasthan,Jodhpur,Urban,Male,OBC,12,7,100000,100,1.8,No,None
STU02364,SCH1233,Rajasthan,Kota,Semi-Urban,Male,OBC,14,9,100000,77,0.2,No,None
STU02365,SCH1071,Rajasthan,Jaipur,Rural,Male,General,6,1,75000,64,0.2,Yes,Migration
STU02366,SCH1018,Madhya Pradesh,Bhopal,Urban,Male,General,9,3,500000,100,5.7,No,None
STU02367,SCH1102,Rajasthan,Jodhpur,Rural,Female,OBC,12,8,75000,100,5.0,Yes,Migration
STU02368,SCH1125,Madhya Pradesh,Gwalior,Urban,Female,OBC,10,6,150000,82,1.8,No,None
STU02369,SCH1060,Maharashtra,Pune,Urban,Male,OBC,18,12,75000,73,2.8,Yes,Lack of Interest
STU02370,SCH1055,Rajasthan,Jodhpur,Urban,Male,General,18,12,300000,94,6.9,Yes,Child Labour
STU02371,SCH1091,Rajasthan,Jodhpur,Rural,Female,SC,15,10,300000,82,2.2,No,None
STU02372,SCH1100,Madhya Pradesh,Indore,Urban,Male,SC,11,6,150000,99,3.8,No,None
STU02373,SCH1035,Uttar Pradesh,Lucknow,Rural,Male,OBC,17,12,75000,82,2.2,Yes,Poverty
STU02374,SCH1207,Madhya Pradesh,Gwalior,Rural,Male,General,16,11,50000,85,3.9,Yes,Lack of Transport
STU02375,SCH1094,Gujarat,Surat,Rural,Female,OBC,13,8,100000,76,0.2,No,None
STU02376,SCH1015,Madhya Pradesh,Bhopal,Rural,Male,ST,12,6,200000,53,0.2,Yes,Family Issues
STU02377,SCH1105,Gujarat,Ahmedabad,Rural,Male,OBC,8,3,200000,45,1.4,Yes,Lack of Interest
STU02378,SCH1160,Uttar Pradesh,Kanpur,Urban,Male,ST,8,2,200000,99,3.9,No,None
STU02379,SCH1193,Maharashtra,Pune,Rural,Female,OBC,17,11,75000,65,4.3,Yes,Lack of Interest
STU02380,SCH1184,Uttar Pradesh,Kanpur,Urban,Female,General,12,7,75000,73,2.2,Yes,Migration
STU02381,SCH1119,Gujarat,Rajkot,Rural,Female,General,10,6,100000,62,1.2,No,None
STU02382,SCH1104,Rajasthan,Kota,Semi-Urban,Male,OBC,14,9,100000,99,1.9,No,None
STU02383,SCH1150,Maharashtra,Nashik,Urban,Male,General,6,1,75000,65,0.2,Yes,Migration
STU02384,SCH1169,Gujarat,Surat,Rural,Female,OBC,7,1,200000,81,3.7,No,None
STU02385,SCH1002,Rajasthan,Jodhpur,Urban,Male,OBC,9,5,150000,84,1.9,No,None
STU02386,SCH1177,Madhya Pradesh,Bhopal,Rural,Male,OBC,11,5,50000,71,1.6,Yes,Health Issues
STU02387,SCH1194,Madhya Pradesh,Gwalior,Rural,Male,OBC,8,3,200000,64,3.5,No,None
STU02388,SCH1105,Maharashtra,Pune,Rural,Female,SC,18,12,300000,59,0.2,Yes,Lack of Transport
STU02389,SCH1098,Madhya Pradesh,Jabalpur,Urban,Female,OBC,11,7,50000,62,7.2,Yes,Health Issues
STU02390,SCH1101,Uttar Pradesh,Agra,Rural,Male,OBC,14,9,100000,85,2.7,Yes,Migration
STU02391,SCH1232,Rajasthan,Kota,Semi-Urban,Male,SC,12,8,50000,100,9.1,Yes,Lack of Transport
STU02392,SCH1103,Madhya Pradesh,Bhopal,Urban,Male,SC,17,12,150000,100,5.1,No,None
STU02393,SCH1136,Gujarat,Surat,Rural,Male,General,17,12,75000,55,1.4,Yes,Poverty
STU02394,SCH1128,Madhya Pradesh,Jabalpur,Urban,Female,General,17,12,75000,86,5.4,Yes,Migration
STU02395,SCH1167,Gujarat,Ahmedabad,Rural,Female,OBC,16,10,75000,58,2.5,Yes,Poverty
STU02396,SCH1087,Madhya Pradesh,Gwalior,Urban,Male,ST,8,3,75000,84,6.5,Yes,Family Issues
STU02397,SCH1029,Maharashtra,Pune,Semi-Urban,Female,ST,10,5,50000,89,2.2,Yes,Poor Academic Performance
STU02398,SCH1093,Madhya Pradesh,Jabalpur,Urban,Female,SC,15,9,200000,77,4.8,No,None
STU02399,SCH1009,Madhya Pradesh,Gwalior,Rural,Female,OBC,13,8,200000,76,2.1,No,None
STU02400,SCH1244,Uttar Pradesh,Aligarh,Urban,Male,OBC,6,1,150000,79,6.7,No,None
STU02401,SCH1028,Maharashtra,Pune,Urban,Male,OBC,6,1,150000,81,1.6,No,None
STU02402,SCH1099,Gujarat,Rajkot,Rural,Male,General,17,11,100000,68,2.1,No,None
STU02403,SCH1157,Uttar Pradesh,Kanpur,Rural,Female,OBC,8,3,100000,83,6.2,No,None
STU02404,SCH1088,Maharashtra,Nashik,Rural,Male,SC,18,12,100000,81,5.4,Yes,Lack of Interest
STU02405,SCH1187,Madhya Pradesh,Indore,Semi-Urban,Female,OBC,7,2,150000,100,1.1,No,None
STU02406,SCH1222,Maharashtra,Pune,Rural,Male,SC,10,4,75000,70,3.7,Yes,Poverty
STU02407,SCH1183,Maharashtra,Nashik,Rural,Female,SC,13,8,500000,100,5.7,No,None
STU02408,SCH1213,Uttar Pradesh,Agra,Rural,Female,ST,14,9,75000,48,6.5,Yes,Poor Academic Performance
STU02409,SCH1196,Maharashtra,Nagpur,Urban,Female,SC,12,7,150000,72,1.6,No,None
STU02410,SCH1002,Gujarat,Vadodara,Rural,Male,OBC,12,8,100000,63,3.3,No,None
STU02411,SCH1128,Madhya Pradesh,Bhopal,Semi-Urban,Female,SC,13,7,100000,76,0.3,No,None
STU02412,SCH1188,Uttar Pradesh,Lucknow,Rural,Male,OBC,12,7,100000,98,2.6,No,None
STU02413,SCH1230,Gujarat,Vadodara,Urban,Female,OBC,12,6,75000,86,3.0,Yes,Child Labour
STU02414,SCH1065,Madhya Pradesh,Bhopal,Rural,Male,SC,8,3,75000,57,2.8,Yes,Poverty
STU02415,SCH1005,Gujarat,Vadodara,Rural,Male,SC,12,8,150000,50,2.7,Yes,Poor Academic Performance
STU02416,SCH1023,Maharashtra,Nagpur,Urban,Male,SC,15,10,150000,88,2.6,No,None
STU02417,SCH1068,Madhya Pradesh,Indore,Urban,Male,SC,6,1,150000,55,2.8,No,None
STU02418,SCH1237,Madhya Pradesh,Jabalpur,Urban,Female,OBC,7,3,150000,70,0.2,No,None
STU02419,SCH1145,Maharashtra,Nashik,Semi-Urban,Female,OBC,13,8,100000,99,6.2,No,None
STU02420,SCH1037,Rajasthan,Kota,Rural,Female,OBC,6,1,300000,67,4.0,No,None
STU02421,SCH1179,Uttar Pradesh,Aligarh,Rural,Female,OBC,10,5,100000,58,4.1,No,None
STU02422,SCH1245,Rajasthan,Jodhpur,Urban,Male,General,10,4,200000,62,2.2,No,None
STU02423,SCH1238,Maharashtra,Nagpur,Semi-Urban,Female,OBC,11,7,75000,69,2.5,Yes,Migration
STU02424,SCH1212,Madhya Pradesh,Indore,Urban,Female,OBC,14,9,200000,88,5.2,No,None
STU02425,SCH1115,Uttar Pradesh,Aligarh,Rural,Male,SC,6,1,200000,84,0.7,No,None
STU02426,SCH1069,Madhya Pradesh,Indore,Rural,Male,OBC,18,12,150000,82,6.1,Yes,Migration
STU02427,SCH1176,Uttar Pradesh,Kanpur,Rural,Female,ST,14,9,200000,90,6.6,Yes,Poverty
STU02428,SCH1055,Madhya Pradesh,Indore,Rural,Male,OBC,7,2,300000,91,2.4,No,None
STU02429,SCH1053,Madhya Pradesh,Gwalior,Rural,Male,OBC,16,11,50000,67,2.3,Yes,Migration
STU02430,SCH1094,Rajasthan,Udaipur,Semi-Urban,Male,SC,18,12,75000,63,2.9,Yes,Lack of Transport
STU02431,SCH1029,Uttar Pradesh,Kanpur,Urban,Female,SC,9,4,500000,93,4.3,No,None
STU02432,SCH1057,Maharashtra,Aurangabad,Urban,Female,General,14,10,75000,61,5.0,Yes,Lack of Transport
STU02433,SCH1105,Madhya Pradesh,Indore,Rural,Female,ST,13,8,50000,67,3.1,Yes,Child Labour
STU02434,SCH1187,Madhya Pradesh,Jabalpur,Rural,Male,SC,6,2,150000,68,1.0,No,None
STU02435,SCH1045,Gujarat,Ahmedabad,Urban,Female,SC,8,3,300000,69,5.5,No,None
STU02436,SCH1221,Uttar Pradesh,Kanpur,Semi-Urban,Female,ST,9,5,75000,56,1.8,Yes,Migration
STU02437,SCH1046,Rajasthan,Jaipur,Rural,Female,SC,11,5,75000,79,4.7,Yes,Poverty
STU02438,SCH1044,Gujarat,Ahmedabad,Semi-Urban,Female,ST,16,11,500000,80,4.8,No,None
STU02439,SCH1195,Maharashtra,Aurangabad,Urban,Male,General,17,12,200000,76,0.2,No,None
STU02440,SCH1094,Gujarat,Rajkot,Rural,Female,SC,13,7,50000,92,1.6,Yes,Lack of Transport
STU02441,SCH1171,Madhya Pradesh,Bhopal,Rural,Female,OBC,9,4,150000,64,4.6,No,None
STU02442,SCH1173,Rajasthan,Kota,Rural,Male,General,9,5,100000,82,3.0,No,None
STU02443,SCH1154,Gujarat,Ahmedabad,Urban,Male,OBC,15,11,75000,79,7.4,Yes,Poverty
STU02444,SCH1209,Rajasthan,Jaipur,Urban,Female,OBC,7,2,200000,54,3.5,No,None
STU02445,SCH1027,Madhya Pradesh,Indore,Rural,Male,General,7,2,50000,95,1.5,No,None
STU02446,SCH1078,Uttar Pradesh,Lucknow,Rural,Male,SC,8,4,50000,97,3.6,Yes,Poverty
STU02447,SCH1011,Rajasthan,Jaipur,Rural,Female,General,14,8,75000,100,0.2,Yes,Poor Academic Performance
STU02448,SCH1031,Maharashtra,Pune,Rural,Male,OBC,9,5,75000,73,2.2,Yes,Health Issues
STU02449,SCH1111,Maharashtra,Pune,Urban,Male,General,17,12,100000,75,5.0,No,None
STU02450,SCH1160,Gujarat,Rajkot,Rural,Male,SC,17,12,100000,88,2.6,No,None
STU02451,SCH1243,Maharashtra,Nashik,Urban,Male,General,18,12,300000,51,6.0,No,None
STU02452,SCH1142,Uttar Pradesh,Lucknow,Urban,Female,OBC,14,9,75000,75,3.1,Yes,Health Issues
STU02453,SCH1014,Maharashtra,Aurangabad,Semi-Urban,Other,OBC,8,3,50000,72,0.2,Yes,Lack of Transport
STU02454,SCH1036,Madhya Pradesh,Indore,Semi-Urban,Male,OBC,16,11,150000,61,2.0,Yes,Health Issues
STU02455,SCH1084,Rajasthan,Jodhpur,Urban,Female,SC,18,12,75000,59,6.2,Yes,Lack of Interest
STU02456,SCH1048,Rajasthan,Kota,Urban,Female,SC,8,4,500000,76,3.7,No,None
STU02457,SCH1180,Madhya Pradesh,Jabalpur,Semi-Urban,Male,SC,6,1,500000,67,1.7,No,None
STU02458,SCH1009,Rajasthan,Udaipur,Urban,Male,General,10,6,150000,77,4.3,No,None
STU02459,SCH1180,Gujarat,Rajkot,Rural,Male,OBC,9,4,200000,94,4.1,No,None
STU02460,SCH1055,Uttar Pradesh,Lucknow,Rural,Female,OBC,14,8,75000,100,2.4,Yes,Lack of Transport
STU02461,SCH1161,Maharashtra,Pune,Urban,Male,General,8,3,500000,91,4.6,No,None
STU02462,SCH1022,Madhya Pradesh,Gwalior,Semi-Urban,Male,OBC,7,1,200000,73,3.1,No,None
STU02463,SCH1006,Gujarat,Ahmedabad,Semi-Urban,Female,SC,17,11,100000,83,5.8,No,None
STU02464,SCH1003,Madhya Pradesh,Indore,Rural,Male,OBC,17,12,50000,77,4.8,Yes,Lack of Transport
STU02465,SCH1099,Gujarat,Rajkot,Rural,Female,General,8,2,200000,63,4.1,No,None
STU02466,SCH1139,Gujarat,Ahmedabad,Rural,Male,General,18,12,150000,79,2.1,Yes,Family Issues
STU02467,SCH1103,Maharashtra,Nashik,Rural,Female,SC,14,8,150000,55,7.7,Yes,Lack of Transport
STU02468,SCH1212,Rajasthan,Jaipur,Semi-Urban,Male,SC,14,9,75000,86,3.4,Yes,Family Issues
STU02469,SCH1208,Gujarat,Rajkot,Rural,Male,General,18,12,150000,93,2.5,No,None
STU02470,SCH1188,Gujarat,Surat,Urban,Male,OBC,10,5,200000,57,1.8,No,None
STU02471,SCH1227,Madhya Pradesh,Indore,Urban,Male,General,8,3,150000,70,8.3,No,None
STU02472,SCH1085,Rajasthan,Udaipur,Semi-Urban,Other,ST,6,1,75000,74,2.7,Yes,Lack of Interest
STU02473,SCH1240,Maharashtra,Pune,Rural,Male,General,7,1,150000,89,4.9,No,None
STU02474,SCH1120,Rajasthan,Udaipur,Rural,Female,OBC,7,2,75000,68,7.1,Yes,Lack of Interest
STU02475,SCH1243,Gujarat,Rajkot,Urban,Male,OBC,7,2,150000,76,4.6,No,None
STU02476,SCH1097,Madhya Pradesh,Indore,Rural,Male,SC,11,6,100000,71,2.3,No,None
STU02477,SCH1040,Uttar Pradesh,Aligarh,Semi-Urban,Female,OBC,15,11,150000,78,3.2,No,None
STU02478,SCH1242,Maharashtra,Nashik,Rural,Female,OBC,9,4,100000,82,2.3,No,None
STU02479,SCH1179,Gujarat,Rajkot,Rural,Female,General,18,12,300000,78,6.1,Yes,Health Issues
STU02480,SCH1015,Maharashtra,Aurangabad,Rural,Female,ST,15,9,150000,78,8.2,Yes,Poverty
STU02481,SCH1222,Uttar Pradesh,Agra,Urban,Female,SC,14,9,75000,76,4.9,Yes,Poverty
STU02482,SCH1065,Rajasthan,Kota,Rural,Female,SC,7,3,100000,81,1.4,No,None
STU02483,SCH1043,Rajasthan,Jodhpur,Rural,Female,OBC,15,10,150000,99,2.8,No,None
STU02484,SCH1010,Uttar Pradesh,Kanpur,Urban,Male,OBC,13,7,75000,88,3.2,No,None
STU02485,SCH1081,Uttar Pradesh,Lucknow,Rural,Male,ST,7,3,150000,67,1.8,No,None
STU02486,SCH1177,Maharashtra,Nagpur,Rural,Male,OBC,11,6,150000,72,3.2,No,None
STU02487,SCH1202,Gujarat,Surat,Urban,Female,OBC,7,2,500000,60,6.2,No,None
STU02488,SCH1070,Madhya Pradesh,Indore,Urban,Male,OBC,15,9,150000,73,0.8,No,None
STU02489,SCH1039,Gujarat,Ahmedabad,Rural,Female,OBC,13,8,100000,59,1.1,Yes,Family Issues
STU02490,SCH1189,Gujarat,Vadodara,Urban,Male,General,9,5,200000,78,4.4,No,None
STU02491,SCH1153,Rajasthan,Udaipur,Urban,Female,OBC,12,7,150000,84,3.4,No,None
STU02492,SCH1136,Madhya Pradesh,Indore,Urban,Female,SC,13,8,500000,90,3.8,No,None
STU02493,SCH1064,Uttar Pradesh,Lucknow,Urban,Male,SC,9,4,500000,96,4.4,No,None
STU02494,SCH1090,Maharashtra,Nagpur,Rural,Male,General,18,12,75000,68,5.5,Yes,Poverty
STU02495,SCH1131,Gujarat,Vadodara,Rural,Female,General,18,12,150000,72,7.4,Yes,Child Labour
STU02496,SCH1030,Rajasthan,Jodhpur,Rural,Male,General,12,8,300000,72,3.3,No,None
STU02497,SCH1172,Maharashtra,Nashik,Semi-Urban,Male,General,10,5,150000,77,6.9,No,None
STU02498,SCH1003,Maharashtra,Nashik,Semi-Urban,Female,General,10,4,150000,68,8.2,No,None
STU02499,SCH1232,Uttar Pradesh,Agra,Rural,Female,General,6,1,200000,100,3.3,No,None
STU02500,SCH1005,Maharashtra,Aurangabad,Rural,Female,SC,12,7,300000,67,2.4,Yes,Poverty
STU02501,SCH1085,Uttar Pradesh,Agra,Urban,Male,General,17,12,50000,100,3.1,Yes,Health Issues
STU02502,SCH1211,Gujarat,Vadodara,Urban,Female,OBC,15,9,75000,79,2.5,No,None
STU02503,SCH1122,Uttar Pradesh,Kanpur,Urban,Male,General,6,1,50000,74,0.2,Yes,Migration
STU02504,SCH1169,Uttar Pradesh,Lucknow,Urban,Female,OBC,11,6,100000,73,2.1,No,None
STU02505,SCH1169,Uttar Pradesh,Lucknow,Rural,Male,ST,11,7,150000,85,6.8,Yes,Poor Academic Performance
STU02506,SCH1134,Uttar Pradesh,Kanpur,Rural,Female,SC,7,2,100000,92,2.3,No,None
STU02507,SCH1104,Gujarat,Rajkot,Urban,Male,SC,12,7,50000,48,0.8,Yes,Poverty
STU02508,SCH1032,Rajasthan,Udaipur,Urban,Female,OBC,8,2,50000,59,2.2,Yes,Family Issues
STU02509,SCH1003,Uttar Pradesh,Kanpur,Rural,Male,OBC,15,9,100000,68,3.1,Yes,Family Issues
STU02510,SCH1216,Rajasthan,Jaipur,Rural,Male,General,14,9,200000,77,0.2,No,None
STU02511,SCH1054,Gujarat,Vadodara,Rural,Male,General,11,6,300000,82,3.4,No,None
STU02512,SCH1073,Uttar Pradesh,Kanpur,Rural,Female,General,8,3,200000,92,5.0,No,None
STU02513,SCH1040,Uttar Pradesh,Kanpur,Urban,Female,OBC,11,6,300000,64,5.8,No,None
STU02514,SCH1219,Maharashtra,Pune,Rural,Female,OBC,16,11,300000,75,3.5,No,None
STU02515,SCH1102,Maharashtra,Pune,Semi-Urban,Male,OBC,9,3,150000,88,5.4,No,None
STU02516,SCH1245,Gujarat,Ahmedabad,Rural,Female,SC,18,12,500000,82,0.5,Yes,Migration
STU02517,SCH1180,Rajasthan,Jaipur,Urban,Male,SC,14,9,150000,70,0.3,No,None
STU02518,SCH1117,Rajasthan,Jodhpur,Urban,Male,SC,12,7,150000,89,1.0,No,None
STU02519,SCH1232,Maharashtra,Aurangabad,Urban,Female,OBC,15,9,200000,100,0.2,No,None
STU02520,SCH1022,Rajasthan,Udaipur,Semi-Urban,Female,SC,17,12,75000,73,6.3,Yes,Lack of Interest
STU02521,SCH1057,Rajasthan,Udaipur,Rural,Female,OBC,6,1,150000,88,3.4,No,None
STU02522,SCH1055,Maharashtra,Nagpur,Rural,Male,General,8,4,75000,85,0.2,Yes,Migration
STU02523,SCH1085,Maharashtra,Nashik,Rural,Male,SC,15,10,75000,78,0.2,Yes,Poverty
STU02524,SCH1230,Rajasthan,Kota,Semi-Urban,Male,SC,6,1,150000,69,3.8,No,None
STU02525,SCH1107,Rajasthan,Kota,Rural,Male,SC,14,9,150000,100,7.1,Yes,Poverty
STU02526,SCH1241,Madhya Pradesh,Jabalpur,Urban,Female,General,9,4,300000,68,0.2,No,None
STU02527,SCH1219,Uttar Pradesh,Aligarh,Rural,Male,OBC,12,7,200000,81,1.4,No,None
STU02528,SCH1119,Gujarat,Surat,Semi-Urban,Male,SC,7,1,150000,91,0.2,No,None
STU02529,SCH1048,Gujarat,Ahmedabad,Urban,Male,General,6,1,100000,79,0.2,No,None
STU02530,SCH1180,Uttar Pradesh,Kanpur,Semi-Urban,Male,SC,10,6,500000,62,0.2,No,None
STU02531,SCH1189,Maharashtra,Nagpur,Urban,Male,OBC,9,4,200000,72,3.7,No,None
STU02532,SCH1018,Uttar Pradesh,Agra,Semi-Urban,Female,SC,7,2,150000,83,0.8,No,None
STU02533,SCH1037,Uttar Pradesh,Agra,Rural,Female,General,15,11,500000,65,2.4,No,None
STU02534,SCH1059,Rajasthan,Jaipur,Semi-Urban,Male,General,7,3,150000,66,3.0,No,None
STU02535,SCH1004,Rajasthan,Jaipur,Rural,Female,OBC,10,4,50000,81,3.5,Yes,Poverty
STU02536,SCH1015,Gujarat,Surat,Rural,Female,OBC,6,2,50000,89,1.8,Yes,Poverty
STU02537,SCH1149,Uttar Pradesh,Aligarh,Urban,Male,General,6,1,100000,78,2.1,No,None
STU02538,SCH1004,Uttar Pradesh,Kanpur,Urban,Male,SC,17,11,300000,68,2.8,No,None
STU02539,SCH1214,Rajasthan,Kota,Rural,Male,General,11,6,100000,94,1.9,Yes,Family Issues
STU02540,SCH1191,Gujarat,Vadodara,Rural,Female,General,8,3,300000,65,2.3,No,None
STU02541,SCH1023,Gujarat,Vadodara,Urban,Male,General,18,12,150000,69,0.2,No,None
STU02542,SCH1165,Rajasthan,Jodhpur,Rural,Female,OBC,15,9,75000,74,5.6,Yes,Child Labour
STU02543,SCH1013,Uttar Pradesh,Kanpur,Urban,Male,OBC,15,10,150000,55,0.4,No,None
STU02544,SCH1244,Gujarat,Ahmedabad,Rural,Male,General,9,4,75000,73,3.7,Yes,Lack of Transport
STU02545,SCH1240,Gujarat,Rajkot,Urban,Male,OBC,9,4,100000,91,4.8,No,None
STU02546,SCH1061,Uttar Pradesh,Kanpur,Rural,Male,OBC,12,6,150000,69,0.9,No,None
STU02547,SCH1197,Gujarat,Surat,Rural,Male,SC,15,10,75000,100,5.2,Yes,Migration
STU02548,SCH1041,Madhya Pradesh,Gwalior,Rural,Female,SC,15,11,150000,89,0.2,Yes,Poverty
STU02549,SCH1244,Maharashtra,Nashik,Rural,Female,OBC,7,2,50000,58,8.2,Yes,Child Labour
STU02550,SCH1169,Madhya Pradesh,Indore,Urban,Female,SC,18,12,100000,72,7.0,Yes,Poverty
STU02551,SCH1134,Uttar Pradesh,Aligarh,Rural,Female,OBC,13,8,500000,81,9.8,No,None
STU02552,SCH1075,Rajasthan,Jodhpur,Semi-Urban,Male,OBC,16,10,50000,63,4.7,Yes,Poor Academic Performance
STU02553,SCH1050,Rajasthan,Kota,Semi-Urban,Male,OBC,13,8,150000,88,0.9,No,None
STU02554,SCH1205,Gujarat,Surat,Rural,Male,General,11,6,500000,67,8.2,No,None
STU02555,SCH1202,Rajasthan,Udaipur,Urban,Female,General,13,8,200000,73,0.2,No,None
STU02556,SCH1133,Gujarat,Ahmedabad,Urban,Female,OBC,9,5,200000,39,0.2,No,None
STU02557,SCH1209,Gujarat,Ahmedabad,Rural,Male,SC,12,7,75000,59,3.5,Yes,Lack of Transport
STU02558,SCH1076,Gujarat,Vadodara,Rural,Male,OBC,8,4,150000,83,7.7,Yes,Migration
STU02559,SCH1080,Rajasthan,Udaipur,Rural,Male,General,14,10,100000,51,0.2,Yes,Migration
STU02560,SCH1111,Maharashtra,Nagpur,Urban,Male,General,15,10,75000,46,4.4,Yes,Poverty
STU02561,SCH1212,Madhya Pradesh,Indore,Semi-Urban,Male,General,11,7,75000,92,1.6,No,None
STU02562,SCH1197,Uttar Pradesh,Kanpur,Rural,Female,OBC,10,4,50000,61,6.0,Yes,Poverty
STU02563,SCH1063,Rajasthan,Kota,Urban,Female,SC,10,5,50000,61,2.8,Yes,Poverty
STU02564,SCH1239,Uttar Pradesh,Lucknow,Semi-Urban,Female,SC,18,12,100000,71,2.4,No,None
STU02565,SCH1067,Uttar Pradesh,Kanpur,Urban,Female,General,13,8,150000,47,4.3,No,None
STU02566,SCH1087,Rajasthan,Jaipur,Rural,Male,General,9,4,50000,72,2.9,Yes,Poverty
STU02567,SCH1125,Rajasthan,Kota,Rural,Female,OBC,12,8,200000,81,6.7,No,None
STU02568,SCH1003,Uttar Pradesh,Kanpur,Rural,Male,OBC,10,6,100000,84,4.0,No,None
STU02569,SCH1030,Maharashtra,Nashik,Urban,Male,OBC,9,3,100000,89,7.0,No,None
STU02570,SCH1037,Uttar Pradesh,Kanpur,Rural,Female,OBC,17,12,75000,71,7.8,Yes,Migration
STU02571,SCH1121,Gujarat,Rajkot,Urban,Female,ST,11,5,150000,89,0.3,No,None
STU02572,SCH1026,Uttar Pradesh,Kanpur,Urban,Male,General,8,3,300000,84,4.6,No,None
STU02573,SCH1199,Rajasthan,Udaipur,Urban,Female,General,16,11,75000,73,6.4,Yes,Health Issues
STU02574,SCH1074,Uttar Pradesh,Kanpur,Rural,Male,ST,9,4,200000,92,3.9,Yes,Family Issues
STU02575,SCH1061,Madhya Pradesh,Indore,Rural,Female,SC,6,1,200000,81,1.7,No,None
STU02576,SCH1068,Uttar Pradesh,Lucknow,Urban,Male,OBC,13,8,100000,69,3.6,No,None
STU02577,SCH1241,Gujarat,Surat,Semi-Urban,Male,SC,11,5,150000,44,4.6,No,None
STU02578,SCH1043,Gujarat,Vadodara,Rural,Male,SC,9,4,50000,99,3.5,Yes,Lack of Interest
STU02579,SCH1061,Madhya Pradesh,Bhopal,Urban,Male,OBC,13,9,75000,95,1.0,Yes,Child Labour
STU02580,SCH1147,Maharashtra,Pune,Rural,Male,General,9,4,150000,59,3.9,No,None
STU02581,SCH1237,Rajasthan,Udaipur,Urban,Male,SC,7,2,75000,58,3.9,Yes,Lack of Interest
STU02582,SCH1021,Maharashtra,Nagpur,Rural,Female,General,10,4,75000,73,5.9,Yes,Poverty
STU02583,SCH1066,Gujarat,Ahmedabad,Rural,Male,SC,17,11,100000,64,6.9,Yes,Lack of Interest
STU02584,SCH1127,Uttar Pradesh,Kanpur,Urban,Female,SC,12,7,150000,94,3.8,No,None
STU02585,SCH1042,Rajasthan,Udaipur,Rural,Other,OBC,12,7,50000,96,0.2,No,None
STU02586,SCH1139,Uttar Pradesh,Aligarh,Rural,Female,OBC,11,5,200000,71,4.0,No,None
STU02587,SCH1175,Rajasthan,Udaipur,Rural,Female,OBC,12,7,75000,100,1.2,Yes,Poverty
STU02588,SCH1203,Madhya Pradesh,Indore,Rural,Female,SC,17,12,150000,94,0.3,No,None
STU02589,SCH1140,Rajasthan,Jaipur,Urban,Female,OBC,9,5,300000,60,0.2,No,None
STU02590,SCH1103,Maharashtra,Pune,Rural,Male,OBC,18,12,75000,54,7.8,Yes,Lack of Interest
STU02591,SCH1157,Madhya Pradesh,Bhopal,Semi-Urban,Female,ST,9,4,100000,70,0.2,No,None
STU02592,SCH1103,Gujarat,Vadodara,Rural,Female,OBC,10,6,150000,64,5.3,No,None
STU02593,SCH1115,Rajasthan,Jaipur,Rural,Female,SC,16,12,100000,72,5.5,Yes,Lack of Transport
STU02594,SCH1152,Rajasthan,Udaipur,Semi-Urban,Male,General,16,11,150000,71,8.1,Yes,Family Issues
STU02595,SCH1109,Gujarat,Vadodara,Rural,Male,OBC,7,1,75000,74,2.5,Yes,Family Issues
STU02596,SCH1126,Gujarat,Vadodara,Urban,Male,SC,8,3,100000,84,4.2,No,None
STU02597,SCH1048,Rajasthan,Udaipur,Rural,Female,OBC,9,4,200000,63,2.3,No,None
STU02598,SCH1135,Uttar Pradesh,Kanpur,Rural,Male,SC,17,12,100000,84,4.8,Yes,Poor Academic Performance
STU02599,SCH1111,Rajasthan,Jaipur,Rural,Male,OBC,12,7,100000,100,4.1,No,None
STU02600,SCH1025,Maharashtra,Aurangabad,Rural,Female,OBC,12,6,75000,84,3.0,Yes,Family Issues
STU02601,SCH1171,Madhya Pradesh,Bhopal,Rural,Female,SC,13,8,100000,86,3.0,No,None
STU02602,SCH1089,Uttar Pradesh,Agra,Rural,Female,OBC,18,12,100000,86,0.4,No,None
STU02603,SCH1243,Rajasthan,Kota,Rural,Male,OBC,15,9,300000,94,4.7,Yes,Migration
STU02604,SCH1158,Rajasthan,Kota,Rural,Male,SC,13,7,300000,90,4.9,No,None
STU02605,SCH1112,Madhya Pradesh,Gwalior,Urban,Female,ST,17,12,500000,84,2.1,No,None
STU02606,SCH1235,Maharashtra,Nashik,Rural,Female,ST,11,7,50000,81,5.1,Yes,Family Issues
STU02607,SCH1055,Gujarat,Rajkot,Urban,Female,ST,8,3,75000,93,6.6,Yes,Lack of Interest
STU02608,SCH1120,Uttar Pradesh,Agra,Semi-Urban,Female,General,13,8,50000,93,4.9,No,None
STU02609,SCH1217,Uttar Pradesh,Kanpur,Urban,Female,SC,8,3,100000,60,4.8,No,None
STU02610,SCH1028,Rajasthan,Jaipur,Rural,Other,General,17,12,100000,75,1.0,No,None
STU02611,SCH1220,Madhya Pradesh,Jabalpur,Rural,Male,OBC,14,8,150000,92,9.0,No,None
STU02612,SCH1117,Uttar Pradesh,Aligarh,Rural,Male,OBC,14,9,50000,93,2.0,Yes,Poor Academic Performance
STU02613,SCH1109,Rajasthan,Jodhpur,Semi-Urban,Male,SC,15,11,200000,81,0.3,No,None
STU02614,SCH1087,Madhya Pradesh,Bhopal,Rural,Male,General,17,12,100000,54,4.8,Yes,Migration
STU02615,SCH1191,Uttar Pradesh,Kanpur,Urban,Female,SC,16,11,150000,68,9.5,Yes,Health Issues
STU02616,SCH1068,Rajasthan,Jaipur,Urban,Male,SC,17,12,100000,45,6.5,Yes,Migration
STU02617,SCH1160,Maharashtra,Nashik,Rural,Male,ST,6,1,75000,100,3.3,Yes,Migration
STU02618,SCH1072,Rajasthan,Kota,Urban,Female,OBC,14,9,100000,94,0.5,No,None
STU02619,SCH1021,Maharashtra,Nagpur,Urban,Female,OBC,13,7,100000,88,5.8,No,None
STU02620,SCH1179,Madhya Pradesh,Jabalpur,Semi-Urban,Male,SC,15,10,500000,75,3.9,No,None
STU02621,SCH1044,Maharashtra,Nashik,Urban,Female,ST,16,11,200000,65,0.2,Yes,Health Issues
STU02622,SCH1027,Uttar Pradesh,Lucknow,Rural,Female,General,16,11,75000,83,5.1,Yes,Poverty
STU02623,SCH1030,Rajasthan,Jodhpur,Rural,Male,General,14,9,100000,60,7.0,Yes,Poverty
STU02624,SCH1222,Madhya Pradesh,Indore,Urban,Male,SC,9,4,100000,72,3.1,No,None
STU02625,SCH1220,Madhya Pradesh,Gwalior,Rural,Female,General,11,6,100000,99,3.1,No,None
STU02626,SCH1188,Madhya Pradesh,Indore,Rural,Female,SC,13,8,75000,72,1.3,Yes,Poverty
STU02627,SCH1122,Uttar Pradesh,Agra,Rural,Male,OBC,7,1,100000,69,0.6,No,None
STU02628,SCH1003,Rajasthan,Jodhpur,Rural,Male,ST,14,9,150000,74,4.5,Yes,Migration
STU02629,SCH1153,Gujarat,Vadodara,Rural,Female,General,6,1,150000,79,4.9,No,None
STU02630,SCH1121,Maharashtra,Nagpur,Urban,Female,OBC,9,5,300000,71,0.2,No,None
STU02631,SCH1237,Maharashtra,Aurangabad,Urban,Female,General,9,3,300000,63,5.3,No,None
STU02632,SCH1244,Maharashtra,Nashik,Rural,Female,OBC,6,1,200000,79,6.4,No,None
STU02633,SCH1214,Uttar Pradesh,Kanpur,Rural,Female,General,9,3,75000,95,6.9,Yes,Poverty
STU02634,SCH1111,Uttar Pradesh,Lucknow,Urban,Male,ST,12,7,100000,75,2.0,No,None
STU02635,SCH1202,Rajasthan,Jodhpur,Rural,Male,OBC,8,3,50000,64,4.2,No,None
STU02636,SCH1115,Uttar Pradesh,Lucknow,Urban,Male,SC,16,12,300000,83,4.3,No,None
STU02637,SCH1142,Rajasthan,Kota,Rural,Female,SC,18,12,50000,57,0.3,Yes,Poverty
STU02638,SCH1020,Maharashtra,Nagpur,Urban,Female,ST,9,4,50000,88,2.5,Yes,Family Issues
STU02639,SCH1194,Gujarat,Ahmedabad,Rural,Male,General,16,11,300000,65,6.5,Yes,Lack of Transport
STU02640,SCH1240,Uttar Pradesh,Lucknow,Rural,Female,SC,15,11,150000,94,4.9,No,None
STU02641,SCH1032,Uttar Pradesh,Lucknow,Urban,Male,OBC,12,7,500000,76,2.1,No,None
STU02642,SCH1141,Uttar Pradesh,Aligarh,Rural,Male,General,7,3,75000,81,4.5,Yes,Health Issues
STU02643,SCH1075,Maharashtra,Aurangabad,Rural,Female,OBC,10,6,200000,95,6.8,No,None
STU02644,SCH1106,Madhya Pradesh,Indore,Rural,Female,General,8,4,500000,57,3.6,Yes,Lack of Interest
STU02645,SCH1053,Maharashtra,Nagpur,Urban,Male,General,14,9,50000,84,7.5,Yes,Poor Academic Performance
STU02646,SCH1128,Rajasthan,Jodhpur,Rural,Female,General,18,12,150000,72,4.6,No,None
STU02647,SCH1213,Gujarat,Rajkot,Urban,Female,SC,7,3,200000,78,2.9,No,None
STU02648,SCH1018,Gujarat,Surat,Rural,Male,OBC,7,2,200000,82,4.9,No,None
STU02649,SCH1048,Madhya Pradesh,Indore,Urban,Male,OBC,17,12,75000,92,7.6,Yes,Poverty
STU02650,SCH1247,Maharashtra,Pune,Urban,Male,General,15,10,75000,91,7.1,Yes,Migration
STU02651,SCH1200,Rajasthan,Kota,Rural,Male,OBC,10,5,200000,63,5.6,No,None
STU02652,SCH1231,Madhya Pradesh,Bhopal,Rural,Female,OBC,6,2,200000,64,0.2,No,None
STU02653,SCH1051,Uttar Pradesh,Lucknow,Rural,Female,General,11,6,75000,100,3.2,No,None
STU02654,SCH1227,Rajasthan,Udaipur,Urban,Female,SC,14,10,300000,74,3.7,Yes,Lack of Interest
STU02655,SCH1088,Madhya Pradesh,Gwalior,Urban,Female,OBC,10,4,300000,74,2.2,No,None
STU02656,SCH1236,Uttar Pradesh,Aligarh,Urban,Female,OBC,18,12,150000,77,6.9,No,None
STU02657,SCH1108,Maharashtra,Nagpur,Urban,Female,SC,12,7,200000,95,2.3,No,None
STU02658,SCH1048,Uttar Pradesh,Agra,Rural,Female,General,8,3,75000,68,3.4,Yes,Family Issues
STU02659,SCH1215,Gujarat,Vadodara,Urban,Male,OBC,14,8,150000,61,3.6,No,None
STU02660,SCH1185,Madhya Pradesh,Gwalior,Rural,Female,ST,8,3,300000,73,2.0,Yes,Lack of Interest
STU02661,SCH1100,Uttar Pradesh,Lucknow,Semi-Urban,Male,General,9,4,100000,64,0.2,No,None
STU02662,SCH1249,Maharashtra,Aurangabad,Urban,Other,OBC,11,6,75000,98,2.0,No,None
STU02663,SCH1136,Gujarat,Surat,Rural,Female,OBC,8,3,100000,71,5.8,Yes,Poor Academic Performance
STU02664,SCH1021,Rajasthan,Udaipur,Rural,Male,OBC,8,3,100000,100,4.3,No,None
STU02665,SCH1034,Madhya Pradesh,Indore,Rural,Female,OBC,18,12,200000,87,2.5,No,None
STU02666,SCH1042,Madhya Pradesh,Jabalpur,Urban,Male,SC,10,5,200000,85,2.5,No,None
STU02667,SCH1095,Uttar Pradesh,Aligarh,Urban,Male,General,18,12,100000,75,4.9,No,None
STU02668,SCH1224,Madhya Pradesh,Bhopal,Urban,Female,SC,17,12,75000,74,4.8,Yes,Poor Academic Performance
STU02669,SCH1025,Rajasthan,Udaipur,Urban,Male,SC,14,9,100000,78,0.2,No,None
STU02670,SCH1042,Uttar Pradesh,Agra,Urban,Female,OBC,11,6,200000,71,3.6,No,None
STU02671,SCH1194,Madhya Pradesh,Gwalior,Urban,Male,OBC,6,2,75000,32,3.6,Yes,Family Issues
STU02672,SCH1079,Madhya Pradesh,Gwalior,Semi-Urban,Female,OBC,11,6,150000,90,4.6,No,None
STU02673,SCH1185,Rajasthan,Jaipur,Rural,Female,SC,6,2,200000,70,2.3,No,None
STU02674,SCH1220,Gujarat,Vadodara,Urban,Male,SC,6,1,200000,76,4.5,No,None
STU02675,SCH1212,Uttar Pradesh,Kanpur,Rural,Male,SC,8,2,50000,100,2.5,Yes,Poverty
STU02676,SCH1044,Uttar Pradesh,Lucknow,Urban,Female,OBC,11,5,200000,81,7.0,No,None
STU02677,SCH1046,Madhya Pradesh,Jabalpur,Urban,Female,SC,18,12,50000,81,6.5,Yes,Lack of Transport
STU02678,SCH1060,Rajasthan,Jodhpur,Urban,Female,OBC,9,4,200000,100,7.4,No,None
STU02679,SCH1054,Rajasthan,Jodhpur,Urban,Female,ST,13,8,150000,75,2.6,No,None
STU02680,SCH1154,Maharashtra,Pune,Urban,Female,OBC,14,10,500000,75,4.7,No,None
STU02681,SCH1109,Uttar Pradesh,Aligarh,Rural,Female,ST,13,7,150000,66,2.5,Yes,Family Issues
STU02682,SCH1093,Rajasthan,Udaipur,Urban,Male,OBC,17,11,300000,86,0.6,No,None
STU02683,SCH1008,Madhya Pradesh,Indore,Rural,Male,SC,17,12,100000,77,3.7,Yes,Family Issues
STU02684,SCH1157,Rajasthan,Jodhpur,Rural,Female,General,9,5,200000,75,2.7,No,None
STU02685,SCH1127,Maharashtra,Pune,Urban,Male,General,8,3,50000,65,7.3,Yes,Poverty
STU02686,SCH1137,Madhya Pradesh,Bhopal,Rural,Male,SC,9,3,75000,53,2.0,Yes,Lack of Interest
STU02687,SCH1159,Uttar Pradesh,Aligarh,Rural,Male,General,16,11,500000,81,3.4,No,None
STU02688,SCH1177,Gujarat,Vadodara,Semi-Urban,Female,OBC,14,8,75000,78,6.6,No,None
STU02689,SCH1003,Uttar Pradesh,Agra,Rural,Female,ST,9,4,150000,67,5.6,No,None
STU02690,SCH1049,Uttar Pradesh,Agra,Semi-Urban,Male,OBC,11,7,200000,66,4.2,No,None
STU02691,SCH1138,Uttar Pradesh,Kanpur,Rural,Female,OBC,13,7,100000,81,4.0,No,None
STU02692,SCH1222,Gujarat,Vadodara,Rural,Female,OBC,13,7,100000,85,7.2,No,None
STU02693,SCH1051,Madhya Pradesh,Bhopal,Rural,Female,OBC,12,6,200000,77,5.3,No,None
STU02694,SCH1005,Uttar Pradesh,Lucknow,Rural,Female,General,14,9,150000,69,0.3,Yes,Family Issues
STU02695,SCH1157,Maharashtra,Nashik,Rural,Male,SC,11,7,50000,66,7.5,Yes,Poverty
STU02696,SCH1004,Maharashtra,Nagpur,Rural,Male,SC,12,7,100000,66,3.9,No,None
STU02697,SCH1077,Maharashtra,Nashik,Urban,Male,SC,15,10,75000,55,2.0,Yes,Poor Academic Performance
STU02698,SCH1129,Madhya Pradesh,Jabalpur,Urban,Male,General,9,3,200000,65,7.2,No,None
STU02699,SCH1209,Maharashtra,Nashik,Semi-Urban,Male,OBC,7,1,150000,93,7.2,No,None
STU02700,SCH1030,Uttar Pradesh,Agra,Rural,Male,General,6,1,50000,89,3.7,Yes,Health Issues
STU02701,SCH1099,Gujarat,Surat,Urban,Male,OBC,16,11,150000,60,0.4,Yes,Lack of Transport
STU02702,SCH1186,Madhya Pradesh,Gwalior,Semi-Urban,Other,OBC,13,7,50000,73,5.5,Yes,Lack of Transport
STU02703,SCH1059,Uttar Pradesh,Lucknow,Urban,Male,General,11,6,75000,68,6.0,Yes,Lack of Interest
STU02704,SCH1119,Uttar Pradesh,Agra,Rural,Male,SC,14,10,100000,57,0.2,Yes,Family Issues
STU02705,SCH1053,Maharashtra,Nagpur,Semi-Urban,Female,SC,9,4,200000,79,2.9,No,None
STU02706,SCH1136,Gujarat,Vadodara,Rural,Female,ST,16,12,50000,94,4.4,Yes,Poverty
STU02707,SCH1094,Gujarat,Vadodara,Rural,Male,OBC,8,2,500000,88,2.5,No,None
STU02708,SCH1132,Gujarat,Surat,Urban,Male,OBC,7,3,75000,81,0.2,No,None
STU02709,SCH1122,Uttar Pradesh,Lucknow,Rural,Female,OBC,13,9,75000,75,4.4,Yes,Poverty
STU02710,SCH1121,Madhya Pradesh,Bhopal,Rural,Male,OBC,14,9,100000,75,3.1,No,None
STU02711,SCH1180,Rajasthan,Kota,Urban,Female,SC,9,4,50000,65,5.6,Yes,Poverty
STU02712,SCH1066,Uttar Pradesh,Aligarh,Rural,Male,SC,7,3,100000,55,2.8,No,None
STU02713,SCH1190,Uttar Pradesh,Kanpur,Urban,Male,OBC,18,12,75000,94,8.6,Yes,Poverty
STU02714,SCH1250,Maharashtra,Pune,Rural,Male,OBC,12,7,100000,62,3.2,No,None
STU02715,SCH1135,Madhya Pradesh,Bhopal,Rural,Female,ST,16,11,300000,92,4.3,No,None
STU02716,SCH1041,Rajasthan,Udaipur,Urban,Female,OBC,18,12,100000,76,5.2,No,None
STU02717,SCH1113,Maharashtra,Nashik,Rural,Male,General,13,9,150000,47,3.1,Yes,Lack of Interest
STU02718,SCH1060,Uttar Pradesh,Aligarh,Urban,Male,OBC,15,11,50000,55,0.9,Yes,Lack of Interest
STU02719,SCH1027,Rajasthan,Jodhpur,Semi-Urban,Female,ST,12,8,300000,66,2.3,No,None
STU02720,SCH1202,Madhya Pradesh,Bhopal,Semi-Urban,Male,OBC,11,7,75000,100,8.1,No,None
STU02721,SCH1196,Uttar Pradesh,Lucknow,Urban,Male,OBC,8,3,150000,78,2.3,No,None
STU02722,SCH1113,Gujarat,Ahmedabad,Rural,Female,General,6,1,75000,60,4.6,Yes,Family Issues
STU02723,SCH1075,Maharashtra,Aurangabad,Rural,Female,ST,15,10,50000,65,3.9,Yes,Poverty
STU02724,SCH1044,Rajasthan,Kota,Semi-Urban,Male,OBC,10,6,100000,84,5.2,No,None
STU02725,SCH1088,Gujarat,Ahmedabad,Urban,Male,SC,8,2,200000,99,2.5,No,None
STU02726,SCH1088,Uttar Pradesh,Lucknow,Rural,Male,OBC,7,3,100000,74,2.6,No,None
STU02727,SCH1234,Maharashtra,Aurangabad,Rural,Female,General,7,2,150000,66,6.2,Yes,Migration
STU02728,SCH1202,Gujarat,Ahmedabad,Rural,Female,SC,18,12,100000,45,5.2,Yes,Poverty
STU02729,SCH1190,Uttar Pradesh,Lucknow,Rural,Male,SC,13,9,200000,81,8.4,Yes,Migration
STU02730,SCH1206,Maharashtra,Nashik,Rural,Male,SC,9,3,75000,74,0.2,Yes,Health Issues
STU02731,SCH1091,Gujarat,Surat,Semi-Urban,Female,ST,15,10,300000,84,5.6,Yes,Lack of Interest
STU02732,SCH1073,Maharashtra,Nashik,Urban,Female,General,7,1,75000,95,7.1,Yes,Migration
STU02733,SCH1159,Maharashtra,Aurangabad,Urban,Female,OBC,13,9,150000,78,5.0,No,None
STU02734,SCH1105,Uttar Pradesh,Agra,Rural,Female,SC,7,1,50000,82,4.0,Yes,Lack of Interest
STU02735,SCH1108,Maharashtra,Pune,Urban,Male,SC,14,10,75000,97,5.1,Yes,Poverty
STU02736,SCH1115,Rajasthan,Jodhpur,Rural,Male,SC,13,8,200000,77,0.5,No,None
STU02737,SCH1113,Maharashtra,Nashik,Semi-Urban,Female,OBC,13,8,100000,81,8.2,No,None
STU02738,SCH1092,Maharashtra,Nagpur,Urban,Male,OBC,8,3,100000,65,0.3,No,None
STU02739,SCH1168,Maharashtra,Nagpur,Semi-Urban,Male,OBC,8,3,150000,75,0.4,No,None
STU02740,SCH1209,Gujarat,Vadodara,Rural,Male,OBC,8,3,200000,68,1.7,No,None
STU02741,SCH1123,Madhya Pradesh,Gwalior,Urban,Male,General,11,6,150000,56,5.4,No,None
STU02742,SCH1230,Maharashtra,Pune,Rural,Female,OBC,6,1,100000,73,1.4,No,None
STU02743,SCH1029,Rajasthan,Jaipur,Rural,Male,General,18,12,300000,69,5.3,Yes,Lack of Interest
STU02744,SCH1013,Gujarat,Surat,Urban,Male,OBC,17,12,300000,51,5.7,Yes,Family Issues
STU02745,SCH1240,Gujarat,Ahmedabad,Urban,Female,OBC,14,10,500000,85,2.2,No,None
STU02746,SCH1106,Gujarat,Ahmedabad,Rural,Male,General,6,1,100000,77,4.5,No,None
STU02747,SCH1186,Rajasthan,Kota,Rural,Female,General,16,11,50000,82,3.0,Yes,Poverty
STU02748,SCH1091,Rajasthan,Kota,Rural,Female,OBC,15,9,300000,79,6.8,Yes,Child Labour
STU02749,SCH1091,Rajasthan,Jaipur,Rural,Male,SC,9,3,100000,96,4.3,No,None
STU02750,SCH1002,Rajasthan,Jodhpur,Rural,Male,OBC,14,9,300000,93,6.0,No,None
STU02751,SCH1041,Madhya Pradesh,Gwalior,Rural,Other,OBC,7,2,100000,61,4.2,No,None
STU02752,SCH1084,Rajasthan,Jodhpur,Rural,Male,ST,6,1,200000,89,4.5,No,None
STU02753,SCH1006,Madhya Pradesh,Gwalior,Rural,Female,OBC,13,7,100000,97,4.4,No,None
STU02754,SCH1030,Gujarat,Ahmedabad,Urban,Female,OBC,14,8,100000,67,2.5,No,None
STU02755,SCH1107,Maharashtra,Aurangabad,Urban,Male,General,18,12,150000,70,5.2,No,None
STU02756,SCH1063,Madhya Pradesh,Gwalior,Rural,Female,General,17,11,75000,74,3.9,Yes,Lack of Interest
STU02757,SCH1188,Gujarat,Vadodara,Urban,Male,SC,12,7,150000,100,3.5,No,None
STU02758,SCH1138,Uttar Pradesh,Agra,Urban,Female,ST,18,12,100000,54,6.3,Yes,Poverty
STU02759,SCH1134,Gujarat,Rajkot,Rural,Male,OBC,14,9,100000,59,4.8,Yes,Lack of Interest
STU02760,SCH1194,Maharashtra,Nashik,Urban,Female,OBC,7,2,150000,70,8.0,No,None
STU02761,SCH1111,Maharashtra,Nashik,Urban,Male,OBC,11,7,50000,77,7.9,No,None
STU02762,SCH1169,Uttar Pradesh,Agra,Urban,Male,SC,8,2,150000,57,1.5,Yes,Poverty
STU02763,SCH1132,Madhya Pradesh,Indore,Rural,Female,General,11,5,150000,57,5.2,Yes,Poverty
STU02764,SCH1035,Gujarat,Rajkot,Semi-Urban,Male,SC,12,6,100000,83,1.6,No,None
STU02765,SCH1149,Gujarat,Rajkot,Rural,Male,OBC,11,6,75000,87,4.4,Yes,Child Labour
STU02766,SCH1106,Uttar Pradesh,Aligarh,Rural,Female,ST,18,12,100000,67,1.9,Yes,Lack of Transport
STU02767,SCH1002,Uttar Pradesh,Aligarh,Urban,Female,General,10,4,100000,75,4.8,No,None
STU02768,SCH1224,Rajasthan,Udaipur,Semi-Urban,Female,General,18,12,75000,73,0.2,Yes,Poverty
STU02769,SCH1182,Uttar Pradesh,Kanpur,Semi-Urban,Female,OBC,15,10,75000,59,1.7,Yes,Poverty
STU02770,SCH1042,Rajasthan,Jodhpur,Urban,Male,SC,16,10,100000,79,4.5,No,None
STU02771,SCH1168,Gujarat,Ahmedabad,Rural,Male,OBC,16,12,300000,84,1.1,No,None
STU02772,SCH1066,Rajasthan,Udaipur,Urban,Female,OBC,12,7,75000,100,0.6,Yes,Poverty
STU02773,SCH1087,Madhya Pradesh,Indore,Urban,Female,OBC,18,12,150000,84,2.9,No,None
STU02774,SCH1153,Rajasthan,Jodhpur,Rural,Male,General,9,4,150000,61,2.9,No,None
STU02775,SCH1088,Madhya Pradesh,Gwalior,Rural,Female,SC,10,5,50000,72,6.3,Yes,Lack of Transport
STU02776,SCH1028,Maharashtra,Nashik,Rural,Male,OBC,18,12,200000,87,1.8,No,None
STU02777,SCH1031,Gujarat,Rajkot,Urban,Male,SC,6,1,75000,66,2.2,Yes,Child Labour
STU02778,SCH1164,Maharashtra,Nagpur,Rural,Male,OBC,10,5,50000,72,2.8,Yes,Poverty
STU02779,SCH1008,Uttar Pradesh,Agra,Urban,Female,SC,16,11,50000,40,3.5,Yes,Poor Academic Performance
STU02780,SCH1001,Maharashtra,Nashik,Semi-Urban,Female,SC,8,2,200000,73,2.6,No,None
STU02781,SCH1208,Rajasthan,Kota,Rural,Female,SC,15,11,150000,80,2.8,Yes,Poverty
STU02782,SCH1054,Uttar Pradesh,Lucknow,Urban,Male,General,15,10,75000,69,2.3,Yes,Migration
STU02783,SCH1078,Gujarat,Ahmedabad,Urban,Female,General,18,12,150000,70,3.1,No,None
STU02784,SCH1250,Uttar Pradesh,Aligarh,Rural,Male,OBC,14,10,100000,100,3.6,No,None
STU02785,SCH1139,Gujarat,Surat,Rural,Female,General,14,10,75000,97,0.2,Yes,Family Issues
STU02786,SCH1122,Rajasthan,Jodhpur,Rural,Male,OBC,17,12,50000,83,1.4,Yes,Family Issues
STU02787,SCH1123,Gujarat,Rajkot,Urban,Male,OBC,17,12,500000,87,2.9,No,None
STU02788,SCH1072,Maharashtra,Pune,Urban,Female,General,15,10,300000,86,1.6,No,None
STU02789,SCH1116,Uttar Pradesh,Lucknow,Urban,Male,OBC,12,6,150000,67,4.6,No,None
STU02790,SCH1042,Uttar Pradesh,Kanpur,Urban,Female,OBC,12,6,150000,52,5.6,No,None
STU02791,SCH1209,Gujarat,Ahmedabad,Rural,Male,SC,16,11,150000,68,4.6,Yes,Poverty
STU02792,SCH1138,Gujarat,Ahmedabad,Rural,Female,OBC,15,11,50000,96,6.3,Yes,Health Issues
STU02793,SCH1020,Uttar Pradesh,Lucknow,Rural,Other,OBC,15,9,200000,85,2.6,Yes,Migration
STU02794,SCH1210,Maharashtra,Nashik,Semi-Urban,Female,OBC,13,7,200000,72,6.5,Yes,Poverty
STU02795,SCH1152,Rajasthan,Jodhpur,Urban,Male,ST,16,11,500000,93,5.3,No,None
STU02796,SCH1226,Maharashtra,Aurangabad,Rural,Female,OBC,16,11,200000,89,2.7,No,None
STU02797,SCH1095,Rajasthan,Jodhpur,Urban,Male,OBC,12,7,100000,74,0.2,No,None
STU02798,SCH1126,Uttar Pradesh,Agra,Rural,Female,OBC,9,5,150000,76,3.3,No,None
STU02799,SCH1223,Gujarat,Rajkot,Rural,Male,ST,17,12,200000,94,1.0,Yes,Lack of Transport
STU02800,SCH1146,Rajasthan,Kota,Rural,Male,OBC,15,10,100000,77,0.9,No,None
STU02801,SCH1057,Madhya Pradesh,Jabalpur,Urban,Male,OBC,16,12,150000,75,7.8,No,None
STU02802,SCH1033,Rajasthan,Jaipur,Urban,Female,SC,8,2,100000,90,3.7,No,None
STU02803,SCH1142,Madhya Pradesh,Gwalior,Rural,Female,SC,9,3,100000,100,4.3,No,None
STU02804,SCH1233,Maharashtra,Aurangabad,Semi-Urban,Male,General,9,3,500000,70,0.8,No,None
STU02805,SCH1128,Rajasthan,Jaipur,Urban,Male,ST,17,12,50000,62,0.4,Yes,Poverty
STU02806,SCH1226,Uttar Pradesh,Aligarh,Rural,Male,ST,18,12,150000,97,3.6,No,None
STU02807,SCH1061,Maharashtra,Nagpur,Urban,Male,SC,9,5,100000,96,6.2,No,None
STU02808,SCH1087,Rajasthan,Jodhpur,Urban,Female,OBC,11,7,75000,67,0.2,No,None
STU02809,SCH1026,Rajasthan,Jaipur,Semi-Urban,Male,SC,11,7,500000,96,1.6,No,None
STU02810,SCH1219,Uttar Pradesh,Aligarh,Urban,Female,OBC,16,12,50000,87,2.7,Yes,Poverty
STU02811,SCH1220,Uttar Pradesh,Agra,Rural,Female,OBC,6,2,300000,69,3.4,No,None
STU02812,SCH1130,Rajasthan,Jaipur,Rural,Male,OBC,15,10,50000,51,0.8,Yes,Lack of Transport
STU02813,SCH1066,Maharashtra,Pune,Urban,Male,General,8,3,75000,60,2.8,Yes,Poverty
STU02814,SCH1087,Gujarat,Vadodara,Semi-Urban,Male,OBC,17,11,100000,75,5.1,No,None
STU02815,SCH1247,Uttar Pradesh,Kanpur,Urban,Female,General,17,12,150000,69,1.0,No,None
STU02816,SCH1145,Maharashtra,Aurangabad,Rural,Female,General,18,12,200000,84,2.9,No,None
STU02817,SCH1059,Uttar Pradesh,Lucknow,Urban,Male,ST,7,1,100000,72,0.9,No,None
STU02818,SCH1121,Rajasthan,Kota,Rural,Female,General,6,2,100000,69,2.8,No,None
STU02819,SCH1120,Uttar Pradesh,Kanpur,Rural,Male,ST,8,3,200000,68,2.7,No,None
STU02820,SCH1028,Gujarat,Surat,Rural,Female,SC,7,2,100000,78,3.5,No,None
STU02821,SCH1047,Gujarat,Surat,Rural,Male,SC,9,5,200000,57,7.3,Yes,Migration
STU02822,SCH1250,Madhya Pradesh,Indore,Rural,Male,General,18,12,150000,74,3.5,Yes,Poverty
STU02823,SCH1158,Maharashtra,Nashik,Urban,Male,ST,11,5,100000,48,2.7,No,None
STU02824,SCH1124,Uttar Pradesh,Agra,Rural,Male,OBC,17,12,200000,70,3.6,Yes,Family Issues
STU02825,SCH1233,Madhya Pradesh,Jabalpur,Rural,Male,OBC,12,7,100000,78,7.6,Yes,Migration
STU02826,SCH1097,Rajasthan,Kota,Urban,Female,OBC,8,3,75000,79,6.0,Yes,Poverty
STU02827,SCH1162,Uttar Pradesh,Aligarh,Rural,Male,SC,11,5,100000,77,0.5,No,None
STU02828,SCH1002,Rajasthan,Kota,Semi-Urban,Female,ST,9,4,75000,66,7.0,Yes,Poverty
STU02829,SCH1204,Gujarat,Rajkot,Semi-Urban,Male,OBC,15,11,500000,79,2.0,No,None
STU02830,SCH1102,Uttar Pradesh,Kanpur,Rural,Male,General,12,7,50000,100,9.5,Yes,Lack of Transport
STU02831,SCH1060,Rajasthan,Jaipur,Rural,Female,SC,8,3,75000,89,0.2,Yes,Poverty
STU02832,SCH1058,Madhya Pradesh,Gwalior,Rural,Male,OBC,6,1,75000,46,0.2,Yes,Poverty
STU02833,SCH1188,Madhya Pradesh,Gwalior,Semi-Urban,Male,OBC,16,12,50000,78,4.7,Yes,Poor Academic Performance
STU02834,SCH1168,Madhya Pradesh,Gwalior,Semi-Urban,Other,OBC,8,4,200000,43,0.9,No,None
STU02835,SCH1045,Rajasthan,Udaipur,Urban,Male,SC,8,3,75000,100,4.1,Yes,Lack of Transport
STU02836,SCH1103,Gujarat,Ahmedabad,Urban,Female,ST,6,1,150000,80,4.4,No,None
STU02837,SCH1009,Gujarat,Vadodara,Semi-Urban,Female,ST,14,9,200000,75,2.9,No,None
STU02838,SCH1004,Uttar Pradesh,Lucknow,Semi-Urban,Female,OBC,12,6,50000,84,1.6,No,None
STU02839,SCH1136,Gujarat,Ahmedabad,Urban,Male,General,13,9,100000,74,0.2,No,None
STU02840,SCH1183,Maharashtra,Aurangabad,Rural,Female,SC,17,12,150000,80,3.0,Yes,Health Issues
STU02841,SCH1177,Rajasthan,Kota,Rural,Female,General,14,9,75000,73,5.2,Yes,Poverty
STU02842,SCH1152,Rajasthan,Udaipur,Semi-Urban,Female,OBC,9,4,75000,100,7.9,Yes,Poverty
STU02843,SCH1150,Madhya Pradesh,Gwalior,Urban,Female,OBC,15,10,50000,83,4.1,Yes,Migration
STU02844,SCH1143,Uttar Pradesh,Agra,Urban,Female,OBC,8,3,500000,78,3.3,No,None
STU02845,SCH1153,Rajasthan,Udaipur,Rural,Female,OBC,17,11,75000,65,5.4,Yes,Poverty
STU02846,SCH1160,Madhya Pradesh,Gwalior,Rural,Male,OBC,6,2,50000,61,0.2,Yes,Lack of Transport
STU02847,SCH1041,Madhya Pradesh,Indore,Urban,Male,General,11,6,150000,44,1.6,No,None
STU02848,SCH1187,Maharashtra,Aurangabad,Rural,Female,OBC,6,1,200000,68,5.5,No,None
STU02849,SCH1077,Rajasthan,Jodhpur,Urban,Male,SC,18,12,300000,59,2.8,Yes,Child Labour
STU02850,SCH1244,Uttar Pradesh,Lucknow,Semi-Urban,Female,SC,10,5,100000,71,4.0,No,None
STU02851,SCH1028,Gujarat,Surat,Rural,Male,ST,8,2,200000,62,1.8,No,None
STU02852,SCH1069,Rajasthan,Kota,Urban,Female,OBC,6,2,300000,54,4.6,No,None
STU02853,SCH1063,Gujarat,Vadodara,Rural,Male,SC,9,4,200000,84,0.7,No,None
STU02854,SCH1137,Maharashtra,Aurangabad,Semi-Urban,Female,ST,9,3,300000,92,0.9,No,None
STU02855,SCH1133,Rajasthan,Jodhpur,Rural,Female,OBC,8,2,300000,78,7.9,No,None
STU02856,SCH1045,Maharashtra,Nashik,Urban,Female,OBC,16,11,75000,76,4.0,Yes,Family Issues
STU02857,SCH1240,Maharashtra,Nashik,Urban,Female,General,14,9,200000,84,0.6,No,None
STU02858,SCH1127,Rajasthan,Udaipur,Rural,Male,SC,13,9,100000,86,3.3,Yes,Poverty
STU02859,SCH1185,Maharashtra,Pune,Urban,Male,OBC,11,6,200000,78,1.2,No,None
STU02860,SCH1196,Maharashtra,Nashik,Rural,Male,OBC,14,8,50000,62,5.3,Yes,Poverty
STU02861,SCH1193,Maharashtra,Nagpur,Semi-Urban,Male,OBC,12,6,75000,78,5.4,No,None
STU02862,SCH1130,Madhya Pradesh,Indore,Urban,Female,General,17,11,300000,91,1.7,No,None
STU02863,SCH1178,Uttar Pradesh,Aligarh,Rural,Male,ST,15,11,50000,78,2.3,Yes,Migration
STU02864,SCH1059,Rajasthan,Jodhpur,Urban,Male,General,9,3,50000,79,0.2,No,None
STU02865,SCH1128,Maharashtra,Nagpur,Urban,Female,General,15,11,300000,64,5.0,No,None
STU02866,SCH1144,Rajasthan,Udaipur,Rural,Female,General,16,10,150000,91,4.9,No,None
STU02867,SCH1014,Rajasthan,Jodhpur,Rural,Female,OBC,7,3,200000,77,4.7,No,None
STU02868,SCH1128,Rajasthan,Jaipur,Urban,Female,SC,7,2,50000,81,1.3,Yes,Health Issues
STU02869,SCH1214,Gujarat,Rajkot,Urban,Male,OBC,9,4,100000,84,0.7,No,None
STU02870,SCH1076,Uttar Pradesh,Aligarh,Rural,Female,General,9,3,200000,91,2.1,No,None
STU02871,SCH1146,Gujarat,Vadodara,Urban,Female,OBC,16,12,200000,67,0.6,Yes,Health Issues
STU02872,SCH1222,Rajasthan,Udaipur,Rural,Male,General,10,5,150000,75,3.3,No,None
STU02873,SCH1208,Gujarat,Rajkot,Semi-Urban,Female,OBC,11,6,150000,86,6.0,No,None
STU02874,SCH1170,Maharashtra,Nashik,Urban,Female,OBC,12,7,100000,84,6.5,No,None
STU02875,SCH1155,Uttar Pradesh,Aligarh,Urban,Male,General,10,5,200000,74,5.5,No,None
STU02876,SCH1069,Rajasthan,Udaipur,Urban,Female,SC,7,1,75000,93,8.4,Yes,Poverty
STU02877,SCH1056,Uttar Pradesh,Agra,Rural,Female,General,7,2,50000,88,2.3,Yes,Poverty
STU02878,SCH1201,Maharashtra,Nashik,Rural,Male,OBC,16,11,100000,78,5.1,Yes,Poverty
STU02879,SCH1069,Rajasthan,Kota,Rural,Male,SC,11,6,300000,86,1.2,No,None
STU02880,SCH1172,Uttar Pradesh,Aligarh,Rural,Male,General,11,7,150000,53,6.8,Yes,Migration
STU02881,SCH1163,Uttar Pradesh,Kanpur,Urban,Male,OBC,11,7,150000,95,2.4,No,None
STU02882,SCH1090,Maharashtra,Aurangabad,Rural,Male,OBC,12,6,200000,81,2.7,No,None
STU02883,SCH1210,Maharashtra,Aurangabad,Urban,Female,General,13,8,75000,70,6.7,Yes,Poverty
STU02884,SCH1144,Uttar Pradesh,Aligarh,Urban,Other,OBC,16,12,50000,100,7.0,Yes,Migration
STU02885,SCH1180,Madhya Pradesh,Bhopal,Urban,Male,OBC,11,6,200000,74,1.2,No,None
STU02886,SCH1039,Rajasthan,Kota,Urban,Female,General,16,11,100000,89,0.2,Yes,Lack of Interest
STU02887,SCH1064,Madhya Pradesh,Gwalior,Rural,Female,OBC,6,2,500000,82,6.3,No,None
STU02888,SCH1232,Maharashtra,Nagpur,Rural,Female,ST,9,3,500000,67,0.2,No,None
STU02889,SCH1239,Maharashtra,Aurangabad,Urban,Female,OBC,15,11,75000,87,6.1,Yes,Poverty
STU02890,SCH1149,Maharashtra,Pune,Rural,Male,OBC,12,7,300000,81,0.2,No,None
STU02891,SCH1237,Uttar Pradesh,Lucknow,Urban,Male,OBC,15,10,200000,84,0.2,No,None
STU02892,SCH1045,Rajasthan,Jaipur,Rural,Male,OBC,10,5,50000,97,5.8,Yes,Poverty
STU02893,SCH1234,Uttar Pradesh,Aligarh,Urban,Male,ST,8,3,200000,94,3.2,No,None
STU02894,SCH1196,Madhya Pradesh,Indore,Semi-Urban,Male,SC,9,5,75000,88,4.8,Yes,Poverty
STU02895,SCH1103,Gujarat,Ahmedabad,Rural,Male,OBC,14,8,75000,46,0.4,Yes,Poverty
STU02896,SCH1248,Maharashtra,Aurangabad,Rural,Male,ST,14,9,100000,81,4.3,No,None
STU02897,SCH1005,Rajasthan,Jaipur,Rural,Male,General,16,12,150000,86,5.4,Yes,Family Issues
STU02898,SCH1109,Uttar Pradesh,Kanpur,Urban,Female,ST,12,7,200000,93,4.0,No,None
STU02899,SCH1194,Madhya Pradesh,Bhopal,Rural,Male,OBC,6,1,50000,61,2.3,Yes,Poverty
STU02900,SCH1055,Uttar Pradesh,Lucknow,Rural,Female,SC,10,5,150000,66,0.2,No,None
STU02901,SCH1165,Maharashtra,Pune,Urban,Female,OBC,13,7,75000,81,4.9,Yes,Migration
STU02902,SCH1126,Uttar Pradesh,Agra,Rural,Male,General,12,7,75000,57,3.8,Yes,Poverty
STU02903,SCH1060,Gujarat,Surat,Semi-Urban,Female,OBC,18,12,75000,98,0.2,Yes,Poverty
STU02904,SCH1042,Rajasthan,Jodhpur,Rural,Female,ST,6,1,500000,78,4.3,No,None
STU02905,SCH1019,Madhya Pradesh,Bhopal,Rural,Male,OBC,17,11,100000,65,6.4,No,None
STU02906,SCH1103,Gujarat,Rajkot,Rural,Male,SC,7,2,100000,92,5.1,No,None
STU02907,SCH1084,Rajasthan,Udaipur,Rural,Male,OBC,13,8,75000,81,5.7,Yes,Migration
STU02908,SCH1083,Gujarat,Vadodara,Rural,Female,OBC,16,11,300000,75,5.5,No,None
STU02909,SCH1189,Maharashtra,Pune,Urban,Male,ST,13,7,500000,80,2.4,No,None
STU02910,SCH1207,Gujarat,Ahmedabad,Urban,Female,OBC,17,12,200000,90,5.9,No,None
STU02911,SCH1078,Maharashtra,Nashik,Urban,Female,OBC,8,2,150000,83,3.0,No,None
STU02912,SCH1129,Gujarat,Rajkot,Urban,Male,OBC,11,6,100000,62,4.1,No,None
STU02913,SCH1144,Madhya Pradesh,Gwalior,Rural,Female,General,7,2,150000,65,0.7,Yes,Lack of Interest
STU02914,SCH1152,Maharashtra,Nashik,Rural,Male,OBC,17,12,150000,72,4.5,Yes,Poverty
STU02915,SCH1014,Uttar Pradesh,Agra,Urban,Other,General,12,7,150000,96,2.2,No,None
STU02916,SCH1011,Uttar Pradesh,Aligarh,Urban,Male,General,10,6,200000,92,5.1,No,None
STU02917,SCH1225,Madhya Pradesh,Gwalior,Rural,Female,OBC,7,2,75000,92,4.0,Yes,Migration
STU02918,SCH1242,Uttar Pradesh,Aligarh,Rural,Female,SC,6,1,100000,100,3.9,No,None
STU02919,SCH1189,Gujarat,Rajkot,Urban,Male,General,13,8,150000,69,2.8,No,None
STU02920,SCH1150,Maharashtra,Nagpur,Rural,Female,OBC,9,4,200000,74,0.6,Yes,Poverty
STU02921,SCH1212,Gujarat,Rajkot,Rural,Female,OBC,14,9,50000,100,0.3,Yes,Poverty
STU02922,SCH1095,Gujarat,Surat,Urban,Female,General,18,12,75000,74,0.2,Yes,Migration
STU02923,SCH1178,Rajasthan,Jodhpur,Rural,Female,General,14,9,300000,44,1.7,Yes,Poverty
STU02924,SCH1238,Maharashtra,Aurangabad,Rural,Female,SC,10,5,50000,65,0.2,Yes,Child Labour
STU02925,SCH1207,Rajasthan,Udaipur,Urban,Female,OBC,6,1,200000,78,0.7,No,None
STU02926,SCH1043,Gujarat,Rajkot,Rural,Male,OBC,11,7,150000,77,2.5,No,None
STU02927,SCH1247,Madhya Pradesh,Bhopal,Urban,Male,ST,15,10,150000,79,0.7,No,None
STU02928,SCH1097,Uttar Pradesh,Lucknow,Urban,Male,SC,17,12,100000,85,2.2,No,None
STU02929,SCH1065,Madhya Pradesh,Jabalpur,Urban,Male,SC,17,11,75000,100,0.4,Yes,Poor Academic Performance
STU02930,SCH1204,Rajasthan,Jaipur,Urban,Female,SC,13,8,300000,84,6.2,Yes,Poverty
STU02931,SCH1061,Madhya Pradesh,Gwalior,Rural,Male,OBC,14,9,150000,69,7.7,Yes,Family Issues
STU02932,SCH1217,Madhya Pradesh,Jabalpur,Urban,Male,SC,6,1,100000,69,5.9,No,None
STU02933,SCH1232,Uttar Pradesh,Lucknow,Urban,Male,SC,12,7,100000,78,5.4,No,None
STU02934,SCH1242,Uttar Pradesh,Lucknow,Urban,Female,General,15,10,100000,69,2.8,Yes,Lack of Interest
STU02935,SCH1092,Gujarat,Ahmedabad,Urban,Male,General,9,3,200000,77,9.3,No,None
STU02936,SCH1199,Uttar Pradesh,Lucknow,Rural,Male,ST,18,12,75000,74,5.2,Yes,Poor Academic Performance
STU02937,SCH1102,Gujarat,Vadodara,Rural,Male,ST,10,5,100000,73,6.0,No,None
STU02938,SCH1060,Gujarat,Ahmedabad,Rural,Male,OBC,16,10,50000,77,2.6,Yes,Family Issues
STU02939,SCH1223,Madhya Pradesh,Bhopal,Rural,Other,OBC,15,9,75000,73,3.2,Yes,Lack of Transport
STU02940,SCH1098,Uttar Pradesh,Agra,Urban,Female,OBC,14,10,50000,71,1.9,Yes,Poverty
STU02941,SCH1111,Maharashtra,Aurangabad,Urban,Female,SC,17,12,150000,82,2.1,No,None
STU02942,SCH1156,Maharashtra,Pune,Rural,Female,SC,17,12,50000,83,4.0,Yes,Poverty
STU02943,SCH1149,Rajasthan,Kota,Urban,Male,SC,11,6,75000,91,2.8,Yes,Poverty
STU02944,SCH1060,Madhya Pradesh,Bhopal,Semi-Urban,Female,OBC,11,6,150000,81,7.1,No,None
STU02945,SCH1065,Rajasthan,Jaipur,Urban,Male,OBC,13,9,200000,100,8.4,No,None
STU02946,SCH1067,Madhya Pradesh,Indore,Rural,Female,SC,13,8,75000,62,3.5,Yes,Family Issues
STU02947,SCH1017,Maharashtra,Pune,Rural,Female,OBC,17,12,75000,100,5.2,Yes,Lack of Transport
STU02948,SCH1125,Gujarat,Surat,Semi-Urban,Female,General,15,10,50000,74,1.5,Yes,Health Issues
STU02949,SCH1119,Uttar Pradesh,Agra,Urban,Male,General,14,10,75000,84,3.1,Yes,Family Issues
STU02950,SCH1155,Madhya Pradesh,Bhopal,Urban,Male,General,9,4,100000,88,3.9,No,None
STU02951,SCH1125,Uttar Pradesh,Agra,Rural,Female,OBC,14,10,75000,90,4.3,Yes,Family Issues
STU02952,SCH1199,Maharashtra,Nashik,Urban,Female,OBC,8,2,150000,74,4.8,No,None
STU02953,SCH1195,Maharashtra,Pune,Urban,Female,OBC,6,1,75000,100,1.7,Yes,Migration
STU02954,SCH1165,Uttar Pradesh,Kanpur,Rural,Female,OBC,12,8,150000,52,8.2,Yes,Lack of Transport
STU02955,SCH1041,Gujarat,Rajkot,Urban,Female,General,11,6,150000,86,6.3,No,None
STU02956,SCH1188,Gujarat,Ahmedabad,Urban,Female,OBC,15,10,100000,60,4.2,No,None
STU02957,SCH1168,Maharashtra,Nashik,Rural,Female,ST,18,12,150000,97,4.8,No,None
STU02958,SCH1152,Rajasthan,Kota,Rural,Female,SC,18,12,100000,77,0.8,No,None
STU02959,SCH1184,Maharashtra,Aurangabad,Rural,Female,SC,13,8,100000,88,3.8,No,None
STU02960,SCH1182,Gujarat,Vadodara,Rural,Male,General,8,3,200000,86,7.9,No,None
STU02961,SCH1203,Maharashtra,Nashik,Rural,Male,General,17,11,100000,77,4.7,No,None
STU02962,SCH1095,Uttar Pradesh,Kanpur,Urban,Male,OBC,17,11,300000,100,2.4,No,None
STU02963,SCH1027,Maharashtra,Nagpur,Rural,Male,General,8,3,100000,91,3.0,No,None
STU02964,SCH1077,Gujarat,Vadodara,Urban,Male,SC,12,8,150000,58,1.8,No,None
STU02965,SCH1158,Rajasthan,Udaipur,Urban,Female,ST,11,5,100000,86,3.5,No,None
STU02966,SCH1017,Maharashtra,Nagpur,Urban,Male,ST,11,5,150000,81,5.3,No,None
STU02967,SCH1156,Uttar Pradesh,Agra,Urban,Female,General,6,1,100000,88,5.5,No,None
STU02968,SCH1229,Uttar Pradesh,Kanpur,Semi-Urban,Female,OBC,12,7,75000,62,6.9,Yes,Migration
STU02969,SCH1213,Maharashtra,Pune,Urban,Female,General,12,7,300000,80,3.6,No,None
STU02970,SCH1113,Maharashtra,Nagpur,Rural,Female,SC,9,3,200000,64,4.9,No,None
STU02971,SCH1038,Uttar Pradesh,Kanpur,Urban,Male,General,14,8,50000,75,4.5,No,None
STU02972,SCH1118,Gujarat,Vadodara,Rural,Female,ST,7,1,150000,92,0.3,No,None
STU02973,SCH1146,Uttar Pradesh,Aligarh,Urban,Male,ST,10,5,100000,54,6.3,No,None
STU02974,SCH1070,Rajasthan,Udaipur,Rural,Female,SC,14,8,75000,79,0.2,Yes,Child Labour
STU02975,SCH1017,Maharashtra,Nagpur,Urban,Female,SC,7,2,150000,100,6.3,No,None
STU02976,SCH1114,Madhya Pradesh,Indore,Rural,Male,General,15,9,300000,65,0.5,No,None
STU02977,SCH1033,Maharashtra,Pune,Rural,Male,OBC,7,1,200000,55,4.4,Yes,Migration
STU02978,SCH1122,Madhya Pradesh,Bhopal,Rural,Female,General,11,7,75000,55,0.8,Yes,Lack of Interest
STU02979,SCH1237,Rajasthan,Jaipur,Rural,Female,ST,9,4,200000,100,5.9,No,None
STU02980,SCH1005,Maharashtra,Pune,Urban,Female,General,10,5,200000,84,4.3,No,None
STU02981,SCH1086,Madhya Pradesh,Jabalpur,Rural,Female,SC,12,7,300000,71,3.2,Yes,Poverty
STU02982,SCH1026,Uttar Pradesh,Agra,Rural,Male,OBC,15,10,200000,56,6.1,Yes,Lack of Transport
STU02983,SCH1245,Madhya Pradesh,Bhopal,Urban,Male,OBC,17,11,150000,97,4.4,No,None
STU02984,SCH1214,Maharashtra,Nagpur,Rural,Female,OBC,18,12,100000,74,2.4,No,None
STU02985,SCH1228,Gujarat,Ahmedabad,Rural,Female,OBC,8,4,500000,87,2.6,No,None
STU02986,SCH1091,Maharashtra,Nagpur,Rural,Male,General,16,12,200000,95,4.6,Yes,Poverty
STU02987,SCH1145,Madhya Pradesh,Gwalior,Semi-Urban,Male,General,16,11,50000,86,3.8,No,None
STU02988,SCH1161,Gujarat,Rajkot,Semi-Urban,Female,OBC,17,12,100000,85,3.3,No,None
STU02989,SCH1224,Gujarat,Surat,Rural,Female,OBC,9,4,100000,92,5.6,No,None
STU02990,SCH1201,Rajasthan,Udaipur,Urban,Male,General,9,3,50000,90,3.0,No,None
STU02991,SCH1078,Maharashtra,Nagpur,Urban,Female,OBC,17,12,75000,83,3.5,No,None
STU02992,SCH1082,Gujarat,Vadodara,Semi-Urban,Female,General,8,3,50000,91,5.6,No,None
STU02993,SCH1100,Gujarat,Surat,Rural,Female,OBC,8,2,150000,100,4.9,No,None
STU02994,SCH1112,Madhya Pradesh,Jabalpur,Semi-Urban,Male,SC,9,5,50000,83,7.3,Yes,Lack of Transport
STU02995,SCH1232,Uttar Pradesh,Aligarh,Urban,Female,SC,15,10,50000,84,7.8,Yes,Migration
STU02996,SCH1064,Madhya Pradesh,Bhopal,Rural,Female,OBC,12,7,50000,100,7.6,Yes,Health Issues
STU02997,SCH1113,Madhya Pradesh,Gwalior,Urban,Female,SC,12,7,150000,92,6.0,No,None
STU02998,SCH1240,Uttar Pradesh,Lucknow,Semi-Urban,Male,SC,6,1,150000,73,7.0,Yes,Poverty
STU02999,SCH1067,Gujarat,Rajkot,Urban,Male,ST,14,10,300000,87,0.6,No,None
STU03000,SCH1037,Uttar Pradesh,Lucknow,Rural,Male,SC,11,5,200000,78,3.8,No,None
STU03001,SCH1030,Madhya Pradesh,Gwalior,Semi-Urban,Female,General,17,12,500000,100,5.2,No,None
STU03002,SCH1198,Gujarat,Rajkot,Urban,Male,SC,8,3,50000,56,4.2,Yes,Migration
STU03003,SCH1108,Maharashtra,Nashik,Urban,Female,SC,13,8,200000,71,2.3,No,None
STU03004,SCH1215,Rajasthan,Kota,Semi-Urban,Female,SC,7,2,500000,78,8.8,No,None
STU03005,SCH1006,Maharashtra,Nashik,Urban,Female,General,13,9,75000,66,0.2,Yes,Poverty
STU03006,SCH1099,Uttar Pradesh,Agra,Urban,Male,SC,10,5,100000,79,1.8,No,None
STU03007,SCH1119,Rajasthan,Jaipur,Semi-Urban,Female,OBC,14,9,200000,100,4.2,No,None
STU03008,SCH1012,Rajasthan,Jaipur,Rural,Female,General,6,2,200000,79,7.8,No,None
STU03009,SCH1030,Madhya Pradesh,Gwalior,Urban,Female,SC,15,10,200000,67,5.4,No,None
STU03010,SCH1243,Uttar Pradesh,Kanpur,Semi-Urban,Female,SC,10,4,200000,69,4.6,Yes,Migration
STU03011,SCH1216,Gujarat,Ahmedabad,Urban,Male,OBC,16,10,50000,57,3.5,Yes,Family Issues
STU03012,SCH1218,Gujarat,Rajkot,Rural,Female,SC,6,1,150000,47,3.1,Yes,Poor Academic Performance
STU03013,SCH1152,Uttar Pradesh,Lucknow,Semi-Urban,Female,General,6,2,300000,73,4.5,No,None
STU03014,SCH1090,Madhya Pradesh,Gwalior,Semi-Urban,Male,SC,15,11,200000,100,0.5,No,None
STU03015,SCH1119,Madhya Pradesh,Indore,Urban,Male,OBC,15,10,500000,100,2.5,No,None
STU03016,SCH1011,Madhya Pradesh,Indore,Urban,Female,General,7,1,100000,79,6.1,No,None
STU03017,SCH1011,Madhya Pradesh,Bhopal,Rural,Male,SC,17,12,300000,98,11.5,Yes,Poverty
STU03018,SCH1153,Uttar Pradesh,Aligarh,Urban,Male,SC,13,9,50000,68,4.7,Yes,Migration
STU03019,SCH1214,Gujarat,Rajkot,Urban,Female,SC,8,2,200000,81,2.5,No,None
STU03020,SCH1204,Gujarat,Vadodara,Rural,Female,General,16,11,75000,100,7.9,Yes,Lack of Transport
STU03021,SCH1202,Gujarat,Ahmedabad,Urban,Male,ST,15,11,150000,83,4.1,No,None
STU03022,SCH1209,Gujarat,Ahmedabad,Urban,Male,ST,16,11,50000,69,7.9,Yes,Health Issues
STU03023,SCH1003,Uttar Pradesh,Agra,Rural,Male,OBC,9,4,200000,100,5.5,No,None
STU03024,SCH1051,Madhya Pradesh,Jabalpur,Urban,Female,OBC,17,12,150000,71,0.2,Yes,Poor Academic Performance
STU03025,SCH1175,Gujarat,Ahmedabad,Semi-Urban,Male,OBC,11,5,75000,89,5.1,No,None
STU03026,SCH1090,Gujarat,Rajkot,Urban,Female,General,9,5,150000,86,7.4,No,None
STU03027,SCH1028,Maharashtra,Nagpur,Rural,Female,ST,10,5,75000,96,3.9,Yes,Migration
STU03028,SCH1141,Rajasthan,Udaipur,Rural,Female,OBC,8,3,150000,80,3.3,No,None
STU03029,SCH1173,Rajasthan,Jaipur,Urban,Female,OBC,12,7,75000,69,5.4,No,None
STU03030,SCH1149,Gujarat,Ahmedabad,Urban,Male,SC,9,5,75000,71,7.8,Yes,Migration
STU03031,SCH1005,Maharashtra,Aurangabad,Rural,Female,SC,6,2,50000,78,3.0,Yes,Lack of Transport
STU03032,SCH1181,Rajasthan,Jodhpur,Rural,Other,General,18,12,200000,69,2.4,Yes,Poverty
STU03033,SCH1221,Maharashtra,Nashik,Rural,Male,SC,14,10,100000,70,0.6,Yes,Migration
STU03034,SCH1145,Uttar Pradesh,Kanpur,Urban,Female,SC,18,12,200000,73,4.4,No,None
STU03035,SCH1095,Uttar Pradesh,Lucknow,Rural,Male,OBC,17,12,150000,97,6.9,Yes,Lack of Transport
STU03036,SCH1246,Uttar Pradesh,Agra,Urban,Female,OBC,16,10,75000,93,0.2,No,None
STU03037,SCH1153,Madhya Pradesh,Jabalpur,Semi-Urban,Male,OBC,13,7,75000,61,2.6,Yes,Poor Academic Performance
STU03038,SCH1166,Madhya Pradesh,Gwalior,Rural,Male,General,13,8,75000,100,2.7,Yes,Lack of Transport
STU03039,SCH1174,Uttar Pradesh,Aligarh,Urban,Male,SC,18,12,150000,60,4.7,No,None
STU03040,SCH1085,Madhya Pradesh,Bhopal,Rural,Female,SC,17,11,150000,72,3.0,Yes,Poverty
STU03041,SCH1016,Rajasthan,Jaipur,Rural,Male,OBC,14,9,75000,67,7.1,Yes,Poverty
STU03042,SCH1035,Gujarat,Vadodara,Rural,Female,SC,13,8,150000,93,3.0,No,None
STU03043,SCH1001,Uttar Pradesh,Kanpur,Urban,Female,SC,7,1,50000,85,0.2,Yes,Migration
STU03044,SCH1110,Maharashtra,Pune,Rural,Female,OBC,12,7,75000,95,0.2,No,None
STU03045,SCH1117,Madhya Pradesh,Gwalior,Urban,Male,ST,10,6,75000,68,5.4,No,None
STU03046,SCH1005,Madhya Pradesh,Jabalpur,Urban,Male,OBC,8,3,500000,70,1.0,No,None
STU03047,SCH1008,Maharashtra,Aurangabad,Urban,Female,General,6,1,100000,84,6.4,No,None
STU03048,SCH1165,Gujarat,Surat,Urban,Female,OBC,18,12,75000,76,1.3,No,None
STU03049,SCH1188,Rajasthan,Udaipur,Urban,Female,ST,9,3,200000,61,0.2,No,None
STU03050,SCH1029,Uttar Pradesh,Agra,Semi-Urban,Male,General,18,12,50000,76,4.0,Yes,Child Labour
STU03051,SCH1058,Rajasthan,Udaipur,Rural,Female,General,14,10,75000,80,1.4,Yes,Lack of Interest
STU03052,SCH1024,Maharashtra,Nashik,Rural,Female,SC,8,4,75000,100,0.9,Yes,Poverty
STU03053,SCH1185,Gujarat,Rajkot,Rural,Female,General,10,5,200000,64,0.7,No,None
STU03054,SCH1096,Madhya Pradesh,Jabalpur,Rural,Female,SC,12,8,100000,65,0.2,Yes,Poverty
STU03055,SCH1155,Maharashtra,Aurangabad,Semi-Urban,Female,ST,14,9,500000,64,2.4,Yes,Poverty
STU03056,SCH1048,Maharashtra,Pune,Rural,Female,ST,8,4,200000,81,3.5,No,None
STU03057,SCH1204,Gujarat,Vadodara,Urban,Male,OBC,9,3,100000,88,3.7,No,None
STU03058,SCH1175,Gujarat,Ahmedabad,Rural,Male,SC,8,3,50000,100,0.2,Yes,Migration
STU03059,SCH1242,Rajasthan,Jodhpur,Semi-Urban,Female,General,15,10,50000,79,6.5,Yes,Child Labour
STU03060,SCH1093,Uttar Pradesh,Kanpur,Rural,Female,General,10,4,100000,83,3.2,No,None
STU03061,SCH1135,Madhya Pradesh,Bhopal,Rural,Female,OBC,13,8,150000,83,3.3,No,None
STU03062,SCH1203,Rajasthan,Kota,Rural,Male,ST,7,2,50000,50,3.8,Yes,Poverty
STU03063,SCH1110,Uttar Pradesh,Aligarh,Rural,Male,OBC,6,1,150000,98,0.5,No,None
STU03064,SCH1134,Rajasthan,Jaipur,Urban,Male,SC,15,11,200000,58,3.8,Yes,Poor Academic Performance
STU03065,SCH1022,Uttar Pradesh,Kanpur,Rural,Male,OBC,15,9,200000,62,3.2,No,None
STU03066,SCH1059,Uttar Pradesh,Kanpur,Rural,Female,OBC,6,2,200000,94,2.4,No,None
STU03067,SCH1100,Madhya Pradesh,Gwalior,Rural,Male,SC,10,5,300000,74,2.3,No,None
STU03068,SCH1066,Gujarat,Ahmedabad,Rural,Male,General,18,12,50000,62,5.3,Yes,Lack of Transport
STU03069,SCH1084,Rajasthan,Jaipur,Urban,Male,OBC,9,4,300000,64,5.5,No,None
STU03070,SCH1250,Madhya Pradesh,Indore,Rural,Female,OBC,8,2,100000,69,2.1,No,None
STU03071,SCH1248,Gujarat,Vadodara,Rural,Male,ST,6,1,300000,77,5.7,No,None
STU03072,SCH1218,Maharashtra,Aurangabad,Urban,Male,ST,6,2,150000,78,4.4,No,None
STU03073,SCH1041,Uttar Pradesh,Agra,Urban,Female,SC,18,12,300000,80,4.0,No,None
STU03074,SCH1150,Maharashtra,Pune,Urban,Male,OBC,17,12,300000,90,1.3,No,None
STU03075,SCH1039,Madhya Pradesh,Bhopal,Rural,Other,OBC,18,12,50000,56,3.3,Yes,Family Issues
STU03076,SCH1059,Uttar Pradesh,Lucknow,Rural,Female,SC,6,2,50000,100,1.1,Yes,Family Issues
STU03077,SCH1058,Gujarat,Ahmedabad,Rural,Female,OBC,8,4,150000,97,10.2,No,None
STU03078,SCH1215,Madhya Pradesh,Bhopal,Urban,Male,OBC,14,10,150000,62,3.1,Yes,Poverty
STU03079,SCH1036,Madhya Pradesh,Bhopal,Urban,Female,General,15,9,200000,69,0.2,No,None
STU03080,SCH1172,Gujarat,Rajkot,Rural,Female,General,17,12,100000,85,8.6,No,None
STU03081,SCH1177,Maharashtra,Aurangabad,Urban,Female,General,12,8,75000,77,1.1,No,None
STU03082,SCH1154,Gujarat,Surat,Rural,Male,OBC,9,3,150000,68,7.1,Yes,Child Labour
STU03083,SCH1086,Rajasthan,Udaipur,Rural,Male,General,8,4,200000,54,2.2,No,None
STU03084,SCH1123,Maharashtra,Nashik,Urban,Male,General,13,7,150000,51,2.7,No,None
STU03085,SCH1107,Gujarat,Vadodara,Urban,Female,ST,14,9,200000,92,7.0,Yes,Health Issues
STU03086,SCH1004,Madhya Pradesh,Jabalpur,Rural,Male,ST,14,10,200000,90,6.9,Yes,Poverty
STU03087,SCH1150,Madhya Pradesh,Jabalpur,Rural,Male,OBC,8,3,75000,83,0.9,Yes,Poverty
STU03088,SCH1127,Maharashtra,Nashik,Rural,Female,OBC,7,1,100000,96,5.3,No,None
STU03089,SCH1169,Uttar Pradesh,Kanpur,Semi-Urban,Male,OBC,9,3,100000,70,2.3,No,None
STU03090,SCH1068,Uttar Pradesh,Kanpur,Urban,Male,OBC,18,12,100000,64,3.9,No,None
STU03091,SCH1151,Gujarat,Rajkot,Rural,Male,General,9,5,50000,86,1.0,Yes,Health Issues
STU03092,SCH1043,Gujarat,Rajkot,Rural,Female,OBC,17,12,300000,100,6.0,Yes,Lack of Transport
STU03093,SCH1228,Madhya Pradesh,Gwalior,Rural,Male,OBC,9,5,75000,72,3.8,Yes,Poverty
STU03094,SCH1013,Rajasthan,Kota,Rural,Female,ST,8,2,150000,93,6.1,No,None
STU03095,SCH1084,Madhya Pradesh,Gwalior,Semi-Urban,Male,ST,12,6,100000,87,6.4,No,None
STU03096,SCH1155,Gujarat,Rajkot,Urban,Female,OBC,13,9,200000,92,3.1,No,None
STU03097,SCH1056,Rajasthan,Jaipur,Rural,Female,OBC,8,4,500000,56,9.2,Yes,Poverty
STU03098,SCH1115,Madhya Pradesh,Gwalior,Rural,Female,SC,10,6,100000,99,4.3,No,None
STU03099,SCH1089,Uttar Pradesh,Lucknow,Urban,Male,SC,9,5,150000,94,2.1,No,None
STU03100,SCH1237,Rajasthan,Jaipur,Rural,Female,General,12,8,75000,85,1.4,Yes,Family Issues
STU03101,SCH1057,Uttar Pradesh,Lucknow,Rural,Female,OBC,6,1,200000,46,2.7,No,None
STU03102,SCH1152,Rajasthan,Jodhpur,Rural,Female,SC,18,12,300000,64,0.2,Yes,Family Issues
STU03103,SCH1165,Rajasthan,Udaipur,Urban,Male,OBC,8,3,150000,93,4.1,No,None
STU03104,SCH1144,Gujarat,Surat,Rural,Female,SC,9,4,500000,69,5.8,No,None
STU03105,SCH1012,Gujarat,Vadodara,Semi-Urban,Female,General,7,1,100000,61,4.6,No,None
STU03106,SCH1001,Maharashtra,Nagpur,Urban,Male,OBC,7,2,200000,91,6.7,No,None
STU03107,SCH1052,Uttar Pradesh,Agra,Rural,Female,OBC,18,12,200000,77,2.9,No,None
STU03108,SCH1193,Uttar Pradesh,Kanpur,Rural,Male,SC,8,2,500000,86,5.3,No,None
STU03109,SCH1135,Gujarat,Ahmedabad,Urban,Female,OBC,10,5,100000,49,2.9,No,None
STU03110,SCH1229,Uttar Pradesh,Kanpur,Urban,Male,SC,18,12,150000,89,2.1,No,None
STU03111,SCH1015,Uttar Pradesh,Aligarh,Rural,Female,SC,17,12,50000,58,4.7,Yes,Family Issues
STU03112,SCH1066,Uttar Pradesh,Aligarh,Rural,Female,SC,6,1,100000,100,3.2,No,None
STU03113,SCH1160,Maharashtra,Nashik,Urban,Male,General,15,10,100000,84,4.5,No,None
STU03114,SCH1189,Rajasthan,Udaipur,Rural,Female,SC,13,7,100000,87,4.5,Yes,Family Issues
STU03115,SCH1175,Rajasthan,Kota,Rural,Male,OBC,11,5,75000,80,2.7,Yes,Family Issues
STU03116,SCH1103,Maharashtra,Nashik,Rural,Male,OBC,6,2,200000,73,1.8,No,None
STU03117,SCH1029,Gujarat,Vadodara,Urban,Female,General,14,9,300000,79,3.0,No,None
STU03118,SCH1200,Rajasthan,Udaipur,Rural,Male,OBC,12,7,150000,100,0.2,No,None
STU03119,SCH1216,Uttar Pradesh,Aligarh,Urban,Male,OBC,7,2,75000,65,5.3,Yes,Child Labour
STU03120,SCH1234,Rajasthan,Kota,Urban,Female,SC,11,7,200000,92,1.6,No,None
STU03121,SCH1097,Rajasthan,Udaipur,Rural,Male,OBC,15,10,75000,64,5.3,Yes,Poverty
STU03122,SCH1075,Madhya Pradesh,Jabalpur,Rural,Female,OBC,15,10,500000,72,2.6,No,None
STU03123,SCH1159,Madhya Pradesh,Gwalior,Rural,Male,OBC,7,1,500000,100,2.6,No,None
STU03124,SCH1155,Uttar Pradesh,Kanpur,Urban,Male,General,18,12,50000,63,0.2,Yes,Family Issues
STU03125,SCH1024,Uttar Pradesh,Agra,Rural,Female,General,8,3,150000,100,5.5,No,None
STU03126,SCH1155,Gujarat,Vadodara,Semi-Urban,Female,OBC,10,4,300000,53,4.0,Yes,Poor Academic Performance
STU03127,SCH1067,Rajasthan,Udaipur,Urban,Female,General,18,12,100000,81,4.1,No,None
STU03128,SCH1131,Uttar Pradesh,Lucknow,Urban,Female,SC,15,11,200000,87,4.0,No,None
STU03129,SCH1144,Madhya Pradesh,Indore,Urban,Female,ST,12,7,200000,78,3.5,No,None
STU03130,SCH1157,Maharashtra,Nagpur,Rural,Female,General,6,1,100000,79,6.7,No,None
STU03131,SCH1213,Maharashtra,Pune,Urban,Male,OBC,13,8,300000,87,7.4,No,None
STU03132,SCH1065,Maharashtra,Aurangabad,Rural,Female,SC,17,11,100000,100,2.3,Yes,Migration
STU03133,SCH1024,Madhya Pradesh,Indore,Urban,Male,OBC,17,12,200000,72,8.2,Yes,Poverty
STU03134,SCH1072,Gujarat,Rajkot,Rural,Female,General,10,5,150000,59,3.9,No,None
STU03135,SCH1018,Uttar Pradesh,Agra,Semi-Urban,Female,General,6,2,50000,73,2.7,No,None
STU03136,SCH1229,Maharashtra,Nashik,Rural,Female,OBC,13,9,500000,92,1.3,No,None
STU03137,SCH1063,Uttar Pradesh,Aligarh,Rural,Male,OBC,8,2,150000,74,2.1,No,None
STU03138,SCH1042,Gujarat,Ahmedabad,Semi-Urban,Female,OBC,15,9,75000,71,3.1,Yes,Lack of Interest
STU03139,SCH1182,Gujarat,Surat,Semi-Urban,Female,SC,17,12,500000,46,0.2,Yes,Poverty
STU03140,SCH1035,Gujarat,Surat,Rural,Male,SC,13,9,150000,82,4.3,Yes,Poor Academic Performance
STU03141,SCH1035,Maharashtra,Aurangabad,Urban,Male,SC,18,12,100000,71,0.2,No,None
STU03142,SCH1066,Gujarat,Vadodara,Semi-Urban,Male,General,6,1,150000,82,3.1,No,None
STU03143,SCH1191,Uttar Pradesh,Aligarh,Urban,Male,OBC,6,1,300000,59,2.9,No,None
STU03144,SCH1020,Uttar Pradesh,Kanpur,Rural,Female,General,8,3,100000,93,0.2,No,None
STU03145,SCH1128,Rajasthan,Udaipur,Rural,Female,General,10,5,150000,80,3.5,No,None
STU03146,SCH1226,Rajasthan,Jaipur,Semi-Urban,Male,SC,18,12,200000,77,1.6,No,None
STU03147,SCH1122,Maharashtra,Nashik,Rural,Male,ST,18,12,300000,81,5.0,Yes,Health Issues
STU03148,SCH1152,Uttar Pradesh,Agra,Rural,Male,OBC,14,9,500000,69,3.4,Yes,Poverty
STU03149,SCH1242,Gujarat,Vadodara,Rural,Male,OBC,10,5,75000,92,5.4,Yes,Poverty
STU03150,SCH1161,Madhya Pradesh,Bhopal,Rural,Male,OBC,13,8,75000,58,4.8,Yes,Poverty
STU03151,SCH1231,Maharashtra,Nashik,Rural,Male,SC,8,3,500000,88,4.6,No,None
STU03152,SCH1044,Maharashtra,Nagpur,Urban,Female,General,11,6,300000,59,1.1,No,None
STU03153,SCH1195,Madhya Pradesh,Gwalior,Urban,Female,OBC,15,11,200000,86,7.6,Yes,Poverty
STU03154,SCH1104,Uttar Pradesh,Kanpur,Semi-Urban,Male,OBC,8,3,150000,64,1.9,No,None
STU03155,SCH1114,Madhya Pradesh,Indore,Rural,Male,SC,8,3,100000,92,1.2,No,None
STU03156,SCH1086,Madhya Pradesh,Indore,Rural,Female,General,6,1,200000,89,5.4,No,None
STU03157,SCH1243,Rajasthan,Jaipur,Rural,Male,OBC,17,12,300000,66,0.7,Yes,Lack of Interest
STU03158,SCH1104,Maharashtra,Nagpur,Rural,Female,ST,6,1,100000,99,0.2,No,None
STU03159,SCH1015,Gujarat,Rajkot,Urban,Female,OBC,12,8,75000,68,2.3,Yes,Poverty
STU03160,SCH1081,Maharashtra,Nagpur,Rural,Male,OBC,14,10,150000,80,7.5,Yes,Poverty
STU03161,SCH1191,Madhya Pradesh,Gwalior,Rural,Male,ST,8,2,150000,87,6.7,Yes,Family Issues
STU03162,SCH1159,Uttar Pradesh,Lucknow,Rural,Female,ST,10,5,150000,92,0.6,No,None
STU03163,SCH1205,Uttar Pradesh,Kanpur,Rural,Male,OBC,15,10,75000,60,4.5,Yes,Poverty
STU03164,SCH1177,Madhya Pradesh,Bhopal,Semi-Urban,Male,OBC,6,1,150000,96,0.2,No,None
STU03165,SCH1081,Maharashtra,Pune,Semi-Urban,Male,General,12,7,150000,51,5.6,No,None
STU03166,SCH1065,Madhya Pradesh,Gwalior,Urban,Female,OBC,11,5,100000,68,6.1,No,None
STU03167,SCH1099,Maharashtra,Pune,Urban,Female,ST,12,8,50000,94,4.2,No,None
STU03168,SCH1236,Uttar Pradesh,Lucknow,Rural,Male,General,17,11,150000,75,5.7,No,None
STU03169,SCH1150,Maharashtra,Aurangabad,Rural,Female,SC,17,11,150000,79,1.5,No,None
STU03170,SCH1016,Rajasthan,Jaipur,Urban,Male,OBC,14,8,200000,81,7.0,No,None
STU03171,SCH1175,Uttar Pradesh,Kanpur,Rural,Female,SC,18,12,150000,86,4.5,Yes,Poverty
STU03172,SCH1090,Rajasthan,Jaipur,Urban,Female,OBC,13,9,300000,88,4.2,No,None
STU03173,SCH1131,Rajasthan,Jodhpur,Urban,Male,General,11,6,200000,75,0.2,No,None
STU03174,SCH1105,Uttar Pradesh,Kanpur,Urban,Male,OBC,15,10,150000,87,5.9,No,None
STU03175,SCH1006,Rajasthan,Kota,Rural,Male,SC,9,4,50000,79,3.3,Yes,Migration
STU03176,SCH1149,Maharashtra,Aurangabad,Rural,Female,ST,17,12,200000,77,3.8,No,None
STU03177,SCH1216,Madhya Pradesh,Indore,Semi-Urban,Male,OBC,9,4,200000,93,1.3,No,None
STU03178,SCH1119,Maharashtra,Aurangabad,Rural,Male,OBC,7,1,100000,89,4.9,No,None
STU03179,SCH1198,Madhya Pradesh,Bhopal,Urban,Female,OBC,13,9,100000,100,0.9,No,None
STU03180,SCH1237,Rajasthan,Jaipur,Rural,Male,SC,9,3,150000,80,5.7,No,None
STU03181,SCH1048,Gujarat,Vadodara,Semi-Urban,Male,OBC,9,5,100000,95,4.4,No,None
STU03182,SCH1145,Rajasthan,Udaipur,Rural,Male,OBC,6,1,200000,76,6.5,No,None
STU03183,SCH1149,Gujarat,Surat,Urban,Female,ST,9,5,150000,100,4.4,No,None
STU03184,SCH1117,Rajasthan,Jodhpur,Semi-Urban,Male,OBC,14,8,200000,100,3.5,No,None
STU03185,SCH1012,Uttar Pradesh,Kanpur,Rural,Female,OBC,8,3,300000,93,1.9,No,None
STU03186,SCH1157,Uttar Pradesh,Lucknow,Urban,Male,General,8,3,150000,64,1.4,No,None
STU03187,SCH1246,Uttar Pradesh,Kanpur,Rural,Female,SC,11,6,300000,53,3.2,Yes,Family Issues
STU03188,SCH1005,Gujarat,Vadodara,Rural,Male,ST,6,2,75000,78,3.0,Yes,Child Labour
STU03189,SCH1003,Madhya Pradesh,Gwalior,Rural,Male,General,16,12,150000,79,8.8,Yes,Poverty
STU03190,SCH1063,Maharashtra,Nagpur,Rural,Male,OBC,16,10,100000,59,3.2,Yes,Poverty
STU03191,SCH1112,Madhya Pradesh,Indore,Urban,Female,General,17,11,100000,59,6.4,Yes,Child Labour
STU03192,SCH1077,Rajasthan,Jaipur,Semi-Urban,Male,OBC,16,11,100000,77,3.0,No,None
STU03193,SCH1027,Uttar Pradesh,Lucknow,Rural,Female,General,10,4,100000,68,5.4,No,None
STU03194,SCH1243,Uttar Pradesh,Agra,Urban,Male,OBC,18,12,300000,88,4.5,No,None
STU03195,SCH1195,Uttar Pradesh,Agra,Rural,Female,OBC,6,1,150000,71,2.5,No,None
STU03196,SCH1107,Maharashtra,Pune,Semi-Urban,Female,OBC,15,10,50000,83,0.2,Yes,Family Issues
STU03197,SCH1234,Gujarat,Ahmedabad,Semi-Urban,Female,OBC,15,10,50000,94,6.5,Yes,Family Issues
STU03198,SCH1016,Rajasthan,Jaipur,Urban,Male,OBC,13,8,150000,48,2.7,No,None
STU03199,SCH1072,Maharashtra,Nagpur,Urban,Male,ST,17,12,150000,78,5.6,No,None
STU03200,SCH1024,Maharashtra,Nagpur,Urban,Male,SC,13,8,150000,78,3.8,No,None
STU03201,SCH1220,Gujarat,Ahmedabad,Rural,Male,OBC,16,12,200000,87,6.3,Yes,Family Issues
STU03202,SCH1244,Gujarat,Ahmedabad,Rural,Male,OBC,7,2,100000,77,1.4,No,None
STU03203,SCH1017,Rajasthan,Jaipur,Urban,Male,SC,10,5,75000,65,3.7,Yes,Migration
STU03204,SCH1079,Madhya Pradesh,Bhopal,Rural,Male,OBC,7,3,300000,86,3.2,No,None
STU03205,SCH1031,Uttar Pradesh,Agra,Rural,Female,General,13,7,75000,63,0.2,Yes,Poor Academic Performance
STU03206,SCH1118,Maharashtra,Nashik,Urban,Female,OBC,16,11,150000,77,4.3,No,None
STU03207,SCH1056,Rajasthan,Udaipur,Urban,Female,General,11,6,100000,62,1.2,No,None
STU03208,SCH1236,Gujarat,Rajkot,Urban,Female,General,10,5,200000,86,0.2,No,None
STU03209,SCH1064,Uttar Pradesh,Kanpur,Urban,Male,SC,7,1,100000,59,1.6,Yes,Poverty
STU03210,SCH1214,Gujarat,Rajkot,Rural,Female,OBC,17,12,75000,77,2.5,Yes,Poverty
STU03211,SCH1085,Maharashtra,Aurangabad,Urban,Female,General,6,1,150000,100,0.8,No,None
STU03212,SCH1067,Rajasthan,Kota,Rural,Male,OBC,11,6,50000,62,3.0,Yes,Poverty
STU03213,SCH1220,Uttar Pradesh,Aligarh,Rural,Male,General,6,1,200000,91,1.1,No,None
STU03214,SCH1230,Gujarat,Ahmedabad,Urban,Male,General,13,9,75000,100,5.6,Yes,Migration
STU03215,SCH1008,Gujarat,Surat,Urban,Male,SC,7,2,200000,81,1.5,No,None
STU03216,SCH1058,Uttar Pradesh,Aligarh,Urban,Female,OBC,16,10,200000,82,2.3,No,None
STU03217,SCH1117,Maharashtra,Nagpur,Rural,Female,OBC,12,6,500000,57,7.2,No,None
STU03218,SCH1085,Rajasthan,Jaipur,Urban,Male,ST,16,10,100000,74,5.5,Yes,Lack of Transport
STU03219,SCH1187,Maharashtra,Aurangabad,Urban,Male,General,7,2,150000,80,1.2,No,None
STU03220,SCH1027,Gujarat,Surat,Urban,Other,OBC,13,9,100000,71,4.1,No,None
STU03221,SCH1025,Maharashtra,Aurangabad,Semi-Urban,Other,OBC,15,10,200000,87,1.8,No,None
STU03222,SCH1023,Gujarat,Ahmedabad,Urban,Female,ST,7,1,300000,75,1.1,No,None
STU03223,SCH1192,Maharashtra,Nagpur,Semi-Urban,Male,ST,6,1,50000,61,8.5,Yes,Lack of Transport
STU03224,SCH1088,Gujarat,Ahmedabad,Rural,Male,OBC,15,10,100000,100,3.0,No,None
STU03225,SCH1024,Maharashtra,Pune,Rural,Male,OBC,6,2,50000,82,0.2,Yes,Poor Academic Performance
STU03226,SCH1008,Uttar Pradesh,Kanpur,Urban,Male,General,17,11,150000,68,3.3,No,None
STU03227,SCH1210,Maharashtra,Nashik,Semi-Urban,Male,OBC,13,8,50000,55,1.2,Yes,Poverty
STU03228,SCH1017,Gujarat,Ahmedabad,Urban,Male,SC,8,2,150000,100,4.4,No,None
STU03229,SCH1125,Gujarat,Vadodara,Urban,Female,General,7,1,75000,80,1.0,Yes,Lack of Interest
STU03230,SCH1193,Gujarat,Vadodara,Urban,Female,OBC,6,1,50000,98,7.5,Yes,Migration
STU03231,SCH1100,Rajasthan,Jaipur,Rural,Female,SC,15,10,150000,66,6.6,Yes,Migration
STU03232,SCH1235,Maharashtra,Pune,Semi-Urban,Female,ST,18,12,150000,69,0.5,No,None
STU03233,SCH1212,Rajasthan,Kota,Rural,Male,SC,6,1,75000,90,0.2,Yes,Migration
STU03234,SCH1112,Maharashtra,Aurangabad,Rural,Female,OBC,13,8,300000,83,5.8,No,None
STU03235,SCH1057,Madhya Pradesh,Gwalior,Semi-Urban,Male,General,15,11,150000,93,3.6,No,None
STU03236,SCH1076,Gujarat,Surat,Urban,Male,ST,18,12,150000,61,0.2,No,None
STU03237,SCH1075,Madhya Pradesh,Bhopal,Urban,Female,OBC,7,2,75000,48,4.1,No,None
STU03238,SCH1164,Gujarat,Surat,Rural,Female,OBC,16,12,500000,74,1.3,Yes,Poor Academic Performance
STU03239,SCH1095,Rajasthan,Kota,Semi-Urban,Male,OBC,15,10,100000,89,0.2,No,None
STU03240,SCH1236,Rajasthan,Kota,Urban,Male,OBC,17,12,100000,86,0.2,No,None
STU03241,SCH1250,Gujarat,Surat,Rural,Male,General,13,8,75000,78,3.6,Yes,Poor Academic Performance
STU03242,SCH1029,Gujarat,Vadodara,Rural,Male,OBC,7,1,75000,74,2.0,Yes,Migration
STU03243,SCH1102,Madhya Pradesh,Gwalior,Urban,Female,OBC,14,8,200000,90,3.1,No,None
STU03244,SCH1207,Madhya Pradesh,Jabalpur,Rural,Male,OBC,7,1,200000,90,1.1,No,None
STU03245,SCH1182,Madhya Pradesh,Gwalior,Urban,Female,General,18,12,150000,70,5.6,No,None
STU03246,SCH1120,Gujarat,Ahmedabad,Urban,Male,OBC,9,4,100000,74,8.3,No,None
STU03247,SCH1092,Madhya Pradesh,Indore,Semi-Urban,Male,General,7,2,75000,69,4.9,No,None
STU03248,SCH1081,Rajasthan,Jodhpur,Urban,Female,General,18,12,200000,85,3.5,No,None
STU03249,SCH1188,Rajasthan,Jodhpur,Urban,Male,OBC,16,11,100000,62,4.6,No,None
STU03250,SCH1166,Uttar Pradesh,Agra,Semi-Urban,Male,SC,8,3,200000,92,1.3,No,None
STU03251,SCH1136,Madhya Pradesh,Jabalpur,Rural,Male,OBC,13,8,200000,68,0.5,No,None
STU03252,SCH1006,Madhya Pradesh,Jabalpur,Urban,Male,OBC,15,10,100000,64,1.0,No,None
STU03253,SCH1219,Maharashtra,Aurangabad,Urban,Male,OBC,9,4,50000,80,5.4,No,None
STU03254,SCH1031,Madhya Pradesh,Bhopal,Urban,Female,General,11,7,150000,83,1.9,No,None
STU03255,SCH1157,Gujarat,Surat,Rural,Female,SC,10,5,150000,87,8.5,No,None
STU03256,SCH1017,Gujarat,Vadodara,Semi-Urban,Female,ST,13,7,300000,71,5.3,No,None
STU03257,SCH1003,Rajasthan,Jaipur,Rural,Female,OBC,8,4,200000,69,2.2,No,None
STU03258,SCH1195,Gujarat,Surat,Rural,Male,SC,16,10,200000,82,1.7,Yes,Poverty
STU03259,SCH1226,Maharashtra,Pune,Rural,Male,OBC,17,12,100000,80,1.8,Yes,Poverty
STU03260,SCH1177,Uttar Pradesh,Lucknow,Urban,Male,ST,7,2,150000,70,0.7,No,None
STU03261,SCH1049,Rajasthan,Jaipur,Urban,Female,ST,17,11,100000,67,1.8,No,None
STU03262,SCH1122,Madhya Pradesh,Bhopal,Urban,Female,SC,16,12,150000,83,3.9,Yes,Child Labour
STU03263,SCH1076,Rajasthan,Jodhpur,Rural,Female,SC,8,2,50000,77,4.4,Yes,Family Issues
STU03264,SCH1050,Gujarat,Vadodara,Rural,Male,OBC,18,12,100000,78,2.7,No,None
STU03265,SCH1239,Madhya Pradesh,Indore,Semi-Urban,Female,General,13,8,50000,46,3.6,No,None
STU03266,SCH1145,Madhya Pradesh,Bhopal,Rural,Male,OBC,12,8,200000,61,1.4,No,None
STU03267,SCH1169,Madhya Pradesh,Indore,Urban,Male,General,8,3,100000,92,4.4,No,None
STU03268,SCH1234,Rajasthan,Udaipur,Urban,Female,SC,17,11,100000,75,1.6,Yes,Poverty
STU03269,SCH1112,Uttar Pradesh,Agra,Rural,Female,OBC,9,5,75000,77,0.3,Yes,Lack of Transport
STU03270,SCH1058,Gujarat,Ahmedabad,Urban,Male,OBC,18,12,300000,53,2.5,No,None
STU03271,SCH1078,Rajasthan,Jaipur,Rural,Male,OBC,7,3,75000,53,2.0,Yes,Poor Academic Performance
STU03272,SCH1250,Madhya Pradesh,Indore,Rural,Female,General,8,4,300000,77,6.0,No,None
STU03273,SCH1048,Gujarat,Ahmedabad,Urban,Female,OBC,7,3,300000,74,2.0,No,None
STU03274,SCH1071,Rajasthan,Jaipur,Rural,Male,OBC,14,9,150000,73,6.0,Yes,Child Labour
STU03275,SCH1018,Uttar Pradesh,Lucknow,Rural,Male,SC,11,6,200000,71,4.2,No,None
STU03276,SCH1112,Gujarat,Surat,Urban,Female,OBC,16,12,150000,67,4.9,No,None
STU03277,SCH1098,Maharashtra,Nagpur,Urban,Male,ST,7,2,150000,100,3.0,No,None
STU03278,SCH1069,Maharashtra,Nashik,Rural,Female,SC,17,11,150000,70,2.3,Yes,Child Labour
STU03279,SCH1043,Rajasthan,Jaipur,Urban,Female,ST,11,6,100000,61,4.9,No,None
STU03280,SCH1065,Uttar Pradesh,Agra,Rural,Male,OBC,15,9,75000,100,3.6,Yes,Poverty
STU03281,SCH1022,Gujarat,Surat,Rural,Female,OBC,10,5,50000,79,7.4,Yes,Lack of Interest
STU03282,SCH1038,Maharashtra,Aurangabad,Semi-Urban,Male,OBC,12,6,150000,95,0.7,No,None
STU03283,SCH1223,Madhya Pradesh,Indore,Urban,Female,SC,9,5,150000,65,5.6,No,None
STU03284,SCH1226,Maharashtra,Nagpur,Urban,Male,SC,10,5,300000,74,8.0,Yes,Lack of Interest
STU03285,SCH1052,Gujarat,Rajkot,Urban,Female,OBC,7,2,75000,100,1.3,No,None
STU03286,SCH1054,Gujarat,Surat,Semi-Urban,Male,OBC,6,2,100000,57,0.2,No,None
STU03287,SCH1067,Maharashtra,Aurangabad,Rural,Female,SC,17,11,200000,84,0.2,No,None
STU03288,SCH1036,Madhya Pradesh,Gwalior,Urban,Female,SC,7,1,150000,73,4.2,No,None
STU03289,SCH1110,Rajasthan,Udaipur,Rural,Other,SC,10,5,75000,86,2.6,Yes,Lack of Transport
STU03290,SCH1230,Rajasthan,Jodhpur,Urban,Female,SC,7,2,150000,93,4.5,No,None
STU03291,SCH1101,Rajasthan,Jaipur,Semi-Urban,Male,OBC,7,2,100000,69,6.1,No,None
STU03292,SCH1140,Gujarat,Vadodara,Rural,Male,OBC,10,4,50000,67,0.6,Yes,Migration
STU03293,SCH1153,Madhya Pradesh,Bhopal,Urban,Female,OBC,9,4,100000,82,0.5,No,None
STU03294,SCH1160,Maharashtra,Nashik,Urban,Female,OBC,6,2,50000,74,3.4,Yes,Migration
STU03295,SCH1030,Madhya Pradesh,Jabalpur,Urban,Female,SC,11,6,200000,70,0.9,No,None
STU03296,SCH1203,Maharashtra,Nagpur,Rural,Female,SC,9,4,100000,62,1.7,Yes,Poverty
STU03297,SCH1093,Uttar Pradesh,Kanpur,Urban,Male,General,11,6,100000,89,5.6,No,None
STU03298,SCH1100,Gujarat,Surat,Rural,Female,OBC,17,12,150000,69,6.4,Yes,Family Issues
STU03299,SCH1141,Madhya Pradesh,Bhopal,Urban,Female,OBC,6,1,150000,73,2.9,No,None
STU03300,SCH1012,Gujarat,Surat,Urban,Female,SC,8,3,50000,79,2.7,Yes,Lack of Transport
STU03301,SCH1208,Rajasthan,Kota,Urban,Female,ST,18,12,100000,88,2.6,No,None
STU03302,SCH1004,Gujarat,Ahmedabad,Semi-Urban,Female,General,7,1,500000,69,4.7,No,None
STU03303,SCH1104,Gujarat,Rajkot,Semi-Urban,Male,SC,7,2,100000,93,0.5,No,None
STU03304,SCH1054,Madhya Pradesh,Gwalior,Rural,Male,OBC,18,12,75000,95,5.9,Yes,Migration
STU03305,SCH1094,Maharashtra,Nagpur,Rural,Male,OBC,17,12,300000,88,0.2,No,None
STU03306,SCH1044,Uttar Pradesh,Lucknow,Rural,Male,OBC,16,10,50000,53,6.6,Yes,Migration
STU03307,SCH1115,Rajasthan,Kota,Rural,Male,OBC,13,8,50000,69,2.1,Yes,Poverty
STU03308,SCH1118,Rajasthan,Jodhpur,Rural,Male,OBC,9,4,150000,96,2.0,No,None
STU03309,SCH1054,Uttar Pradesh,Aligarh,Urban,Male,General,14,10,75000,66,2.0,Yes,Poverty
STU03310,SCH1102,Madhya Pradesh,Jabalpur,Rural,Male,ST,10,5,300000,85,1.6,No,None
STU03311,SCH1011,Gujarat,Vadodara,Urban,Male,OBC,17,12,200000,85,2.2,No,None
STU03312,SCH1070,Gujarat,Rajkot,Urban,Male,OBC,17,11,75000,74,8.9,Yes,Poverty
STU03313,SCH1121,Madhya Pradesh,Jabalpur,Semi-Urban,Male,OBC,16,10,100000,100,2.7,No,None
STU03314,SCH1046,Gujarat,Ahmedabad,Urban,Male,ST,10,5,150000,90,3.0,No,None
STU03315,SCH1053,Maharashtra,Nagpur,Semi-Urban,Female,OBC,12,7,200000,83,2.6,No,None
STU03316,SCH1195,Uttar Pradesh,Agra,Rural,Female,General,7,2,100000,83,1.5,No,None
STU03317,SCH1085,Maharashtra,Aurangabad,Urban,Female,SC,8,4,200000,49,7.7,Yes,Poverty
STU03318,SCH1129,Uttar Pradesh,Aligarh,Semi-Urban,Female,OBC,17,12,100000,64,0.2,No,None
STU03319,SCH1189,Rajasthan,Jodhpur,Urban,Female,General,11,6,200000,66,2.4,No,None
STU03320,SCH1161,Rajasthan,Jaipur,Rural,Male,OBC,13,8,100000,97,2.4,No,None
STU03321,SCH1043,Madhya Pradesh,Jabalpur,Urban,Male,SC,7,3,75000,84,0.2,No,None
STU03322,SCH1058,Rajasthan,Jaipur,Semi-Urban,Female,OBC,6,1,100000,100,4.9,No,None
STU03323,SCH1249,Maharashtra,Nagpur,Rural,Female,SC,15,11,50000,69,3.7,Yes,Poverty
STU03324,SCH1086,Uttar Pradesh,Agra,Rural,Female,General,15,9,150000,71,3.3,Yes,Poor Academic Performance
STU03325,SCH1024,Maharashtra,Nashik,Urban,Male,SC,13,8,75000,69,0.2,Yes,Poverty
STU03326,SCH1104,Maharashtra,Aurangabad,Urban,Male,General,15,11,150000,64,4.3,No,None
STU03327,SCH1058,Maharashtra,Aurangabad,Semi-Urban,Male,OBC,15,9,100000,88,6.3,Yes,Poverty
STU03328,SCH1149,Madhya Pradesh,Bhopal,Rural,Male,SC,6,1,75000,44,2.3,Yes,Poverty
STU03329,SCH1153,Uttar Pradesh,Agra,Rural,Female,SC,13,8,300000,82,3.5,No,None
STU03330,SCH1037,Uttar Pradesh,Lucknow,Urban,Female,General,17,12,150000,74,1.5,No,None
STU03331,SCH1046,Madhya Pradesh,Jabalpur,Urban,Female,OBC,12,8,75000,86,5.4,No,None
STU03332,SCH1073,Uttar Pradesh,Kanpur,Rural,Male,General,13,8,100000,76,8.8,No,None
STU03333,SCH1117,Gujarat,Ahmedabad,Semi-Urban,Male,General,9,4,75000,68,3.3,No,None
STU03334,SCH1237,Rajasthan,Jodhpur,Rural,Male,ST,11,5,75000,91,4.0,Yes,Poverty
STU03335,SCH1194,Uttar Pradesh,Agra,Urban,Male,OBC,8,2,100000,68,2.9,No,None
STU03336,SCH1160,Maharashtra,Pune,Rural,Male,SC,12,8,150000,49,7.4,Yes,Migration
STU03337,SCH1234,Madhya Pradesh,Jabalpur,Semi-Urban,Male,SC,16,12,75000,69,7.9,Yes,Child Labour
STU03338,SCH1234,Rajasthan,Udaipur,Urban,Female,General,15,10,50000,55,2.5,Yes,Poor Academic Performance
STU03339,SCH1150,Gujarat,Ahmedabad,Semi-Urban,Other,OBC,12,7,50000,86,1.5,No,None
STU03340,SCH1228,Madhya Pradesh,Gwalior,Rural,Male,OBC,6,1,100000,68,8.0,No,None
STU03341,SCH1006,Uttar Pradesh,Aligarh,Urban,Male,ST,6,2,100000,77,2.4,No,None
STU03342,SCH1215,Uttar Pradesh,Aligarh,Urban,Male,SC,15,9,100000,69,4.4,Yes,Child Labour
STU03343,SCH1039,Rajasthan,Jaipur,Rural,Female,ST,11,5,150000,88,3.0,No,None
STU03344,SCH1213,Maharashtra,Nagpur,Urban,Female,OBC,17,12,300000,81,1.7,No,None
STU03345,SCH1060,Madhya Pradesh,Jabalpur,Semi-Urban,Male,OBC,10,6,300000,83,4.7,No,None
STU03346,SCH1154,Rajasthan,Jaipur,Urban,Female,OBC,16,11,150000,74,5.4,No,None
STU03347,SCH1163,Uttar Pradesh,Agra,Urban,Female,OBC,7,2,75000,69,3.7,No,None
STU03348,SCH1023,Rajasthan,Jaipur,Urban,Male,OBC,10,5,75000,30,1.5,Yes,Lack of Transport
STU03349,SCH1134,Maharashtra,Nagpur,Urban,Female,SC,14,8,100000,100,7.2,No,None
STU03350,SCH1035,Uttar Pradesh,Agra,Urban,Female,OBC,18,12,75000,76,2.4,Yes,Poor Academic Performance
STU03351,SCH1054,Gujarat,Rajkot,Rural,Female,General,12,6,100000,58,6.4,Yes,Family Issues
STU03352,SCH1193,Rajasthan,Jaipur,Semi-Urban,Female,SC,18,12,150000,87,6.1,No,None
STU03353,SCH1034,Uttar Pradesh,Kanpur,Rural,Male,SC,17,12,200000,88,6.6,Yes,Poor Academic Performance
STU03354,SCH1154,Maharashtra,Aurangabad,Rural,Female,OBC,12,8,50000,90,5.2,Yes,Poverty
STU03355,SCH1068,Maharashtra,Nagpur,Rural,Female,ST,13,9,200000,47,5.7,Yes,Lack of Interest
STU03356,SCH1247,Rajasthan,Udaipur,Rural,Male,General,11,6,75000,61,5.8,Yes,Poor Academic Performance
STU03357,SCH1138,Uttar Pradesh,Kanpur,Urban,Female,General,17,12,75000,75,3.1,Yes,Family Issues
STU03358,SCH1082,Maharashtra,Pune,Rural,Male,OBC,10,4,150000,91,6.3,Yes,Family Issues
STU03359,SCH1212,Maharashtra,Aurangabad,Urban,Female,OBC,7,3,200000,85,1.8,No,None
STU03360,SCH1130,Rajasthan,Jaipur,Rural,Female,General,13,8,500000,95,2.0,No,None
STU03361,SCH1204,Rajasthan,Udaipur,Rural,Male,OBC,8,4,75000,71,5.6,Yes,Health Issues
STU03362,SCH1013,Gujarat,Vadodara,Urban,Female,OBC,9,4,50000,46,0.2,Yes,Lack of Interest
STU03363,SCH1185,Madhya Pradesh,Gwalior,Semi-Urban,Male,General,17,12,100000,59,3.3,No,None
STU03364,SCH1098,Rajasthan,Jaipur,Urban,Male,General,12,7,150000,73,4.8,No,None
STU03365,SCH1237,Rajasthan,Kota,Rural,Male,ST,18,12,150000,86,3.0,No,None
STU03366,SCH1022,Gujarat,Vadodara,Urban,Male,OBC,13,9,50000,90,1.4,Yes,Lack of Interest
STU03367,SCH1126,Madhya Pradesh,Jabalpur,Rural,Female,OBC,14,8,150000,96,5.4,No,None
STU03368,SCH1013,Rajasthan,Jodhpur,Rural,Male,OBC,6,1,100000,76,3.4,No,None
STU03369,SCH1049,Gujarat,Surat,Rural,Other,OBC,9,5,75000,59,3.5,Yes,Poverty
STU03370,SCH1221,Madhya Pradesh,Gwalior,Rural,Male,OBC,7,2,500000,81,2.4,No,None
STU03371,SCH1134,Maharashtra,Nagpur,Urban,Female,SC,14,9,100000,91,1.9,No,None
STU03372,SCH1195,Uttar Pradesh,Lucknow,Urban,Female,OBC,7,3,75000,82,6.0,No,None
STU03373,SCH1165,Maharashtra,Aurangabad,Urban,Other,OBC,14,8,500000,86,7.5,No,None
STU03374,SCH1047,Madhya Pradesh,Gwalior,Rural,Male,SC,18,12,300000,70,3.3,Yes,Poor Academic Performance
STU03375,SCH1037,Madhya Pradesh,Gwalior,Rural,Female,ST,16,12,150000,79,3.8,Yes,Child Labour
STU03376,SCH1108,Rajasthan,Kota,Urban,Male,OBC,9,4,100000,80,3.6,No,None
STU03377,SCH1190,Uttar Pradesh,Kanpur,Rural,Male,OBC,9,5,300000,83,0.2,No,None
STU03378,SCH1108,Gujarat,Vadodara,Rural,Male,General,18,12,50000,75,5.1,Yes,Poor Academic Performance
STU03379,SCH1044,Gujarat,Ahmedabad,Urban,Female,SC,17,12,100000,78,6.1,Yes,Lack of Interest
STU03380,SCH1156,Gujarat,Rajkot,Urban,Male,OBC,16,12,75000,79,6.2,Yes,Child Labour
STU03381,SCH1080,Uttar Pradesh,Agra,Rural,Female,General,18,12,100000,73,0.2,Yes,Health Issues
STU03382,SCH1050,Madhya Pradesh,Bhopal,Urban,Male,OBC,12,8,150000,71,7.2,No,None
STU03383,SCH1128,Uttar Pradesh,Agra,Urban,Female,OBC,9,4,50000,91,1.2,No,None
STU03384,SCH1144,Gujarat,Rajkot,Rural,Male,General,11,6,150000,76,5.9,No,None
STU03385,SCH1238,Maharashtra,Nashik,Rural,Male,OBC,15,10,200000,100,5.2,Yes,Lack of Transport
STU03386,SCH1112,Gujarat,Rajkot,Urban,Female,SC,6,1,75000,91,7.6,No,None
STU03387,SCH1082,Madhya Pradesh,Gwalior,Rural,Female,ST,7,3,75000,78,2.4,Yes,Poverty
STU03388,SCH1231,Uttar Pradesh,Kanpur,Rural,Female,OBC,17,12,100000,88,2.9,No,None
STU03389,SCH1246,Madhya Pradesh,Jabalpur,Rural,Male,General,17,11,100000,57,2.6,Yes,Family Issues
STU03390,SCH1218,Madhya Pradesh,Bhopal,Rural,Female,OBC,10,6,300000,83,1.9,No,None
STU03391,SCH1023,Maharashtra,Nagpur,Semi-Urban,Other,OBC,12,8,100000,63,6.0,No,None
STU03392,SCH1151,Maharashtra,Pune,Rural,Male,General,13,8,150000,76,2.7,No,None
STU03393,SCH1082,Rajasthan,Kota,Urban,Female,OBC,12,6,75000,80,6.8,Yes,Poverty
STU03394,SCH1167,Rajasthan,Udaipur,Rural,Female,OBC,6,1,200000,77,3.1,No,None
STU03395,SCH1209,Madhya Pradesh,Jabalpur,Urban,Male,General,15,9,300000,89,5.1,No,None
STU03396,SCH1106,Gujarat,Surat,Urban,Female,SC,10,4,500000,83,5.4,No,None
STU03397,SCH1109,Madhya Pradesh,Jabalpur,Rural,Male,SC,8,4,50000,100,1.8,Yes,Lack of Transport
STU03398,SCH1212,Gujarat,Ahmedabad,Urban,Female,SC,18,12,200000,77,5.6,No,None
STU03399,SCH1011,Rajasthan,Jaipur,Rural,Female,General,9,5,100000,87,2.7,No,None
STU03400,SCH1124,Maharashtra,Nagpur,Urban,Female,General,18,12,150000,78,5.6,No,None
STU03401,SCH1056,Maharashtra,Pune,Rural,Female,SC,8,4,200000,83,1.9,No,None
STU03402,SCH1108,Rajasthan,Udaipur,Urban,Male,General,7,3,300000,89,1.7,No,None
STU03403,SCH1248,Madhya Pradesh,Indore,Urban,Male,ST,12,7,50000,79,5.1,No,None
STU03404,SCH1237,Madhya Pradesh,Gwalior,Urban,Male,General,6,1,100000,96,1.8,No,None
STU03405,SCH1187,Madhya Pradesh,Bhopal,Rural,Female,OBC,9,5,500000,96,7.6,No,None
STU03406,SCH1209,Maharashtra,Pune,Semi-Urban,Male,SC,11,6,300000,89,2.7,No,None
STU03407,SCH1241,Madhya Pradesh,Gwalior,Rural,Male,OBC,11,6,100000,62,3.8,No,None
STU03408,SCH1009,Rajasthan,Kota,Rural,Male,ST,9,5,100000,94,6.5,No,None
STU03409,SCH1015,Rajasthan,Jaipur,Rural,Female,OBC,6,2,100000,85,1.8,No,None
STU03410,SCH1038,Uttar Pradesh,Agra,Rural,Female,OBC,18,12,150000,70,1.6,Yes,Poverty
STU03411,SCH1102,Madhya Pradesh,Indore,Semi-Urban,Female,General,17,12,200000,81,2.8,No,None
STU03412,SCH1139,Maharashtra,Aurangabad,Semi-Urban,Female,OBC,7,3,75000,86,6.4,No,None
STU03413,SCH1047,Madhya Pradesh,Gwalior,Semi-Urban,Female,General,7,2,150000,92,4.9,No,None
STU03414,SCH1200,Maharashtra,Pune,Urban,Male,OBC,10,6,100000,73,5.1,No,None
STU03415,SCH1041,Maharashtra,Nashik,Urban,Male,SC,7,3,150000,84,2.5,No,None
STU03416,SCH1019,Rajasthan,Jodhpur,Rural,Female,General,7,2,150000,62,3.9,Yes,Migration
STU03417,SCH1247,Madhya Pradesh,Jabalpur,Rural,Female,OBC,14,9,75000,86,2.1,Yes,Family Issues
STU03418,SCH1246,Rajasthan,Udaipur,Urban,Male,OBC,6,2,200000,100,0.2,No,None
STU03419,SCH1174,Madhya Pradesh,Gwalior,Rural,Female,OBC,13,8,150000,70,3.3,No,None
STU03420,SCH1157,Gujarat,Surat,Semi-Urban,Male,General,11,6,200000,86,5.9,No,None
STU03421,SCH1097,Gujarat,Rajkot,Rural,Female,OBC,13,7,150000,79,0.2,No,None
STU03422,SCH1191,Rajasthan,Jodhpur,Urban,Female,OBC,17,12,75000,92,4.6,No,None
STU03423,SCH1141,Uttar Pradesh,Kanpur,Rural,Female,OBC,8,4,300000,94,3.9,No,None
STU03424,SCH1032,Uttar Pradesh,Aligarh,Rural,Female,SC,12,7,100000,77,2.3,No,None
STU03425,SCH1245,Uttar Pradesh,Lucknow,Semi-Urban,Male,OBC,17,11,75000,100,3.0,Yes,Family Issues
STU03426,SCH1034,Rajasthan,Kota,Rural,Male,SC,9,4,50000,74,3.5,Yes,Family Issues
STU03427,SCH1246,Uttar Pradesh,Kanpur,Rural,Female,SC,11,6,75000,80,5.1,Yes,Lack of Transport
STU03428,SCH1237,Gujarat,Ahmedabad,Urban,Male,SC,10,5,50000,73,2.6,Yes,Lack of Interest
STU03429,SCH1095,Madhya Pradesh,Bhopal,Urban,Female,SC,13,9,50000,77,5.7,Yes,Lack of Interest
STU03430,SCH1020,Maharashtra,Aurangabad,Semi-Urban,Male,SC,9,4,150000,73,3.4,No,None
STU03431,SCH1029,Rajasthan,Jodhpur,Rural,Male,OBC,14,9,300000,100,0.2,No,None
STU03432,SCH1165,Rajasthan,Jaipur,Urban,Female,ST,13,8,100000,83,4.4,No,None
STU03433,SCH1127,Uttar Pradesh,Aligarh,Semi-Urban,Female,OBC,13,8,75000,45,8.1,Yes,Child Labour
STU03434,SCH1039,Maharashtra,Aurangabad,Urban,Male,OBC,11,7,500000,65,6.2,No,None
STU03435,SCH1137,Maharashtra,Pune,Rural,Female,SC,10,6,75000,56,7.7,Yes,Poverty
STU03436,SCH1104,Maharashtra,Aurangabad,Urban,Male,ST,9,5,50000,74,4.0,Yes,Poverty
STU03437,SCH1109,Madhya Pradesh,Indore,Rural,Female,SC,10,5,100000,69,2.3,Yes,Poor Academic Performance
STU03438,SCH1209,Madhya Pradesh,Indore,Semi-Urban,Female,OBC,8,3,500000,75,4.4,No,None
STU03439,SCH1116,Gujarat,Ahmedabad,Semi-Urban,Male,SC,8,4,100000,89,3.1,No,None
STU03440,SCH1178,Maharashtra,Nagpur,Urban,Male,OBC,12,6,75000,66,2.5,Yes,Poverty
STU03441,SCH1168,Maharashtra,Nagpur,Semi-Urban,Male,General,10,5,500000,79,1.9,No,None
STU03442,SCH1069,Gujarat,Surat,Rural,Female,SC,10,4,200000,73,0.8,No,None
STU03443,SCH1115,Gujarat,Ahmedabad,Rural,Female,OBC,18,12,200000,91,3.3,Yes,Poverty
STU03444,SCH1226,Rajasthan,Udaipur,Rural,Female,SC,13,8,100000,41,4.8,Yes,Lack of Transport
STU03445,SCH1024,Uttar Pradesh,Aligarh,Rural,Male,OBC,10,5,300000,63,5.6,No,None
STU03446,SCH1069,Madhya Pradesh,Gwalior,Urban,Female,General,7,2,500000,85,0.3,No,None
STU03447,SCH1214,Rajasthan,Udaipur,Rural,Female,OBC,12,7,150000,71,3.0,No,None
STU03448,SCH1089,Gujarat,Rajkot,Rural,Male,OBC,12,8,50000,73,5.6,Yes,Poverty
STU03449,SCH1077,Gujarat,Rajkot,Rural,Male,General,9,4,200000,78,4.5,No,None
STU03450,SCH1124,Uttar Pradesh,Kanpur,Semi-Urban,Male,General,13,8,100000,86,2.0,No,None
STU03451,SCH1163,Gujarat,Rajkot,Urban,Male,SC,16,11,200000,81,4.4,No,None
STU03452,SCH1197,Maharashtra,Nashik,Semi-Urban,Female,General,13,8,200000,68,4.8,No,None
STU03453,SCH1166,Gujarat,Ahmedabad,Urban,Male,ST,10,5,50000,38,8.0,Yes,Poor Academic Performance
STU03454,SCH1066,Uttar Pradesh,Lucknow,Rural,Female,SC,17,12,150000,72,0.7,Yes,Lack of Interest
STU03455,SCH1021,Maharashtra,Pune,Semi-Urban,Male,OBC,14,9,150000,47,3.5,No,None
STU03456,SCH1185,Gujarat,Rajkot,Rural,Female,OBC,17,12,75000,97,4.9,Yes,Family Issues
STU03457,SCH1156,Madhya Pradesh,Jabalpur,Rural,Male,OBC,11,6,300000,51,2.5,No,None
STU03458,SCH1175,Maharashtra,Pune,Rural,Male,General,14,9,200000,62,5.5,Yes,Migration
STU03459,SCH1157,Gujarat,Vadodara,Rural,Female,ST,12,6,200000,100,1.6,No,None
STU03460,SCH1031,Gujarat,Ahmedabad,Semi-Urban,Male,ST,16,11,150000,58,7.4,Yes,Poverty
STU03461,SCH1015,Maharashtra,Nagpur,Rural,Male,SC,14,9,50000,70,2.9,Yes,Poverty
STU03462,SCH1244,Maharashtra,Nashik,Rural,Female,ST,9,4,100000,64,2.1,Yes,Child Labour
STU03463,SCH1211,Maharashtra,Aurangabad,Urban,Male,OBC,18,12,150000,70,5.9,Yes,Poverty
STU03464,SCH1196,Madhya Pradesh,Gwalior,Urban,Male,General,7,3,50000,67,2.7,Yes,Poverty
STU03465,SCH1200,Madhya Pradesh,Jabalpur,Urban,Female,ST,13,7,100000,77,5.3,No,None
STU03466,SCH1097,Gujarat,Surat,Urban,Male,OBC,6,1,300000,79,2.4,No,None
STU03467,SCH1185,Rajasthan,Jaipur,Rural,Male,ST,15,10,150000,46,2.6,Yes,Poverty
STU03468,SCH1152,Gujarat,Surat,Rural,Male,ST,9,4,200000,62,4.6,No,None
STU03469,SCH1009,Maharashtra,Aurangabad,Urban,Female,SC,16,11,150000,93,1.9,No,None
STU03470,SCH1217,Madhya Pradesh,Bhopal,Rural,Male,SC,18,12,200000,81,3.5,No,None
STU03471,SCH1058,Uttar Pradesh,Aligarh,Rural,Female,OBC,16,12,100000,88,2.2,No,None
STU03472,SCH1106,Madhya Pradesh,Jabalpur,Rural,Female,SC,9,3,100000,88,6.0,Yes,Child Labour
STU03473,SCH1139,Rajasthan,Jaipur,Rural,Male,ST,18,12,500000,89,5.8,Yes,Family Issues
STU03474,SCH1219,Gujarat,Vadodara,Rural,Female,SC,18,12,50000,82,5.6,Yes,Child Labour
STU03475,SCH1120,Uttar Pradesh,Kanpur,Semi-Urban,Male,General,18,12,75000,70,8.3,Yes,Lack of Interest
STU03476,SCH1200,Rajasthan,Kota,Urban,Male,General,10,5,150000,100,1.9,No,None
STU03477,SCH1116,Maharashtra,Aurangabad,Semi-Urban,Male,General,16,11,50000,96,7.0,Yes,Poverty
STU03478,SCH1120,Maharashtra,Aurangabad,Semi-Urban,Female,ST,17,12,75000,48,1.4,Yes,Lack of Transport
STU03479,SCH1124,Gujarat,Rajkot,Rural,Other,General,10,5,500000,100,4.3,No,None
STU03480,SCH1174,Madhya Pradesh,Bhopal,Rural,Male,General,13,9,150000,67,3.9,No,None
STU03481,SCH1053,Uttar Pradesh,Lucknow,Rural,Male,OBC,14,8,150000,74,4.6,No,None
STU03482,SCH1185,Maharashtra,Pune,Urban,Female,OBC,12,6,100000,74,4.6,No,None
STU03483,SCH1197,Gujarat,Vadodara,Rural,Female,OBC,9,4,100000,95,7.7,No,None
STU03484,SCH1033,Uttar Pradesh,Kanpur,Rural,Female,SC,9,4,300000,91,5.2,Yes,Migration
STU03485,SCH1183,Madhya Pradesh,Indore,Rural,Male,OBC,11,7,200000,77,1.5,No,None
STU03486,SCH1074,Maharashtra,Nagpur,Rural,Male,SC,12,7,500000,65,2.6,Yes,Lack of Interest
STU03487,SCH1156,Uttar Pradesh,Lucknow,Rural,Female,OBC,13,8,300000,76,0.9,No,None
STU03488,SCH1082,Madhya Pradesh,Indore,Rural,Male,SC,11,6,150000,67,8.0,No,None
STU03489,SCH1198,Maharashtra,Aurangabad,Rural,Male,General,9,5,200000,96,6.4,No,None
STU03490,SCH1203,Uttar Pradesh,Lucknow,Rural,Male,OBC,14,10,100000,74,7.2,No,None
STU03491,SCH1170,Uttar Pradesh,Lucknow,Rural,Male,General,7,3,75000,56,1.6,Yes,Family Issues
STU03492,SCH1236,Maharashtra,Nashik,Semi-Urban,Female,General,6,1,300000,65,4.4,No,None
STU03493,SCH1234,Maharashtra,Pune,Rural,Other,OBC,7,1,50000,75,4.9,Yes,Poverty
STU03494,SCH1232,Madhya Pradesh,Gwalior,Urban,Other,SC,12,7,100000,83,7.2,No,None
STU03495,SCH1195,Rajasthan,Jaipur,Semi-Urban,Female,OBC,12,6,100000,80,2.2,No,None
STU03496,SCH1081,Madhya Pradesh,Bhopal,Rural,Female,OBC,14,8,200000,100,0.2,No,None
STU03497,SCH1049,Maharashtra,Nashik,Rural,Male,OBC,16,11,100000,86,6.4,Yes,Lack of Transport
STU03498,SCH1058,Maharashtra,Pune,Urban,Female,OBC,7,2,200000,53,1.6,No,None
STU03499,SCH1156,Gujarat,Vadodara,Semi-Urban,Female,General,15,11,200000,51,4.2,Yes,Lack of Transport
STU03500,SCH1015,Rajasthan,Udaipur,Urban,Female,General,13,8,300000,77,0.4,No,None
STU03501,SCH1242,Uttar Pradesh,Lucknow,Urban,Male,SC,10,5,75000,100,5.4,No,None
STU03502,SCH1243,Uttar Pradesh,Aligarh,Urban,Female,SC,18,12,75000,86,4.1,Yes,Lack of Transport
STU03503,SCH1114,Madhya Pradesh,Gwalior,Urban,Female,ST,17,12,200000,58,7.9,Yes,Family Issues
STU03504,SCH1202,Rajasthan,Kota,Urban,Female,General,10,5,100000,82,3.4,No,None
STU03505,SCH1217,Madhya Pradesh,Indore,Rural,Female,ST,6,1,300000,71,4.5,No,None
STU03506,SCH1056,Uttar Pradesh,Aligarh,Rural,Female,General,10,4,150000,94,1.1,No,None
STU03507,SCH1182,Madhya Pradesh,Bhopal,Rural,Female,General,15,10,75000,79,1.8,Yes,Lack of Interest
STU03508,SCH1234,Gujarat,Surat,Urban,Female,OBC,15,10,150000,88,0.9,No,None
STU03509,SCH1151,Madhya Pradesh,Jabalpur,Urban,Male,OBC,17,12,150000,71,3.7,No,None
STU03510,SCH1069,Rajasthan,Jaipur,Rural,Female,OBC,16,11,75000,67,4.8,Yes,Poverty
STU03511,SCH1120,Uttar Pradesh,Aligarh,Rural,Male,SC,15,10,150000,47,1.9,Yes,Poor Academic Performance
STU03512,SCH1047,Gujarat,Rajkot,Rural,Female,General,17,11,200000,84,0.3,No,None
STU03513,SCH1104,Uttar Pradesh,Lucknow,Rural,Male,OBC,13,7,100000,67,4.7,No,None
STU03514,SCH1100,Gujarat,Surat,Rural,Male,OBC,6,1,50000,68,4.3,Yes,Lack of Interest
STU03515,SCH1224,Rajasthan,Kota,Urban,Male,OBC,8,3,75000,68,5.5,Yes,Poor Academic Performance
STU03516,SCH1212,Maharashtra,Pune,Rural,Female,ST,11,7,150000,100,5.0,No,None
STU03517,SCH1121,Madhya Pradesh,Indore,Rural,Female,OBC,16,12,50000,95,2.7,Yes,Family Issues
STU03518,SCH1170,Uttar Pradesh,Lucknow,Urban,Male,SC,18,12,200000,60,5.8,No,None
STU03519,SCH1115,Rajasthan,Kota,Urban,Female,OBC,6,2,150000,83,2.0,No,None
STU03520,SCH1147,Rajasthan,Udaipur,Rural,Female,OBC,11,6,75000,75,6.3,Yes,Poverty
STU03521,SCH1138,Maharashtra,Pune,Urban,Female,SC,14,10,100000,47,0.8,Yes,Poverty
STU03522,SCH1067,Uttar Pradesh,Aligarh,Rural,Female,ST,16,10,50000,86,4.4,Yes,Family Issues
STU03523,SCH1136,Rajasthan,Jodhpur,Urban,Female,General,8,3,150000,73,2.3,No,None
STU03524,SCH1079,Madhya Pradesh,Indore,Semi-Urban,Male,General,15,10,300000,88,2.6,No,None
STU03525,SCH1156,Maharashtra,Pune,Rural,Female,OBC,16,11,200000,100,4.8,No,None
STU03526,SCH1156,Maharashtra,Pune,Urban,Male,OBC,16,11,500000,89,3.9,No,None
STU03527,SCH1032,Rajasthan,Jodhpur,Rural,Female,SC,12,7,50000,75,3.7,Yes,Poverty
STU03528,SCH1220,Madhya Pradesh,Jabalpur,Semi-Urban,Male,ST,17,11,50000,81,3.3,Yes,Migration
STU03529,SCH1033,Rajasthan,Kota,Rural,Male,General,18,12,50000,100,2.8,No,None
STU03530,SCH1081,Madhya Pradesh,Indore,Urban,Male,OBC,10,5,200000,100,5.7,No,None
STU03531,SCH1151,Gujarat,Surat,Urban,Male,SC,9,4,150000,59,1.6,No,None
STU03532,SCH1002,Madhya Pradesh,Jabalpur,Rural,Female,OBC,10,4,200000,65,4.3,No,None
STU03533,SCH1121,Madhya Pradesh,Jabalpur,Rural,Female,OBC,13,9,150000,100,3.9,No,None
STU03534,SCH1230,Gujarat,Vadodara,Rural,Male,OBC,8,4,100000,85,2.6,No,None
STU03535,SCH1157,Maharashtra,Aurangabad,Rural,Female,OBC,12,7,150000,53,8.3,Yes,Lack of Transport
STU03536,SCH1192,Madhya Pradesh,Gwalior,Urban,Male,General,17,12,75000,75,6.6,Yes,Health Issues
STU03537,SCH1114,Uttar Pradesh,Agra,Rural,Male,OBC,6,1,150000,100,0.2,No,None
STU03538,SCH1094,Madhya Pradesh,Jabalpur,Semi-Urban,Female,SC,15,11,150000,86,2.7,No,None
STU03539,SCH1183,Madhya Pradesh,Jabalpur,Rural,Male,General,10,4,200000,100,7.1,No,None
STU03540,SCH1058,Madhya Pradesh,Gwalior,Rural,Female,SC,13,8,200000,100,1.6,No,None
STU03541,SCH1078,Uttar Pradesh,Kanpur,Rural,Male,OBC,15,9,150000,60,2.1,Yes,Poverty
STU03542,SCH1151,Gujarat,Rajkot,Rural,Male,General,16,10,50000,51,0.2,Yes,Poverty
STU03543,SCH1178,Madhya Pradesh,Gwalior,Rural,Male,SC,6,1,200000,92,5.0,Yes,Poverty
STU03544,SCH1001,Uttar Pradesh,Agra,Urban,Male,OBC,13,8,75000,84,6.7,Yes,Poverty
STU03545,SCH1028,Madhya Pradesh,Jabalpur,Urban,Female,OBC,7,2,50000,77,4.6,No,None
STU03546,SCH1221,Maharashtra,Nagpur,Urban,Male,General,13,8,150000,100,1.8,No,None
STU03547,SCH1035,Uttar Pradesh,Kanpur,Rural,Female,OBC,10,5,50000,73,2.4,Yes,Migration
STU03548,SCH1210,Madhya Pradesh,Jabalpur,Rural,Male,OBC,6,1,150000,75,1.9,No,None
STU03549,SCH1158,Gujarat,Rajkot,Urban,Female,SC,7,3,50000,76,8.7,Yes,Lack of Transport
STU03550,SCH1153,Gujarat,Surat,Semi-Urban,Male,SC,9,5,50000,86,4.5,Yes,Lack of Interest
STU03551,SCH1041,Gujarat,Surat,Rural,Male,SC,14,9,500000,74,1.1,Yes,Health Issues
STU03552,SCH1250,Maharashtra,Pune,Urban,Male,General,9,4,100000,100,5.0,No,None
STU03553,SCH1069,Maharashtra,Pune,Rural,Female,ST,10,5,75000,84,3.5,Yes,Child Labour
STU03554,SCH1082,Maharashtra,Pune,Rural,Male,OBC,11,5,75000,51,2.9,Yes,Migration
STU03555,SCH1114,Rajasthan,Kota,Rural,Female,ST,8,4,200000,77,0.2,No,None
STU03556,SCH1176,Gujarat,Surat,Urban,Male,OBC,12,7,50000,60,4.6,Yes,Child Labour
STU03557,SCH1101,Rajasthan,Jaipur,Urban,Male,OBC,14,9,100000,68,4.4,No,None
STU03558,SCH1229,Gujarat,Ahmedabad,Urban,Female,SC,10,5,50000,90,3.1,Yes,Lack of Transport
STU03559,SCH1243,Gujarat,Ahmedabad,Urban,Female,SC,15,10,300000,76,3.9,No,None
STU03560,SCH1226,Uttar Pradesh,Aligarh,Rural,Female,OBC,8,3,100000,64,1.5,No,None
STU03561,SCH1174,Uttar Pradesh,Aligarh,Urban,Male,SC,6,2,150000,57,2.7,No,None
STU03562,SCH1095,Rajasthan,Udaipur,Rural,Male,OBC,13,8,50000,80,6.0,Yes,Lack of Interest
STU03563,SCH1125,Madhya Pradesh,Indore,Rural,Female,General,16,12,75000,70,4.1,Yes,Health Issues
STU03564,SCH1037,Maharashtra,Pune,Rural,Female,General,15,10,75000,59,3.2,Yes,Family Issues
STU03565,SCH1097,Madhya Pradesh,Bhopal,Rural,Male,General,17,11,50000,71,6.6,Yes,Poverty
STU03566,SCH1105,Uttar Pradesh,Aligarh,Rural,Male,OBC,7,2,200000,99,0.9,No,None
STU03567,SCH1147,Maharashtra,Nagpur,Rural,Female,SC,7,1,75000,72,5.7,Yes,Poverty
STU03568,SCH1033,Maharashtra,Nashik,Semi-Urban,Male,General,10,5,100000,63,3.0,No,None
STU03569,SCH1100,Maharashtra,Aurangabad,Urban,Male,SC,14,10,75000,74,4.2,Yes,Poor Academic Performance
STU03570,SCH1098,Madhya Pradesh,Gwalior,Urban,Male,General,7,3,100000,85,7.6,No,None
STU03571,SCH1002,Maharashtra,Nagpur,Rural,Male,ST,13,9,50000,76,6.2,Yes,Migration
STU03572,SCH1023,Gujarat,Surat,Rural,Male,SC,9,4,100000,71,2.7,No,None
STU03573,SCH1210,Gujarat,Ahmedabad,Rural,Male,General,6,1,75000,90,4.2,Yes,Poverty
STU03574,SCH1166,Maharashtra,Pune,Rural,Male,OBC,15,10,100000,79,2.1,No,None
STU03575,SCH1081,Gujarat,Ahmedabad,Rural,Male,OBC,7,3,100000,58,2.5,Yes,Poverty
STU03576,SCH1201,Madhya Pradesh,Gwalior,Urban,Female,OBC,17,12,100000,73,1.8,Yes,Migration
STU03577,SCH1073,Maharashtra,Pune,Semi-Urban,Female,OBC,10,5,300000,81,5.3,No,None
STU03578,SCH1119,Rajasthan,Kota,Rural,Female,ST,6,1,300000,92,0.2,No,None
STU03579,SCH1136,Uttar Pradesh,Lucknow,Urban,Male,OBC,9,4,150000,76,3.0,No,None
STU03580,SCH1203,Uttar Pradesh,Aligarh,Rural,Male,General,9,5,150000,53,7.5,Yes,Health Issues
STU03581,SCH1180,Uttar Pradesh,Agra,Rural,Male,OBC,17,11,150000,54,2.6,Yes,Lack of Interest
STU03582,SCH1076,Madhya Pradesh,Jabalpur,Urban,Male,OBC,12,7,75000,100,4.8,No,None
STU03583,SCH1148,Madhya Pradesh,Bhopal,Rural,Male,OBC,12,8,150000,80,5.8,No,None
STU03584,SCH1027,Maharashtra,Nashik,Urban,Male,SC,8,4,150000,61,4.4,No,None
STU03585,SCH1137,Maharashtra,Pune,Rural,Male,General,13,7,50000,61,0.2,Yes,Poor Academic Performance
STU03586,SCH1214,Rajasthan,Jaipur,Rural,Male,ST,11,5,100000,87,4.9,No,None
STU03587,SCH1010,Gujarat,Vadodara,Urban,Male,OBC,11,7,100000,79,3.7,No,None
STU03588,SCH1124,Rajasthan,Jaipur,Semi-Urban,Male,SC,12,6,100000,97,4.4,No,None
STU03589,SCH1151,Uttar Pradesh,Agra,Rural,Female,ST,13,7,150000,65,5.3,Yes,Poverty
STU03590,SCH1191,Uttar Pradesh,Aligarh,Rural,Male,SC,9,5,500000,45,0.4,Yes,Family Issues
STU03591,SCH1108,Gujarat,Vadodara,Urban,Female,General,8,4,150000,68,3.0,No,None
STU03592,SCH1186,Uttar Pradesh,Aligarh,Urban,Female,OBC,8,3,150000,53,0.2,No,None
STU03593,SCH1212,Madhya Pradesh,Bhopal,Rural,Other,General,13,9,150000,89,3.3,No,None
STU03594,SCH1016,Maharashtra,Pune,Urban,Male,General,12,7,75000,67,1.9,No,None
STU03595,SCH1038,Madhya Pradesh,Indore,Semi-Urban,Female,General,16,11,75000,100,1.4,Yes,Poverty
STU03596,SCH1148,Gujarat,Vadodara,Rural,Female,General,18,12,200000,99,2.7,Yes,Poor Academic Performance
STU03597,SCH1009,Rajasthan,Udaipur,Rural,Female,OBC,8,3,150000,91,6.5,No,None
STU03598,SCH1103,Madhya Pradesh,Bhopal,Urban,Female,General,11,7,75000,100,4.1,Yes,Poverty
STU03599,SCH1047,Rajasthan,Udaipur,Rural,Female,OBC,18,12,150000,67,3.2,No,None
STU03600,SCH1017,Madhya Pradesh,Jabalpur,Urban,Female,OBC,8,3,150000,94,3.6,No,None
STU03601,SCH1189,Maharashtra,Nashik,Rural,Female,General,10,5,100000,38,2.7,No,None
STU03602,SCH1107,Uttar Pradesh,Agra,Urban,Male,OBC,8,4,200000,76,3.9,No,None
STU03603,SCH1026,Gujarat,Rajkot,Rural,Female,OBC,17,12,75000,80,2.4,Yes,Poverty
STU03604,SCH1185,Gujarat,Vadodara,Urban,Male,General,18,12,150000,95,4.8,No,None
STU03605,SCH1226,Uttar Pradesh,Agra,Urban,Male,General,15,11,75000,75,2.7,Yes,Lack of Interest
STU03606,SCH1145,Maharashtra,Pune,Rural,Male,ST,8,3,500000,61,3.0,No,None
STU03607,SCH1202,Rajasthan,Jaipur,Semi-Urban,Male,ST,15,10,500000,64,3.4,No,None
STU03608,SCH1052,Rajasthan,Jaipur,Rural,Male,General,11,7,300000,80,5.4,No,None
STU03609,SCH1189,Gujarat,Rajkot,Urban,Female,OBC,12,6,200000,65,1.5,No,None
STU03610,SCH1246,Gujarat,Ahmedabad,Rural,Female,SC,11,6,100000,64,3.7,Yes,Poverty
STU03611,SCH1048,Uttar Pradesh,Aligarh,Semi-Urban,Female,OBC,11,6,75000,72,6.7,Yes,Poverty
STU03612,SCH1131,Uttar Pradesh,Lucknow,Rural,Female,OBC,6,1,200000,38,2.2,Yes,Poor Academic Performance
STU03613,SCH1017,Maharashtra,Aurangabad,Semi-Urban,Male,ST,15,11,100000,98,6.2,Yes,Family Issues
STU03614,SCH1078,Madhya Pradesh,Jabalpur,Urban,Female,OBC,17,11,200000,54,5.2,Yes,Child Labour
STU03615,SCH1074,Uttar Pradesh,Lucknow,Urban,Male,OBC,6,1,50000,54,4.3,Yes,Lack of Interest
STU03616,SCH1140,Rajasthan,Kota,Rural,Female,SC,13,9,200000,81,1.0,Yes,Lack of Transport
STU03617,SCH1163,Maharashtra,Nashik,Rural,Male,SC,14,9,50000,86,1.0,Yes,Child Labour
STU03618,SCH1050,Madhya Pradesh,Jabalpur,Rural,Female,General,7,1,200000,94,1.4,No,None
STU03619,SCH1090,Gujarat,Rajkot,Urban,Female,SC,7,1,75000,63,3.0,Yes,Poverty
STU03620,SCH1070,Maharashtra,Nagpur,Rural,Female,OBC,13,8,300000,54,2.6,Yes,Migration
STU03621,SCH1205,Maharashtra,Aurangabad,Rural,Male,OBC,12,7,200000,100,5.5,No,None
STU03622,SCH1095,Uttar Pradesh,Lucknow,Semi-Urban,Female,ST,17,12,150000,95,3.7,No,None
STU03623,SCH1067,Madhya Pradesh,Bhopal,Urban,Male,OBC,18,12,150000,100,5.8,No,None
STU03624,SCH1017,Rajasthan,Jaipur,Urban,Male,OBC,13,8,500000,83,2.9,No,None
STU03625,SCH1187,Maharashtra,Nashik,Rural,Male,ST,14,8,300000,63,6.0,No,None
STU03626,SCH1042,Rajasthan,Kota,Urban,Female,OBC,15,10,200000,91,3.0,No,None
STU03627,SCH1028,Uttar Pradesh,Kanpur,Urban,Female,ST,10,4,300000,72,0.2,No,None
STU03628,SCH1114,Gujarat,Ahmedabad,Rural,Male,OBC,18,12,75000,100,1.9,Yes,Poor Academic Performance
STU03629,SCH1081,Gujarat,Rajkot,Rural,Male,SC,11,6,100000,73,5.7,Yes,Poverty
STU03630,SCH1171,Uttar Pradesh,Agra,Rural,Male,General,16,11,200000,67,2.4,Yes,Family Issues
STU03631,SCH1001,Gujarat,Surat,Rural,Male,ST,9,5,200000,93,5.4,No,None
STU03632,SCH1214,Uttar Pradesh,Lucknow,Urban,Female,OBC,18,12,150000,75,3.2,No,None
STU03633,SCH1011,Uttar Pradesh,Kanpur,Semi-Urban,Male,SC,13,9,75000,92,2.7,Yes,Poor Academic Performance
STU03634,SCH1025,Uttar Pradesh,Kanpur,Urban,Male,SC,17,12,75000,83,9.0,Yes,Poverty
STU03635,SCH1190,Uttar Pradesh,Lucknow,Semi-Urban,Female,General,7,2,100000,89,2.9,No,None
STU03636,SCH1006,Maharashtra,Nagpur,Urban,Male,OBC,16,11,100000,68,5.7,No,None
STU03637,SCH1240,Maharashtra,Pune,Semi-Urban,Female,SC,9,3,300000,72,4.3,Yes,Migration
STU03638,SCH1154,Gujarat,Rajkot,Urban,Male,ST,14,10,150000,87,3.2,No,None
STU03639,SCH1156,Uttar Pradesh,Aligarh,Urban,Female,General,6,2,300000,87,3.8,No,None
STU03640,SCH1214,Maharashtra,Pune,Semi-Urban,Female,OBC,8,2,200000,73,2.0,No,None
STU03641,SCH1241,Madhya Pradesh,Jabalpur,Rural,Male,SC,12,6,100000,45,0.2,Yes,Poor Academic Performance
STU03642,SCH1020,Madhya Pradesh,Gwalior,Semi-Urban,Male,OBC,6,1,150000,65,0.5,No,None
STU03643,SCH1165,Maharashtra,Nashik,Rural,Male,OBC,16,10,75000,65,2.0,Yes,Poverty
STU03644,SCH1107,Maharashtra,Nashik,Urban,Female,SC,16,10,100000,73,5.5,No,None
STU03645,SCH1176,Uttar Pradesh,Lucknow,Urban,Male,SC,7,1,300000,77,5.2,No,None
STU03646,SCH1143,Maharashtra,Nagpur,Urban,Male,OBC,11,6,150000,95,2.3,No,None
STU03647,SCH1121,Gujarat,Ahmedabad,Urban,Female,ST,16,11,100000,56,9.0,Yes,Child Labour
STU03648,SCH1011,Uttar Pradesh,Lucknow,Rural,Male,OBC,6,1,50000,83,0.2,No,None
STU03649,SCH1055,Rajasthan,Kota,Rural,Female,ST,13,7,300000,61,5.1,No,None
STU03650,SCH1207,Maharashtra,Nashik,Urban,Female,OBC,15,9,200000,69,2.9,No,None
STU03651,SCH1250,Madhya Pradesh,Bhopal,Rural,Female,General,13,8,300000,84,3.2,No,None
STU03652,SCH1154,Uttar Pradesh,Lucknow,Rural,Female,General,18,12,75000,70,3.6,Yes,Lack of Interest
STU03653,SCH1102,Gujarat,Vadodara,Rural,Female,ST,9,4,150000,74,1.2,No,None
STU03654,SCH1203,Rajasthan,Udaipur,Rural,Male,SC,12,8,100000,52,1.4,Yes,Migration
STU03655,SCH1040,Rajasthan,Jodhpur,Semi-Urban,Male,ST,7,3,150000,79,5.5,No,None
STU03656,SCH1247,Rajasthan,Jodhpur,Urban,Male,OBC,11,5,100000,79,4.3,No,None
STU03657,SCH1002,Madhya Pradesh,Jabalpur,Semi-Urban,Male,General,9,3,75000,92,3.2,Yes,Lack of Transport
STU03658,SCH1025,Maharashtra,Nagpur,Rural,Female,General,7,2,75000,72,2.3,Yes,Migration
STU03659,SCH1019,Rajasthan,Udaipur,Urban,Male,General,7,1,50000,57,3.9,Yes,Migration
STU03660,SCH1057,Madhya Pradesh,Jabalpur,Urban,Female,General,14,9,75000,97,3.7,Yes,Poverty
STU03661,SCH1107,Madhya Pradesh,Jabalpur,Urban,Male,General,17,11,100000,69,2.0,No,None
STU03662,SCH1242,Uttar Pradesh,Lucknow,Urban,Female,General,13,7,200000,73,3.5,No,None
STU03663,SCH1209,Madhya Pradesh,Indore,Urban,Female,SC,8,3,100000,95,4.5,No,None
STU03664,SCH1205,Rajasthan,Kota,Urban,Male,SC,16,11,50000,72,2.1,Yes,Poverty
STU03665,SCH1032,Gujarat,Surat,Rural,Male,OBC,10,4,75000,71,3.3,Yes,Migration
STU03666,SCH1034,Maharashtra,Nashik,Urban,Female,OBC,8,3,200000,88,0.2,No,None
STU03667,SCH1092,Madhya Pradesh,Gwalior,Urban,Female,OBC,11,7,100000,92,1.6,No,None
STU03668,SCH1163,Gujarat,Surat,Rural,Male,SC,12,8,75000,66,1.6,Yes,Child Labour
STU03669,SCH1143,Madhya Pradesh,Jabalpur,Rural,Male,OBC,7,2,100000,69,1.2,No,None
STU03670,SCH1166,Madhya Pradesh,Jabalpur,Rural,Female,ST,8,2,50000,97,4.7,Yes,Child Labour
STU03671,SCH1037,Gujarat,Surat,Rural,Female,OBC,13,8,150000,73,1.9,No,None
STU03672,SCH1016,Maharashtra,Pune,Rural,Male,SC,10,4,50000,64,0.2,Yes,Poverty
STU03673,SCH1090,Madhya Pradesh,Indore,Rural,Female,General,16,11,200000,88,0.9,No,None
STU03674,SCH1183,Madhya Pradesh,Bhopal,Rural,Male,ST,12,8,100000,73,2.7,No,None
STU03675,SCH1162,Uttar Pradesh,Agra,Rural,Female,ST,8,2,100000,100,2.0,No,None
STU03676,SCH1094,Rajasthan,Jaipur,Urban,Female,ST,18,12,500000,87,0.2,No,None
STU03677,SCH1204,Uttar Pradesh,Aligarh,Rural,Female,OBC,12,7,500000,75,0.2,No,None
STU03678,SCH1122,Gujarat,Rajkot,Rural,Female,General,7,3,200000,93,0.2,No,None
STU03679,SCH1174,Rajasthan,Jodhpur,Urban,Male,OBC,9,5,100000,70,1.2,No,None
STU03680,SCH1210,Gujarat,Rajkot,Rural,Male,General,18,12,300000,89,3.3,No,None
STU03681,SCH1120,Gujarat,Rajkot,Urban,Male,SC,14,9,75000,85,6.1,Yes,Health Issues
STU03682,SCH1186,Uttar Pradesh,Lucknow,Rural,Male,OBC,16,12,300000,60,3.4,Yes,Migration
STU03683,SCH1181,Madhya Pradesh,Indore,Rural,Female,General,11,6,100000,57,4.3,No,None
STU03684,SCH1161,Uttar Pradesh,Aligarh,Rural,Male,OBC,12,6,200000,75,4.0,No,None
STU03685,SCH1013,Gujarat,Surat,Urban,Female,OBC,6,2,75000,64,7.8,Yes,Lack of Transport
STU03686,SCH1216,Madhya Pradesh,Jabalpur,Semi-Urban,Female,OBC,6,1,100000,83,3.9,No,None
STU03687,SCH1098,Uttar Pradesh,Agra,Semi-Urban,Female,SC,18,12,150000,73,3.5,No,None
STU03688,SCH1099,Gujarat,Vadodara,Urban,Female,OBC,17,12,300000,34,7.2,Yes,Poverty
STU03689,SCH1212,Madhya Pradesh,Indore,Rural,Female,OBC,13,8,200000,38,3.3,Yes,Lack of Interest
STU03690,SCH1008,Madhya Pradesh,Jabalpur,Rural,Male,ST,7,2,75000,72,5.7,Yes,Health Issues
STU03691,SCH1067,Gujarat,Surat,Urban,Female,ST,7,3,75000,55,0.4,Yes,Poverty
STU03692,SCH1202,Gujarat,Ahmedabad,Urban,Male,General,15,10,50000,94,2.8,Yes,Poverty
STU03693,SCH1009,Rajasthan,Jodhpur,Urban,Female,OBC,14,9,100000,100,0.2,No,None
STU03694,SCH1016,Rajasthan,Udaipur,Rural,Female,OBC,7,2,150000,83,1.3,No,None
STU03695,SCH1023,Uttar Pradesh,Kanpur,Urban,Female,OBC,9,5,75000,77,3.5,No,None
STU03696,SCH1040,Maharashtra,Nashik,Rural,Female,OBC,14,10,200000,62,3.8,Yes,Poverty
STU03697,SCH1135,Rajasthan,Jaipur,Rural,Female,General,16,10,500000,79,0.2,No,None
STU03698,SCH1179,Rajasthan,Jaipur,Rural,Male,ST,11,6,100000,84,4.0,No,None
STU03699,SCH1175,Rajasthan,Kota,Urban,Male,SC,9,3,200000,68,1.7,No,None
STU03700,SCH1161,Rajasthan,Jaipur,Urban,Male,SC,15,9,100000,100,3.8,No,None
STU03701,SCH1210,Uttar Pradesh,Lucknow,Urban,Female,OBC,6,1,50000,75,3.2,No,None
STU03702,SCH1171,Rajasthan,Jaipur,Urban,Female,General,9,4,150000,77,1.9,No,None
STU03703,SCH1113,Maharashtra,Pune,Rural,Male,General,16,11,500000,63,0.2,Yes,Family Issues
STU03704,SCH1199,Madhya Pradesh,Bhopal,Urban,Male,SC,10,6,150000,73,4.0,No,None
STU03705,SCH1247,Rajasthan,Jodhpur,Rural,Female,General,12,8,75000,88,0.7,Yes,Poverty
STU03706,SCH1043,Maharashtra,Pune,Semi-Urban,Male,OBC,17,12,100000,100,3.5,No,None
STU03707,SCH1121,Gujarat,Vadodara,Rural,Female,ST,15,10,75000,73,0.2,Yes,Child Labour
STU03708,SCH1250,Rajasthan,Jaipur,Rural,Female,General,6,1,150000,71,2.3,Yes,Family Issues
STU03709,SCH1059,Maharashtra,Pune,Rural,Female,General,12,7,75000,73,2.6,Yes,Poor Academic Performance
STU03710,SCH1156,Rajasthan,Kota,Rural,Male,OBC,14,10,75000,94,4.2,Yes,Poor Academic Performance
STU03711,SCH1143,Gujarat,Vadodara,Rural,Female,ST,18,12,200000,72,0.2,Yes,Poverty
STU03712,SCH1087,Madhya Pradesh,Bhopal,Semi-Urban,Female,OBC,15,11,300000,83,6.7,No,None
STU03713,SCH1185,Gujarat,Surat,Rural,Female,OBC,12,7,200000,95,3.5,No,None
STU03714,SCH1021,Gujarat,Ahmedabad,Semi-Urban,Female,OBC,7,2,100000,25,3.9,No,None
STU03715,SCH1065,Gujarat,Surat,Rural,Female,General,14,8,50000,93,2.0,Yes,Lack of Interest
STU03716,SCH1053,Madhya Pradesh,Indore,Rural,Male,General,15,10,300000,89,5.2,No,None
STU03717,SCH1092,Maharashtra,Pune,Rural,Female,General,16,11,300000,73,2.2,Yes,Poverty
STU03718,SCH1228,Madhya Pradesh,Jabalpur,Rural,Male,General,16,11,100000,59,6.0,Yes,Poor Academic Performance
STU03719,SCH1130,Gujarat,Rajkot,Urban,Female,OBC,15,10,200000,83,3.6,No,None
STU03720,SCH1192,Madhya Pradesh,Jabalpur,Urban,Male,SC,10,6,50000,77,7.7,Yes,Poverty
STU03721,SCH1250,Uttar Pradesh,Lucknow,Rural,Male,OBC,17,12,200000,78,4.1,No,None
STU03722,SCH1174,Madhya Pradesh,Jabalpur,Urban,Male,General,10,4,50000,73,0.2,Yes,Migration
STU03723,SCH1069,Maharashtra,Pune,Rural,Female,General,11,7,50000,77,7.4,Yes,Poverty
STU03724,SCH1065,Maharashtra,Nashik,Semi-Urban,Female,OBC,11,6,300000,79,3.0,No,None
STU03725,SCH1101,Rajasthan,Jaipur,Rural,Female,ST,9,4,100000,57,5.5,Yes,Family Issues
STU03726,SCH1056,Madhya Pradesh,Bhopal,Rural,Female,General,17,12,150000,75,6.5,Yes,Poverty
STU03727,SCH1131,Gujarat,Surat,Urban,Male,OBC,15,10,150000,84,1.0,No,None
STU03728,SCH1073,Rajasthan,Udaipur,Rural,Male,OBC,12,7,200000,92,3.3,No,None
STU03729,SCH1122,Uttar Pradesh,Kanpur,Rural,Male,OBC,9,4,150000,58,4.8,Yes,Poverty
STU03730,SCH1191,Gujarat,Surat,Rural,Male,SC,15,9,75000,100,8.7,Yes,Family Issues
STU03731,SCH1073,Madhya Pradesh,Gwalior,Rural,Female,SC,9,3,300000,88,3.6,No,None
STU03732,SCH1009,Madhya Pradesh,Indore,Urban,Female,OBC,11,7,300000,63,1.8,No,None
STU03733,SCH1130,Uttar Pradesh,Kanpur,Urban,Female,OBC,14,8,150000,59,6.9,No,None
STU03734,SCH1153,Rajasthan,Jaipur,Urban,Male,OBC,12,6,300000,66,0.7,No,None
STU03735,SCH1009,Maharashtra,Pune,Urban,Female,OBC,12,7,200000,63,2.9,No,None
STU03736,SCH1211,Rajasthan,Udaipur,Rural,Male,General,7,2,150000,63,0.2,No,None
STU03737,SCH1076,Maharashtra,Pune,Rural,Female,OBC,14,9,500000,92,5.8,Yes,Family Issues
STU03738,SCH1110,Rajasthan,Jaipur,Urban,Female,OBC,6,2,150000,96,2.8,No,None
STU03739,SCH1148,Maharashtra,Nashik,Semi-Urban,Male,SC,10,5,150000,64,0.2,No,None
STU03740,SCH1060,Maharashtra,Nagpur,Urban,Female,OBC,9,5,200000,69,0.5,No,None
STU03741,SCH1198,Gujarat,Surat,Rural,Female,OBC,15,9,150000,80,6.0,No,None
STU03742,SCH1010,Madhya Pradesh,Bhopal,Urban,Male,SC,9,3,500000,80,4.9,No,None
STU03743,SCH1137,Madhya Pradesh,Jabalpur,Urban,Female,OBC,10,5,75000,72,4.2,No,None
STU03744,SCH1103,Gujarat,Rajkot,Rural,Female,OBC,6,1,150000,83,3.0,No,None
STU03745,SCH1121,Rajasthan,Jaipur,Urban,Female,SC,6,1,300000,75,4.7,No,None
STU03746,SCH1140,Madhya Pradesh,Bhopal,Semi-Urban,Male,General,8,4,300000,82,3.4,No,None
STU03747,SCH1246,Rajasthan,Jodhpur,Semi-Urban,Male,OBC,13,9,200000,83,4.6,No,None
STU03748,SCH1215,Gujarat,Surat,Urban,Male,SC,11,6,100000,69,6.1,No,None
STU03749,SCH1027,Uttar Pradesh,Aligarh,Urban,Female,OBC,7,2,200000,79,0.2,No,None
STU03750,SCH1114,Gujarat,Ahmedabad,Rural,Female,OBC,10,6,75000,63,1.3,Yes,Poverty
STU03751,SCH1128,Gujarat,Surat,Urban,Male,General,12,6,300000,82,0.8,No,None
STU03752,SCH1157,Madhya Pradesh,Indore,Rural,Male,OBC,15,10,300000,85,5.2,No,None
STU03753,SCH1124,Madhya Pradesh,Indore,Rural,Female,OBC,17,11,300000,77,5.0,No,None
STU03754,SCH1004,Gujarat,Surat,Urban,Male,General,14,9,300000,96,6.0,No,None
STU03755,SCH1050,Uttar Pradesh,Agra,Rural,Female,OBC,14,10,75000,90,4.3,Yes,Child Labour
STU03756,SCH1248,Uttar Pradesh,Aligarh,Rural,Female,ST,6,1,75000,83,2.1,Yes,Poor Academic Performance
STU03757,SCH1224,Rajasthan,Jodhpur,Rural,Female,OBC,17,12,100000,96,2.2,Yes,Poor Academic Performance
STU03758,SCH1118,Gujarat,Vadodara,Semi-Urban,Male,SC,14,9,100000,90,1.7,No,None
STU03759,SCH1099,Madhya Pradesh,Jabalpur,Urban,Female,SC,9,5,75000,89,2.8,No,None
STU03760,SCH1181,Rajasthan,Jaipur,Urban,Male,SC,8,2,200000,54,7.0,No,None
STU03761,SCH1106,Uttar Pradesh,Lucknow,Urban,Female,OBC,8,3,200000,77,0.2,No,None
STU03762,SCH1230,Madhya Pradesh,Bhopal,Rural,Male,SC,12,8,50000,67,5.1,Yes,Poor Academic Performance
STU03763,SCH1241,Gujarat,Surat,Urban,Other,SC,7,1,50000,69,5.9,Yes,Migration
STU03764,SCH1171,Madhya Pradesh,Bhopal,Rural,Male,OBC,7,3,75000,48,4.4,Yes,Poor Academic Performance
STU03765,SCH1044,Maharashtra,Pune,Rural,Male,SC,11,6,300000,91,3.9,No,None
STU03766,SCH1125,Madhya Pradesh,Indore,Rural,Male,OBC,11,6,50000,84,5.4,Yes,Poverty
STU03767,SCH1102,Rajasthan,Jodhpur,Semi-Urban,Female,SC,13,7,100000,100,4.8,No,None
STU03768,SCH1009,Madhya Pradesh,Indore,Urban,Female,SC,11,6,200000,44,3.7,Yes,Poverty
STU03769,SCH1101,Rajasthan,Jaipur,Rural,Female,OBC,12,8,200000,82,4.6,No,None
STU03770,SCH1052,Uttar Pradesh,Kanpur,Urban,Male,ST,9,4,200000,71,0.6,No,None
STU03771,SCH1053,Uttar Pradesh,Agra,Urban,Female,OBC,11,7,50000,67,5.2,No,None
STU03772,SCH1238,Maharashtra,Nashik,Urban,Other,OBC,8,3,75000,78,3.6,No,None
STU03773,SCH1101,Madhya Pradesh,Gwalior,Urban,Female,OBC,14,8,100000,97,3.3,No,None
STU03774,SCH1227,Uttar Pradesh,Kanpur,Urban,Male,OBC,18,12,50000,100,2.6,Yes,Family Issues
STU03775,SCH1140,Maharashtra,Pune,Urban,Male,ST,17,12,100000,91,6.1,No,None
STU03776,SCH1086,Maharashtra,Nagpur,Urban,Female,SC,16,12,50000,62,3.4,Yes,Family Issues
STU03777,SCH1013,Maharashtra,Aurangabad,Urban,Male,OBC,16,11,500000,76,9.1,No,None
STU03778,SCH1134,Rajasthan,Udaipur,Rural,Male,General,16,10,200000,78,6.2,No,None
STU03779,SCH1136,Maharashtra,Nashik,Rural,Female,OBC,18,12,150000,100,0.2,No,None
STU03780,SCH1177,Uttar Pradesh,Agra,Semi-Urban,Female,OBC,12,8,300000,75,7.0,No,None
STU03781,SCH1102,Madhya Pradesh,Bhopal,Rural,Male,SC,16,11,500000,99,5.7,No,None
STU03782,SCH1023,Maharashtra,Nashik,Urban,Female,OBC,17,12,200000,82,5.6,No,None
STU03783,SCH1245,Rajasthan,Kota,Semi-Urban,Male,General,16,11,50000,92,7.1,Yes,Poverty
STU03784,SCH1141,Uttar Pradesh,Agra,Urban,Male,SC,6,1,100000,90,6.0,No,None
STU03785,SCH1135,Maharashtra,Aurangabad,Urban,Other,OBC,8,2,100000,63,8.2,No,None
STU03786,SCH1207,Madhya Pradesh,Gwalior,Rural,Male,General,10,5,200000,94,5.0,No,None
STU03787,SCH1204,Gujarat,Rajkot,Urban,Female,OBC,6,1,150000,71,2.7,No,None
STU03788,SCH1032,Madhya Pradesh,Indore,Urban,Female,General,7,2,150000,69,0.2,No,None
STU03789,SCH1124,Uttar Pradesh,Aligarh,Rural,Female,OBC,13,8,100000,86,6.4,Yes,Child Labour
STU03790,SCH1016,Gujarat,Ahmedabad,Rural,Female,OBC,17,12,150000,100,9.4,Yes,Lack of Interest
STU03791,SCH1078,Rajasthan,Jaipur,Rural,Male,SC,12,7,500000,76,2.9,Yes,Lack of Interest
STU03792,SCH1034,Madhya Pradesh,Bhopal,Rural,Male,OBC,11,6,150000,87,1.3,No,None
STU03793,SCH1004,Uttar Pradesh,Kanpur,Urban,Male,OBC,17,12,200000,88,4.3,No,None
STU03794,SCH1052,Rajasthan,Kota,Urban,Female,OBC,15,10,100000,75,7.9,No,None
STU03795,SCH1236,Uttar Pradesh,Kanpur,Urban,Female,SC,8,4,200000,74,0.2,No,None
STU03796,SCH1195,Uttar Pradesh,Kanpur,Urban,Female,SC,9,4,200000,87,2.7,No,None
STU03797,SCH1004,Rajasthan,Udaipur,Rural,Female,SC,15,10,150000,91,5.5,Yes,Poverty
STU03798,SCH1137,Uttar Pradesh,Aligarh,Rural,Male,ST,12,6,200000,45,4.8,Yes,Lack of Transport
STU03799,SCH1044,Uttar Pradesh,Lucknow,Rural,Female,SC,16,12,200000,79,3.4,No,None
STU03800,SCH1035,Maharashtra,Nagpur,Rural,Female,OBC,16,11,150000,61,1.4,Yes,Family Issues
STU03801,SCH1157,Uttar Pradesh,Kanpur,Rural,Female,SC,17,11,75000,56,1.9,Yes,Child Labour
STU03802,SCH1216,Uttar Pradesh,Agra,Rural,Female,General,9,5,300000,89,1.6,No,None
STU03803,SCH1143,Gujarat,Ahmedabad,Rural,Male,OBC,10,5,300000,68,6.0,Yes,Family Issues
STU03804,SCH1248,Rajasthan,Jodhpur,Rural,Male,General,13,8,75000,100,4.1,Yes,Migration
STU03805,SCH1008,Madhya Pradesh,Bhopal,Rural,Female,OBC,17,12,300000,36,0.2,Yes,Poverty
STU03806,SCH1118,Rajasthan,Jodhpur,Urban,Female,SC,13,8,50000,62,5.8,Yes,Lack of Transport
STU03807,SCH1021,Madhya Pradesh,Gwalior,Rural,Female,SC,10,4,100000,86,9.0,No,None
STU03808,SCH1089,Gujarat,Vadodara,Urban,Male,ST,9,4,100000,83,5.4,No,None
STU03809,SCH1147,Gujarat,Vadodara,Urban,Female,General,17,11,100000,60,5.9,No,None
STU03810,SCH1019,Rajasthan,Udaipur,Rural,Female,SC,7,3,500000,68,1.2,No,None
STU03811,SCH1249,Uttar Pradesh,Aligarh,Rural,Male,OBC,17,11,75000,66,2.8,Yes,Child Labour
STU03812,SCH1011,Uttar Pradesh,Agra,Rural,Male,General,16,11,200000,87,3.3,Yes,Poverty
STU03813,SCH1086,Gujarat,Ahmedabad,Rural,Male,SC,17,11,300000,97,6.1,Yes,Poverty
STU03814,SCH1190,Maharashtra,Aurangabad,Rural,Male,ST,7,2,200000,65,6.9,Yes,Poverty
STU03815,SCH1184,Gujarat,Ahmedabad,Urban,Male,ST,13,7,50000,65,0.2,Yes,Poverty
STU03816,SCH1183,Uttar Pradesh,Lucknow,Rural,Male,OBC,10,4,150000,39,1.9,Yes,Migration
STU03817,SCH1074,Madhya Pradesh,Bhopal,Rural,Female,SC,13,9,150000,71,0.9,Yes,Poverty
STU03818,SCH1061,Maharashtra,Pune,Urban,Male,OBC,12,8,200000,39,0.5,No,None
STU03819,SCH1116,Rajasthan,Jodhpur,Rural,Male,OBC,10,4,200000,84,1.5,No,None
STU03820,SCH1169,Madhya Pradesh,Indore,Semi-Urban,Male,OBC,10,5,300000,96,4.3,No,None
STU03821,SCH1157,Gujarat,Vadodara,Urban,Female,OBC,9,4,50000,72,1.8,Yes,Health Issues
STU03822,SCH1057,Maharashtra,Nagpur,Rural,Female,OBC,11,7,100000,64,3.9,No,None
STU03823,SCH1249,Maharashtra,Nagpur,Urban,Male,SC,13,8,100000,89,2.9,No,None
STU03824,SCH1053,Rajasthan,Jaipur,Rural,Male,General,16,11,75000,54,4.8,Yes,Migration
STU03825,SCH1227,Maharashtra,Nagpur,Rural,Female,SC,8,3,200000,62,3.1,No,None
STU03826,SCH1032,Madhya Pradesh,Gwalior,Semi-Urban,Female,SC,12,7,150000,82,4.8,No,None
STU03827,SCH1142,Madhya Pradesh,Gwalior,Urban,Female,OBC,13,9,100000,81,0.2,No,None
STU03828,SCH1066,Maharashtra,Nagpur,Urban,Female,OBC,17,12,100000,90,4.2,No,None
STU03829,SCH1048,Maharashtra,Pune,Urban,Male,General,10,5,200000,83,0.2,No,None
STU03830,SCH1169,Madhya Pradesh,Indore,Semi-Urban,Male,OBC,16,10,300000,100,3.1,No,None
STU03831,SCH1031,Maharashtra,Nashik,Rural,Male,SC,8,2,75000,90,0.6,Yes,Poor Academic Performance
STU03832,SCH1044,Gujarat,Surat,Semi-Urban,Female,OBC,9,4,200000,77,1.4,No,None
STU03833,SCH1185,Uttar Pradesh,Kanpur,Urban,Male,General,13,7,75000,92,0.7,No,None
STU03834,SCH1234,Madhya Pradesh,Jabalpur,Rural,Male,OBC,14,8,150000,67,3.1,No,None
STU03835,SCH1040,Rajasthan,Jaipur,Rural,Male,General,8,4,100000,69,5.8,No,None
STU03836,SCH1195,Uttar Pradesh,Aligarh,Urban,Male,General,16,11,300000,94,1.9,No,None
STU03837,SCH1209,Madhya Pradesh,Gwalior,Rural,Male,OBC,17,12,200000,67,4.4,No,None
STU03838,SCH1155,Rajasthan,Udaipur,Rural,Female,General,12,7,300000,93,0.2,No,None
STU03839,SCH1218,Madhya Pradesh,Bhopal,Semi-Urban,Male,ST,6,1,100000,66,1.7,No,None
STU03840,SCH1039,Gujarat,Vadodara,Rural,Female,SC,12,8,100000,77,3.7,No,None
STU03841,SCH1064,Uttar Pradesh,Aligarh,Urban,Female,SC,7,1,150000,70,2.4,No,None
STU03842,SCH1124,Gujarat,Vadodara,Urban,Female,SC,10,5,300000,100,0.2,No,None
STU03843,SCH1007,Maharashtra,Nagpur,Urban,Male,General,15,10,100000,77,0.2,No,None
STU03844,SCH1226,Maharashtra,Pune,Semi-Urban,Female,OBC,16,10,100000,76,7.3,No,None
STU03845,SCH1104,Madhya Pradesh,Bhopal,Semi-Urban,Male,General,10,6,50000,78,3.7,No,None
STU03846,SCH1175,Uttar Pradesh,Agra,Urban,Male,OBC,12,8,75000,85,3.6,Yes,Lack of Transport
STU03847,SCH1025,Gujarat,Ahmedabad,Urban,Female,OBC,10,4,300000,84,7.1,No,None
STU03848,SCH1216,Uttar Pradesh,Agra,Urban,Female,General,16,12,150000,60,1.9,No,None
STU03849,SCH1228,Madhya Pradesh,Bhopal,Urban,Male,OBC,9,4,100000,88,7.0,No,None
STU03850,SCH1245,Madhya Pradesh,Jabalpur,Rural,Male,SC,17,11,150000,68,0.9,Yes,Lack of Interest
STU03851,SCH1100,Maharashtra,Pune,Rural,Male,SC,18,12,500000,80,5.7,No,None
STU03852,SCH1070,Madhya Pradesh,Bhopal,Rural,Female,SC,10,5,300000,74,3.0,No,None
STU03853,SCH1149,Rajasthan,Udaipur,Rural,Female,ST,10,5,100000,68,1.5,No,None
STU03854,SCH1035,Maharashtra,Pune,Rural,Female,OBC,13,7,150000,60,4.4,No,None
STU03855,SCH1051,Gujarat,Vadodara,Urban,Male,OBC,12,8,100000,92,7.1,No,None
STU03856,SCH1035,Uttar Pradesh,Lucknow,Rural,Male,SC,9,5,200000,74,2.9,Yes,Lack of Transport
STU03857,SCH1071,Madhya Pradesh,Bhopal,Urban,Female,ST,15,10,200000,95,1.2,No,None
STU03858,SCH1137,Maharashtra,Nagpur,Rural,Male,SC,8,2,100000,87,5.8,No,None
STU03859,SCH1015,Gujarat,Ahmedabad,Urban,Male,OBC,7,1,150000,81,0.3,No,None
STU03860,SCH1017,Uttar Pradesh,Agra,Rural,Female,SC,9,5,300000,91,5.5,No,None
STU03861,SCH1120,Rajasthan,Jodhpur,Semi-Urban,Female,General,12,8,100000,54,2.2,Yes,Lack of Interest
STU03862,SCH1030,Madhya Pradesh,Bhopal,Urban,Female,General,15,9,150000,80,2.2,No,None
STU03863,SCH1159,Uttar Pradesh,Lucknow,Semi-Urban,Male,ST,6,1,50000,77,4.5,Yes,Lack of Interest
STU03864,SCH1019,Madhya Pradesh,Indore,Urban,Male,General,9,4,100000,79,3.9,No,None
STU03865,SCH1183,Gujarat,Surat,Semi-Urban,Male,OBC,11,6,200000,87,2.2,No,None
STU03866,SCH1003,Rajasthan,Jodhpur,Rural,Male,General,10,5,200000,85,1.7,No,None
STU03867,SCH1225,Madhya Pradesh,Bhopal,Urban,Male,OBC,7,1,150000,73,3.6,No,None
STU03868,SCH1243,Gujarat,Rajkot,Urban,Male,SC,12,8,50000,68,4.0,Yes,Family Issues
STU03869,SCH1143,Gujarat,Ahmedabad,Semi-Urban,Female,General,6,2,300000,77,2.8,No,None
STU03870,SCH1221,Gujarat,Rajkot,Rural,Male,OBC,9,4,75000,80,2.6,Yes,Poverty
STU03871,SCH1032,Maharashtra,Nagpur,Rural,Male,SC,6,1,75000,82,4.9,Yes,Family Issues
STU03872,SCH1033,Gujarat,Vadodara,Urban,Female,OBC,18,12,150000,78,4.0,No,None
STU03873,SCH1185,Madhya Pradesh,Gwalior,Rural,Female,OBC,14,8,75000,95,1.6,No,None
STU03874,SCH1099,Gujarat,Surat,Semi-Urban,Male,General,17,12,100000,65,2.3,No,None
STU03875,SCH1071,Uttar Pradesh,Kanpur,Urban,Male,SC,16,11,75000,60,3.4,Yes,Migration
STU03876,SCH1116,Madhya Pradesh,Bhopal,Semi-Urban,Male,ST,11,5,200000,87,0.2,No,None
STU03877,SCH1137,Gujarat,Vadodara,Rural,Female,OBC,12,8,150000,71,2.4,No,None
STU03878,SCH1185,Maharashtra,Nagpur,Semi-Urban,Female,OBC,12,7,300000,72,2.7,No,None
STU03879,SCH1218,Madhya Pradesh,Indore,Semi-Urban,Female,SC,15,11,150000,78,0.9,No,None
STU03880,SCH1240,Madhya Pradesh,Jabalpur,Semi-Urban,Male,General,9,5,50000,83,4.4,Yes,Child Labour
STU03881,SCH1250,Maharashtra,Nashik,Rural,Male,ST,12,6,200000,85,3.8,No,None
STU03882,SCH1106,Maharashtra,Nashik,Urban,Male,General,14,9,150000,52,4.2,Yes,Lack of Transport
STU03883,SCH1194,Rajasthan,Jaipur,Urban,Male,OBC,12,7,75000,100,2.1,Yes,Poverty
STU03884,SCH1109,Uttar Pradesh,Kanpur,Semi-Urban,Female,SC,12,6,100000,40,1.5,No,None
STU03885,SCH1081,Madhya Pradesh,Indore,Urban,Female,SC,9,3,50000,95,4.1,Yes,Family Issues
STU03886,SCH1178,Gujarat,Surat,Urban,Male,OBC,14,9,100000,76,9.9,No,None
STU03887,SCH1098,Uttar Pradesh,Aligarh,Urban,Female,OBC,7,1,150000,72,0.2,No,None
STU03888,SCH1250,Uttar Pradesh,Lucknow,Semi-Urban,Female,General,8,3,150000,56,4.4,No,None
STU03889,SCH1122,Uttar Pradesh,Lucknow,Rural,Male,OBC,10,6,200000,70,4.2,No,None
STU03890,SCH1213,Uttar Pradesh,Aligarh,Rural,Male,General,17,12,75000,82,4.6,Yes,Lack of Interest
STU03891,SCH1231,Gujarat,Surat,Urban,Male,SC,11,6,50000,44,1.7,Yes,Poverty
STU03892,SCH1073,Madhya Pradesh,Bhopal,Rural,Male,SC,6,1,150000,60,4.9,Yes,Lack of Transport
STU03893,SCH1190,Maharashtra,Pune,Rural,Male,OBC,9,4,200000,80,2.7,No,None
STU03894,SCH1028,Gujarat,Vadodara,Urban,Female,OBC,12,7,500000,92,2.1,No,None
STU03895,SCH1182,Rajasthan,Kota,Urban,Female,General,12,7,150000,90,3.1,No,None
STU03896,SCH1243,Maharashtra,Aurangabad,Urban,Female,General,13,8,150000,79,4.5,No,None
STU03897,SCH1244,Gujarat,Surat,Rural,Female,General,6,1,300000,61,6.6,Yes,Migration
STU03898,SCH1188,Madhya Pradesh,Bhopal,Rural,Female,OBC,10,5,100000,47,2.8,Yes,Family Issues
STU03899,SCH1120,Madhya Pradesh,Indore,Semi-Urban,Male,General,17,11,200000,99,2.1,No,None
STU03900,SCH1079,Madhya Pradesh,Gwalior,Rural,Female,SC,6,1,100000,57,5.0,No,None
STU03901,SCH1102,Madhya Pradesh,Jabalpur,Rural,Female,General,7,2,75000,89,4.5,Yes,Poverty
STU03902,SCH1179,Rajasthan,Udaipur,Rural,Male,General,12,7,150000,65,3.4,No,None
STU03903,SCH1044,Gujarat,Vadodara,Semi-Urban,Male,OBC,12,6,50000,59,0.2,Yes,Lack of Transport
STU03904,SCH1067,Madhya Pradesh,Gwalior,Rural,Female,ST,18,12,100000,75,6.8,Yes,Poverty
STU03905,SCH1142,Rajasthan,Jaipur,Rural,Female,OBC,18,12,150000,80,6.7,Yes,Migration
STU03906,SCH1073,Rajasthan,Udaipur,Rural,Female,ST,12,7,75000,86,2.8,Yes,Poverty
STU03907,SCH1103,Uttar Pradesh,Lucknow,Rural,Male,OBC,15,9,100000,71,0.6,Yes,Poverty
STU03908,SCH1037,Uttar Pradesh,Lucknow,Semi-Urban,Male,General,8,3,300000,87,3.0,No,None
STU03909,SCH1240,Gujarat,Ahmedabad,Rural,Female,OBC,13,8,75000,87,5.1,Yes,Poverty
STU03910,SCH1152,Uttar Pradesh,Aligarh,Rural,Male,SC,8,3,150000,80,5.7,No,None
STU03911,SCH1103,Maharashtra,Nashik,Rural,Male,General,11,5,75000,54,2.6,Yes,Health Issues
STU03912,SCH1112,Maharashtra,Aurangabad,Urban,Male,OBC,16,10,100000,85,0.2,No,None
STU03913,SCH1005,Uttar Pradesh,Agra,Urban,Female,OBC,6,1,300000,55,3.5,No,None
STU03914,SCH1097,Gujarat,Surat,Semi-Urban,Female,SC,13,8,100000,77,3.5,No,None
STU03915,SCH1053,Madhya Pradesh,Bhopal,Urban,Female,General,14,9,300000,69,6.1,Yes,Child Labour
STU03916,SCH1247,Rajasthan,Jodhpur,Semi-Urban,Male,General,13,8,100000,76,3.6,No,None
STU03917,SCH1038,Madhya Pradesh,Bhopal,Urban,Male,OBC,11,6,50000,86,3.8,No,None
STU03918,SCH1036,Uttar Pradesh,Aligarh,Rural,Male,SC,16,11,300000,70,0.2,Yes,Poverty
STU03919,SCH1162,Maharashtra,Nagpur,Semi-Urban,Female,OBC,8,3,50000,86,2.6,No,None
STU03920,SCH1202,Rajasthan,Kota,Rural,Male,General,10,4,100000,62,3.5,Yes,Poor Academic Performance
STU03921,SCH1005,Madhya Pradesh,Indore,Urban,Female,OBC,7,1,150000,95,6.7,No,None
STU03922,SCH1034,Uttar Pradesh,Lucknow,Rural,Male,General,6,1,150000,65,1.1,No,None
STU03923,SCH1096,Uttar Pradesh,Agra,Rural,Female,SC,8,3,75000,61,3.7,Yes,Poverty
STU03924,SCH1117,Madhya Pradesh,Bhopal,Urban,Male,SC,17,11,100000,96,3.8,No,None
STU03925,SCH1125,Madhya Pradesh,Jabalpur,Rural,Female,General,10,5,50000,93,2.6,Yes,Lack of Interest
STU03926,SCH1105,Maharashtra,Pune,Rural,Female,SC,7,2,100000,59,4.4,Yes,Poor Academic Performance
STU03927,SCH1095,Maharashtra,Aurangabad,Rural,Female,General,15,11,100000,89,5.1,No,None
STU03928,SCH1091,Rajasthan,Jaipur,Urban,Male,General,13,8,100000,100,1.9,No,None
STU03929,SCH1246,Maharashtra,Nashik,Rural,Female,General,11,5,150000,70,3.9,No,None
STU03930,SCH1177,Gujarat,Vadodara,Semi-Urban,Other,OBC,6,1,200000,74,1.1,No,None
STU03931,SCH1026,Maharashtra,Aurangabad,Urban,Female,General,11,6,50000,89,2.1,No,None
STU03932,SCH1092,Rajasthan,Jodhpur,Rural,Female,OBC,15,11,75000,85,2.3,Yes,Lack of Transport
STU03933,SCH1070,Gujarat,Vadodara,Rural,Male,ST,10,5,100000,50,1.1,Yes,Migration
STU03934,SCH1172,Gujarat,Ahmedabad,Semi-Urban,Female,General,15,11,150000,72,3.6,No,None
STU03935,SCH1226,Madhya Pradesh,Indore,Urban,Female,SC,15,9,100000,81,1.2,No,None
STU03936,SCH1188,Rajasthan,Udaipur,Urban,Female,ST,6,1,200000,46,1.7,No,None
STU03937,SCH1125,Uttar Pradesh,Kanpur,Rural,Male,OBC,16,10,300000,68,4.5,Yes,Lack of Transport
STU03938,SCH1087,Gujarat,Surat,Semi-Urban,Female,General,14,9,300000,64,6.3,No,None
STU03939,SCH1019,Uttar Pradesh,Aligarh,Rural,Other,OBC,11,6,100000,74,1.2,Yes,Poverty
STU03940,SCH1136,Madhya Pradesh,Bhopal,Rural,Male,General,18,12,100000,76,2.5,No,None
STU03941,SCH1067,Uttar Pradesh,Agra,Rural,Female,OBC,18,12,300000,71,5.0,Yes,Lack of Transport
STU03942,SCH1160,Madhya Pradesh,Gwalior,Urban,Other,ST,6,1,150000,54,5.4,No,None
STU03943,SCH1086,Maharashtra,Aurangabad,Urban,Male,General,13,8,150000,74,7.7,No,None
STU03944,SCH1215,Uttar Pradesh,Lucknow,Semi-Urban,Female,ST,14,8,100000,61,0.5,No,None
STU03945,SCH1084,Gujarat,Surat,Semi-Urban,Male,OBC,7,2,200000,100,5.4,No,None
STU03946,SCH1226,Uttar Pradesh,Agra,Rural,Male,General,7,3,100000,95,1.7,No,None
STU03947,SCH1211,Gujarat,Vadodara,Rural,Female,General,9,3,100000,100,0.5,No,None
STU03948,SCH1197,Maharashtra,Nashik,Urban,Male,OBC,6,1,300000,84,6.2,No,None
STU03949,SCH1149,Uttar Pradesh,Agra,Rural,Female,OBC,9,4,75000,83,0.2,Yes,Migration
STU03950,SCH1034,Madhya Pradesh,Indore,Rural,Male,OBC,9,5,50000,61,10.2,Yes,Lack of Transport
STU03951,SCH1049,Uttar Pradesh,Lucknow,Urban,Female,ST,6,1,100000,68,0.2,Yes,Family Issues
STU03952,SCH1119,Madhya Pradesh,Jabalpur,Rural,Male,OBC,6,1,150000,67,4.2,No,None
STU03953,SCH1236,Rajasthan,Jaipur,Rural,Male,OBC,11,7,200000,58,2.1,No,None
STU03954,SCH1098,Maharashtra,Nashik,Rural,Female,General,6,1,150000,74,2.4,No,None
STU03955,SCH1022,Uttar Pradesh,Aligarh,Semi-Urban,Male,SC,8,3,200000,65,3.8,No,None
STU03956,SCH1221,Uttar Pradesh,Agra,Urban,Male,OBC,11,6,200000,69,4.2,No,None
STU03957,SCH1062,Uttar Pradesh,Agra,Rural,Female,OBC,11,5,200000,42,5.7,No,None
STU03958,SCH1022,Maharashtra,Pune,Semi-Urban,Female,SC,11,5,50000,72,3.7,Yes,Health Issues
STU03959,SCH1199,Rajasthan,Jaipur,Rural,Male,OBC,6,1,50000,75,6.3,Yes,Lack of Interest
STU03960,SCH1011,Madhya Pradesh,Jabalpur,Urban,Female,OBC,15,10,150000,69,4.4,No,None
STU03961,SCH1066,Maharashtra,Nagpur,Semi-Urban,Female,General,10,4,200000,76,1.5,No,None
STU03962,SCH1013,Gujarat,Surat,Rural,Female,OBC,9,5,100000,82,2.8,No,None
STU03963,SCH1068,Madhya Pradesh,Jabalpur,Rural,Male,ST,7,2,100000,79,3.5,No,None
STU03964,SCH1063,Rajasthan,Udaipur,Rural,Male,OBC,18,12,150000,90,4.7,No,None
STU03965,SCH1063,Maharashtra,Nagpur,Urban,Male,General,9,4,100000,88,2.3,No,None
STU03966,SCH1172,Madhya Pradesh,Bhopal,Rural,Female,General,12,7,300000,100,3.6,No,None
STU03967,SCH1048,Madhya Pradesh,Jabalpur,Urban,Female,OBC,7,3,100000,67,2.7,No,None
STU03968,SCH1104,Maharashtra,Pune,Rural,Male,SC,12,8,75000,83,7.4,Yes,Poverty
STU03969,SCH1100,Rajasthan,Jodhpur,Urban,Female,SC,11,5,75000,91,0.2,No,None
STU03970,SCH1201,Maharashtra,Nagpur,Urban,Male,General,6,1,150000,70,4.0,No,None
STU03971,SCH1203,Gujarat,Surat,Rural,Male,OBC,6,1,75000,69,4.5,Yes,Migration
STU03972,SCH1224,Madhya Pradesh,Jabalpur,Rural,Female,OBC,18,12,50000,100,0.2,Yes,Lack of Interest
STU03973,SCH1193,Maharashtra,Nashik,Rural,Male,General,13,8,200000,96,8.1,No,None
STU03974,SCH1159,Madhya Pradesh,Indore,Rural,Male,SC,8,3,500000,60,3.2,No,None
STU03975,SCH1241,Gujarat,Vadodara,Urban,Male,OBC,9,4,100000,80,4.2,No,None
STU03976,SCH1003,Maharashtra,Aurangabad,Urban,Female,OBC,11,6,200000,100,3.1,No,None
STU03977,SCH1213,Rajasthan,Kota,Urban,Male,OBC,9,3,200000,72,1.3,No,None
STU03978,SCH1137,Uttar Pradesh,Lucknow,Rural,Female,OBC,16,12,150000,48,4.3,Yes,Poverty
STU03979,SCH1214,Rajasthan,Kota,Rural,Male,OBC,15,10,100000,76,3.2,Yes,Poverty
STU03980,SCH1115,Gujarat,Surat,Rural,Male,OBC,6,1,100000,84,4.8,No,None
STU03981,SCH1174,Gujarat,Rajkot,Urban,Male,General,11,5,200000,45,1.7,No,None
STU03982,SCH1062,Maharashtra,Nagpur,Urban,Male,SC,6,1,200000,76,5.7,No,None
STU03983,SCH1250,Madhya Pradesh,Jabalpur,Urban,Female,OBC,15,10,150000,74,2.5,Yes,Family Issues
STU03984,SCH1149,Maharashtra,Pune,Rural,Female,General,10,5,200000,66,3.9,No,None
STU03985,SCH1075,Madhya Pradesh,Bhopal,Urban,Female,SC,10,6,200000,66,5.3,No,None
STU03986,SCH1107,Uttar Pradesh,Kanpur,Rural,Male,General,11,6,75000,87,0.6,Yes,Poverty
STU03987,SCH1051,Uttar Pradesh,Kanpur,Rural,Male,OBC,6,1,150000,77,6.3,No,None
STU03988,SCH1127,Maharashtra,Nashik,Semi-Urban,Male,OBC,13,8,75000,55,1.3,Yes,Child Labour
STU03989,SCH1119,Maharashtra,Nagpur,Semi-Urban,Female,General,8,3,75000,85,5.1,No,None
STU03990,SCH1017,Maharashtra,Nagpur,Rural,Female,General,10,5,150000,69,4.3,No,None
STU03991,SCH1200,Maharashtra,Pune,Urban,Female,SC,12,7,200000,93,8.6,No,None
STU03992,SCH1028,Maharashtra,Aurangabad,Urban,Female,OBC,9,3,100000,89,2.3,No,None
STU03993,SCH1040,Madhya Pradesh,Jabalpur,Rural,Female,OBC,11,5,100000,69,1.0,No,None
STU03994,SCH1096,Gujarat,Surat,Rural,Male,OBC,8,2,100000,83,3.8,No,None
STU03995,SCH1146,Uttar Pradesh,Aligarh,Urban,Female,OBC,17,12,50000,53,3.2,Yes,Lack of Transport
STU03996,SCH1168,Uttar Pradesh,Aligarh,Rural,Male,OBC,6,1,50000,46,3.0,Yes,Poverty
STU03997,SCH1177,Madhya Pradesh,Indore,Urban,Male,General,7,2,300000,82,1.2,No,None
STU03998,SCH1211,Maharashtra,Nashik,Rural,Male,OBC,13,7,75000,71,4.4,Yes,Child Labour
STU03999,SCH1122,Gujarat,Surat,Rural,Male,General,16,11,50000,97,6.5,Yes,Poverty
STU04000,SCH1018,Gujarat,Vadodara,Urban,Male,OBC,15,9,200000,44,5.6,Yes,Child Labour
STU04001,SCH1200,Madhya Pradesh,Indore,Rural,Female,OBC,16,12,75000,85,1.7,Yes,Poor Academic Performance
STU04002,SCH1216,Madhya Pradesh,Indore,Urban,Male,General,16,12,150000,61,5.8,No,None
STU04003,SCH1201,Rajasthan,Kota,Rural,Female,OBC,14,10,300000,74,4.4,Yes,Lack of Transport
STU04004,SCH1220,Rajasthan,Kota,Rural,Male,OBC,14,9,150000,97,2.9,Yes,Poverty
STU04005,SCH1038,Uttar Pradesh,Agra,Rural,Male,ST,17,11,300000,63,5.9,Yes,Family Issues
STU04006,SCH1070,Madhya Pradesh,Jabalpur,Rural,Male,OBC,17,12,150000,50,3.8,Yes,Poor Academic Performance
STU04007,SCH1010,Rajasthan,Kota,Rural,Male,General,17,12,150000,83,0.6,No,None
STU04008,SCH1166,Maharashtra,Nagpur,Semi-Urban,Female,SC,14,10,100000,100,3.7,No,None
STU04009,SCH1004,Uttar Pradesh,Lucknow,Semi-Urban,Male,OBC,17,12,50000,77,1.8,Yes,Poverty
STU04010,SCH1224,Maharashtra,Aurangabad,Rural,Female,SC,18,12,300000,62,3.4,Yes,Poverty
STU04011,SCH1163,Uttar Pradesh,Lucknow,Rural,Female,General,18,12,200000,100,3.3,Yes,Poverty
STU04012,SCH1227,Maharashtra,Pune,Urban,Male,General,16,11,150000,86,4.0,No,None
STU04013,SCH1100,Gujarat,Rajkot,Semi-Urban,Female,OBC,6,1,150000,100,4.4,No,None
STU04014,SCH1191,Maharashtra,Nashik,Semi-Urban,Male,SC,7,2,200000,63,4.0,No,None
STU04015,SCH1194,Gujarat,Vadodara,Urban,Male,OBC,11,7,100000,65,7.0,No,None
STU04016,SCH1055,Maharashtra,Nagpur,Semi-Urban,Female,SC,14,8,200000,74,4.5,No,None
STU04017,SCH1159,Rajasthan,Kota,Rural,Male,SC,11,6,75000,80,1.5,Yes,Poor Academic Performance
STU04018,SCH1211,Maharashtra,Nashik,Rural,Female,SC,7,1,50000,76,4.1,Yes,Poverty
STU04019,SCH1233,Uttar Pradesh,Agra,Rural,Male,SC,13,9,50000,59,4.5,Yes,Family Issues
STU04020,SCH1054,Madhya Pradesh,Gwalior,Rural,Male,OBC,9,4,100000,73,5.9,No,None
STU04021,SCH1041,Gujarat,Vadodara,Urban,Male,General,11,5,100000,66,4.0,No,None
STU04022,SCH1153,Gujarat,Vadodara,Semi-Urban,Male,ST,11,5,200000,72,1.5,No,None
STU04023,SCH1068,Rajasthan,Jodhpur,Rural,Male,ST,17,12,200000,56,8.1,Yes,Poor Academic Performance
STU04024,SCH1073,Maharashtra,Nagpur,Rural,Male,ST,17,12,150000,72,0.2,No,None
STU04025,SCH1003,Gujarat,Vadodara,Urban,Female,OBC,11,6,200000,83,5.2,No,None
STU04026,SCH1150,Rajasthan,Kota,Urban,Female,OBC,16,12,200000,69,0.2,No,None
STU04027,SCH1020,Gujarat,Surat,Urban,Female,OBC,12,8,50000,58,2.7,Yes,Poverty
STU04028,SCH1122,Uttar Pradesh,Kanpur,Rural,Other,OBC,7,2,300000,95,4.8,No,None
STU04029,SCH1037,Uttar Pradesh,Aligarh,Rural,Female,SC,16,12,75000,50,4.4,Yes,Poor Academic Performance
STU04030,SCH1162,Maharashtra,Pune,Urban,Male,OBC,15,10,200000,59,4.2,No,None
STU04031,SCH1133,Uttar Pradesh,Kanpur,Urban,Male,General,13,8,200000,85,3.0,No,None
STU04032,SCH1075,Rajasthan,Jodhpur,Rural,Male,General,16,11,150000,71,0.2,No,None
STU04033,SCH1231,Madhya Pradesh,Bhopal,Urban,Male,OBC,6,1,100000,53,0.4,No,None
STU04034,SCH1109,Uttar Pradesh,Aligarh,Urban,Female,OBC,10,6,200000,78,1.6,No,None
STU04035,SCH1006,Gujarat,Ahmedabad,Urban,Female,General,7,2,100000,85,5.9,No,None
STU04036,SCH1231,Uttar Pradesh,Aligarh,Urban,Female,OBC,16,11,150000,96,5.7,No,None
STU04037,SCH1190,Uttar Pradesh,Aligarh,Rural,Female,SC,13,9,50000,76,2.9,Yes,Poor Academic Performance
STU04038,SCH1119,Rajasthan,Udaipur,Rural,Male,OBC,18,12,300000,56,2.1,Yes,Poverty
STU04039,SCH1074,Maharashtra,Nashik,Urban,Male,OBC,10,5,200000,76,4.9,No,None
STU04040,SCH1248,Madhya Pradesh,Bhopal,Rural,Female,General,14,8,75000,76,5.3,No,None
STU04041,SCH1211,Madhya Pradesh,Bhopal,Urban,Male,OBC,11,5,150000,85,7.6,No,None
STU04042,SCH1024,Gujarat,Rajkot,Rural,Female,OBC,10,5,500000,62,2.4,No,None
STU04043,SCH1052,Madhya Pradesh,Indore,Urban,Other,OBC,10,6,150000,85,3.0,No,None
STU04044,SCH1157,Rajasthan,Udaipur,Urban,Male,OBC,11,6,75000,45,6.4,Yes,Poor Academic Performance
STU04045,SCH1068,Gujarat,Rajkot,Urban,Female,ST,11,7,100000,83,0.6,No,None
STU04046,SCH1174,Maharashtra,Pune,Rural,Male,OBC,11,6,150000,84,3.8,No,None
STU04047,SCH1225,Gujarat,Rajkot,Rural,Female,General,6,1,75000,67,1.9,Yes,Poverty
STU04048,SCH1148,Gujarat,Rajkot,Semi-Urban,Male,OBC,17,11,50000,86,4.2,No,None
STU04049,SCH1235,Madhya Pradesh,Indore,Rural,Male,SC,8,2,100000,86,5.4,Yes,Poverty
STU04050,SCH1215,Gujarat,Vadodara,Urban,Female,OBC,18,12,75000,84,3.0,Yes,Child Labour
STU04051,SCH1176,Madhya Pradesh,Gwalior,Urban,Female,General,9,5,200000,86,7.1,No,None
STU04052,SCH1067,Rajasthan,Udaipur,Rural,Female,OBC,14,9,200000,58,5.2,Yes,Family Issues
STU04053,SCH1092,Gujarat,Ahmedabad,Rural,Female,SC,6,2,50000,91,1.2,Yes,Migration
STU04054,SCH1024,Rajasthan,Kota,Urban,Male,ST,11,6,150000,80,1.5,No,None
STU04055,SCH1150,Madhya Pradesh,Jabalpur,Rural,Male,General,15,11,150000,84,3.7,No,None
STU04056,SCH1106,Uttar Pradesh,Agra,Urban,Female,OBC,7,1,75000,92,1.8,No,None
STU04057,SCH1008,Rajasthan,Kota,Urban,Male,OBC,7,2,75000,95,3.4,Yes,Poverty
STU04058,SCH1123,Rajasthan,Kota,Rural,Male,ST,15,10,150000,74,4.9,Yes,Lack of Interest
STU04059,SCH1182,Gujarat,Vadodara,Urban,Female,General,9,3,75000,67,0.8,Yes,Migration
STU04060,SCH1121,Maharashtra,Aurangabad,Urban,Male,OBC,6,1,150000,86,0.2,No,None
STU04061,SCH1025,Maharashtra,Aurangabad,Rural,Female,OBC,18,12,100000,75,4.3,No,None
STU04062,SCH1207,Maharashtra,Aurangabad,Rural,Female,OBC,17,12,150000,65,2.1,Yes,Poverty
STU04063,SCH1126,Gujarat,Rajkot,Rural,Female,SC,6,1,100000,81,8.2,Yes,Lack of Interest
STU04064,SCH1222,Maharashtra,Nagpur,Rural,Male,General,15,11,200000,64,4.1,Yes,Poverty
STU04065,SCH1247,Uttar Pradesh,Lucknow,Urban,Female,OBC,6,1,100000,56,3.6,No,None
STU04066,SCH1125,Gujarat,Rajkot,Rural,Female,ST,14,8,500000,74,6.3,Yes,Migration
STU04067,SCH1225,Rajasthan,Jaipur,Rural,Other,OBC,6,1,50000,88,3.0,Yes,Family Issues
STU04068,SCH1153,Rajasthan,Udaipur,Rural,Male,OBC,11,5,200000,69,3.5,No,None
STU04069,SCH1045,Rajasthan,Udaipur,Rural,Male,OBC,17,12,200000,75,6.3,No,None
STU04070,SCH1028,Uttar Pradesh,Kanpur,Urban,Male,General,14,9,300000,75,4.6,No,None
STU04071,SCH1233,Uttar Pradesh,Agra,Rural,Male,ST,17,11,75000,70,8.8,Yes,Poverty
STU04072,SCH1061,Maharashtra,Aurangabad,Rural,Male,SC,11,6,200000,75,1.8,No,None
STU04073,SCH1036,Madhya Pradesh,Bhopal,Rural,Male,General,17,12,100000,80,0.2,No,None
STU04074,SCH1222,Maharashtra,Nagpur,Urban,Female,OBC,15,10,150000,47,5.1,Yes,Family Issues
STU04075,SCH1182,Rajasthan,Jodhpur,Rural,Female,General,10,5,150000,62,8.0,Yes,Poor Academic Performance
STU04076,SCH1016,Rajasthan,Kota,Rural,Female,SC,6,1,100000,83,4.3,No,None
STU04077,SCH1233,Maharashtra,Nagpur,Semi-Urban,Male,General,9,3,50000,46,6.3,Yes,Poverty
STU04078,SCH1145,Maharashtra,Pune,Urban,Female,ST,8,3,150000,77,1.0,No,None
STU04079,SCH1192,Gujarat,Vadodara,Urban,Male,General,16,12,300000,90,3.1,No,None
STU04080,SCH1177,Uttar Pradesh,Kanpur,Semi-Urban,Male,SC,13,7,50000,79,9.7,Yes,Poverty
STU04081,SCH1043,Maharashtra,Aurangabad,Rural,Male,OBC,12,8,100000,91,0.2,No,None
STU04082,SCH1233,Uttar Pradesh,Aligarh,Rural,Male,ST,7,1,500000,80,6.1,No,None
STU04083,SCH1181,Gujarat,Surat,Rural,Female,OBC,15,10,100000,61,3.6,Yes,Poor Academic Performance
STU04084,SCH1236,Rajasthan,Jaipur,Urban,Female,OBC,13,7,150000,73,4.9,No,None
STU04085,SCH1234,Rajasthan,Udaipur,Rural,Female,General,6,1,150000,100,0.2,No,None
STU04086,SCH1093,Madhya Pradesh,Indore,Urban,Other,SC,18,12,150000,69,2.0,Yes,Child Labour
STU04087,SCH1101,Uttar Pradesh,Lucknow,Urban,Female,General,17,12,150000,77,1.0,No,None
STU04088,SCH1066,Gujarat,Rajkot,Urban,Male,OBC,8,3,200000,82,2.0,No,None
STU04089,SCH1205,Maharashtra,Nagpur,Urban,Female,OBC,17,11,200000,80,2.5,No,None
STU04090,SCH1049,Maharashtra,Nashik,Rural,Female,OBC,7,2,200000,86,4.3,No,None
STU04091,SCH1118,Maharashtra,Nashik,Rural,Female,General,18,12,150000,66,6.7,Yes,Poverty
STU04092,SCH1143,Maharashtra,Pune,Rural,Female,General,8,3,300000,87,1.2,No,None
STU04093,SCH1221,Maharashtra,Aurangabad,Rural,Female,OBC,17,11,200000,86,3.8,No,None
STU04094,SCH1029,Maharashtra,Aurangabad,Semi-Urban,Male,OBC,10,5,75000,79,2.9,No,None
STU04095,SCH1093,Uttar Pradesh,Aligarh,Rural,Female,OBC,11,7,150000,89,5.5,No,None
STU04096,SCH1029,Maharashtra,Aurangabad,Rural,Female,OBC,8,4,200000,62,0.2,No,None
STU04097,SCH1022,Madhya Pradesh,Jabalpur,Urban,Female,OBC,11,7,75000,98,4.5,Yes,Migration
STU04098,SCH1055,Uttar Pradesh,Agra,Urban,Male,ST,15,10,100000,82,4.7,No,None
STU04099,SCH1211,Maharashtra,Nashik,Rural,Female,OBC,6,1,500000,78,0.9,No,None
STU04100,SCH1221,Rajasthan,Udaipur,Urban,Female,OBC,11,5,500000,97,7.6,No,None
STU04101,SCH1036,Madhya Pradesh,Indore,Urban,Male,SC,13,7,150000,90,0.8,No,None
STU04102,SCH1147,Gujarat,Surat,Rural,Male,SC,7,1,100000,65,4.8,No,None
STU04103,SCH1009,Maharashtra,Aurangabad,Rural,Male,OBC,15,10,200000,93,1.2,No,None
STU04104,SCH1109,Uttar Pradesh,Lucknow,Rural,Female,OBC,7,2,300000,76,0.2,No,None
STU04105,SCH1202,Madhya Pradesh,Bhopal,Rural,Male,OBC,7,3,50000,83,5.9,Yes,Family Issues
STU04106,SCH1025,Rajasthan,Jaipur,Rural,Female,ST,10,5,75000,67,3.9,Yes,Poor Academic Performance
STU04107,SCH1088,Gujarat,Vadodara,Rural,Male,OBC,9,3,50000,93,0.2,Yes,Poverty
STU04108,SCH1113,Uttar Pradesh,Agra,Urban,Female,General,15,10,100000,72,4.5,No,None
STU04109,SCH1196,Rajasthan,Jaipur,Rural,Male,General,16,11,150000,83,0.9,No,None
STU04110,SCH1090,Rajasthan,Kota,Urban,Male,SC,7,1,150000,75,6.3,No,None
STU04111,SCH1204,Madhya Pradesh,Bhopal,Urban,Male,General,11,5,150000,42,3.3,Yes,Poverty
STU04112,SCH1021,Uttar Pradesh,Lucknow,Rural,Female,OBC,11,5,100000,98,0.2,No,None
STU04113,SCH1213,Uttar Pradesh,Lucknow,Rural,Female,General,6,1,100000,55,2.8,Yes,Lack of Interest
STU04114,SCH1105,Gujarat,Vadodara,Urban,Male,OBC,6,1,50000,58,5.8,Yes,Poverty
STU04115,SCH1156,Maharashtra,Nagpur,Urban,Male,SC,7,2,150000,72,6.0,Yes,Poverty
STU04116,SCH1209,Gujarat,Ahmedabad,Urban,Female,OBC,11,6,150000,83,6.5,No,None
STU04117,SCH1155,Madhya Pradesh,Indore,Urban,Male,OBC,16,10,75000,90,1.3,Yes,Lack of Interest
STU04118,SCH1224,Gujarat,Surat,Semi-Urban,Male,General,14,10,300000,71,6.7,Yes,Lack of Transport
STU04119,SCH1003,Gujarat,Surat,Rural,Female,General,9,4,100000,78,7.6,No,None
STU04120,SCH1232,Madhya Pradesh,Indore,Rural,Female,OBC,18,12,75000,59,3.4,Yes,Poverty
STU04121,SCH1082,Madhya Pradesh,Indore,Urban,Male,SC,12,8,50000,100,5.3,Yes,Child Labour
STU04122,SCH1078,Gujarat,Surat,Urban,Female,SC,18,12,75000,72,1.6,Yes,Migration
STU04123,SCH1235,Rajasthan,Jaipur,Rural,Male,General,9,4,200000,82,0.8,No,None
STU04124,SCH1094,Uttar Pradesh,Aligarh,Urban,Male,General,13,7,100000,92,2.3,No,None
STU04125,SCH1187,Maharashtra,Aurangabad,Urban,Female,General,16,10,75000,95,2.0,Yes,Migration
STU04126,SCH1205,Madhya Pradesh,Bhopal,Urban,Male,OBC,7,2,200000,98,1.1,No,None
STU04127,SCH1145,Maharashtra,Nashik,Rural,Male,General,10,4,100000,70,5.0,No,None
STU04128,SCH1153,Maharashtra,Nagpur,Rural,Female,General,13,8,200000,72,4.6,No,None
STU04129,SCH1028,Rajasthan,Jaipur,Rural,Female,OBC,13,8,75000,80,4.4,Yes,Poverty
STU04130,SCH1030,Uttar Pradesh,Agra,Urban,Female,OBC,13,8,150000,96,4.0,No,None
STU04131,SCH1172,Uttar Pradesh,Aligarh,Rural,Male,ST,17,12,100000,77,1.1,No,None
STU04132,SCH1172,Rajasthan,Kota,Urban,Male,OBC,9,4,100000,100,4.1,No,None
STU04133,SCH1057,Gujarat,Ahmedabad,Semi-Urban,Male,OBC,13,8,50000,93,1.9,Yes,Poverty
STU04134,SCH1148,Madhya Pradesh,Jabalpur,Semi-Urban,Female,SC,14,8,500000,84,2.0,No,None
STU04135,SCH1210,Rajasthan,Jodhpur,Urban,Male,General,9,3,50000,54,5.2,Yes,Family Issues
STU04136,SCH1046,Uttar Pradesh,Agra,Rural,Male,OBC,11,6,500000,94,4.9,No,None
STU04137,SCH1137,Maharashtra,Nashik,Urban,Male,SC,11,6,150000,86,4.3,No,None
STU04138,SCH1175,Madhya Pradesh,Bhopal,Rural,Male,OBC,15,10,200000,70,3.4,No,None
STU04139,SCH1188,Uttar Pradesh,Aligarh,Urban,Male,OBC,11,6,150000,100,6.4,No,None
STU04140,SCH1018,Gujarat,Ahmedabad,Rural,Male,General,10,4,150000,72,5.7,No,None
STU04141,SCH1054,Rajasthan,Jodhpur,Rural,Female,OBC,14,10,50000,62,3.7,Yes,Poverty
STU04142,SCH1153,Gujarat,Rajkot,Urban,Male,SC,11,5,300000,71,3.8,No,None
STU04143,SCH1141,Gujarat,Ahmedabad,Urban,Female,OBC,10,4,150000,75,1.6,No,None
STU04144,SCH1039,Gujarat,Vadodara,Rural,Male,SC,7,3,75000,49,8.1,Yes,Poverty
STU04145,SCH1133,Maharashtra,Aurangabad,Rural,Female,ST,18,12,200000,62,4.7,Yes,Lack of Interest
STU04146,SCH1019,Rajasthan,Jaipur,Urban,Female,SC,13,9,200000,83,0.2,No,None
STU04147,SCH1088,Gujarat,Ahmedabad,Rural,Male,OBC,17,12,500000,85,0.2,No,None
STU04148,SCH1153,Gujarat,Rajkot,Rural,Male,OBC,16,10,50000,77,3.8,Yes,Lack of Transport
STU04149,SCH1224,Uttar Pradesh,Aligarh,Rural,Female,OBC,17,11,200000,65,2.8,Yes,Migration
STU04150,SCH1250,Uttar Pradesh,Lucknow,Semi-Urban,Male,General,18,12,50000,86,4.5,No,None
STU04151,SCH1022,Maharashtra,Nashik,Rural,Male,OBC,11,5,75000,69,1.6,Yes,Child Labour
STU04152,SCH1203,Uttar Pradesh,Lucknow,Rural,Male,OBC,9,4,100000,62,3.2,No,None
STU04153,SCH1053,Uttar Pradesh,Kanpur,Urban,Female,OBC,6,1,75000,73,0.2,Yes,Poverty
STU04154,SCH1047,Uttar Pradesh,Lucknow,Rural,Male,ST,9,5,300000,67,6.8,Yes,Poverty
STU04155,SCH1024,Uttar Pradesh,Lucknow,Rural,Male,ST,8,4,50000,65,5.4,Yes,Family Issues
STU04156,SCH1239,Rajasthan,Kota,Rural,Female,General,17,12,200000,85,6.5,Yes,Poverty
STU04157,SCH1028,Rajasthan,Udaipur,Urban,Female,OBC,18,12,500000,67,0.2,No,None
STU04158,SCH1228,Maharashtra,Nagpur,Rural,Male,OBC,14,8,150000,62,3.7,No,None
STU04159,SCH1136,Gujarat,Ahmedabad,Urban,Male,SC,18,12,150000,80,1.0,No,None
STU04160,SCH1091,Maharashtra,Aurangabad,Urban,Male,General,8,3,100000,80,4.9,No,None
STU04161,SCH1151,Madhya Pradesh,Bhopal,Rural,Male,OBC,15,10,50000,100,2.4,Yes,Poverty
STU04162,SCH1117,Rajasthan,Jaipur,Semi-Urban,Male,ST,13,8,75000,42,3.3,Yes,Child Labour
STU04163,SCH1011,Uttar Pradesh,Agra,Rural,Female,OBC,13,9,50000,100,3.5,Yes,Lack of Interest
STU04164,SCH1018,Uttar Pradesh,Agra,Semi-Urban,Female,SC,15,11,150000,64,9.4,Yes,Poverty
STU04165,SCH1250,Maharashtra,Nagpur,Urban,Female,SC,10,5,150000,92,3.2,No,None
STU04166,SCH1030,Madhya Pradesh,Indore,Urban,Female,General,10,6,75000,100,1.6,No,None
STU04167,SCH1147,Rajasthan,Jaipur,Rural,Male,SC,10,6,50000,76,1.2,Yes,Lack of Transport
STU04168,SCH1170,Maharashtra,Pune,Urban,Female,SC,9,4,100000,87,2.6,No,None
STU04169,SCH1036,Uttar Pradesh,Agra,Rural,Male,OBC,12,8,150000,88,7.0,No,None
STU04170,SCH1164,Uttar Pradesh,Lucknow,Semi-Urban,Male,OBC,15,10,150000,74,0.2,Yes,Poverty
STU04171,SCH1140,Uttar Pradesh,Kanpur,Semi-Urban,Female,SC,15,9,100000,88,2.5,No,None
STU04172,SCH1206,Maharashtra,Pune,Rural,Male,SC,18,12,75000,83,6.3,Yes,Child Labour
STU04173,SCH1145,Maharashtra,Aurangabad,Rural,Female,OBC,10,4,75000,100,3.0,Yes,Family Issues
STU04174,SCH1083,Uttar Pradesh,Kanpur,Rural,Female,SC,17,12,100000,70,0.2,Yes,Poverty
STU04175,SCH1008,Maharashtra,Nashik,Rural,Male,General,8,3,100000,76,1.7,No,None
STU04176,SCH1122,Uttar Pradesh,Agra,Urban,Other,OBC,14,10,75000,65,0.2,Yes,Lack of Transport
STU04177,SCH1215,Madhya Pradesh,Gwalior,Urban,Female,OBC,16,11,200000,99,1.9,No,None
STU04178,SCH1102,Gujarat,Rajkot,Rural,Male,OBC,10,4,500000,67,3.0,No,None
STU04179,SCH1143,Uttar Pradesh,Lucknow,Rural,Male,OBC,13,9,500000,67,5.2,Yes,Health Issues
STU04180,SCH1030,Gujarat,Surat,Rural,Male,SC,7,2,150000,73,7.8,Yes,Poverty
STU04181,SCH1226,Uttar Pradesh,Aligarh,Urban,Male,OBC,16,11,50000,88,3.3,Yes,Poor Academic Performance
STU04182,SCH1195,Madhya Pradesh,Bhopal,Semi-Urban,Male,ST,12,6,50000,65,3.1,Yes,Lack of Interest
STU04183,SCH1226,Uttar Pradesh,Aligarh,Rural,Female,General,12,7,75000,64,4.9,No,None
STU04184,SCH1069,Maharashtra,Nashik,Rural,Male,SC,15,10,200000,96,4.6,Yes,Family Issues
STU04185,SCH1172,Rajasthan,Kota,Rural,Male,General,16,12,200000,69,1.1,No,None
STU04186,SCH1136,Rajasthan,Jaipur,Urban,Female,SC,17,12,200000,76,7.0,No,None
STU04187,SCH1004,Gujarat,Surat,Rural,Male,SC,16,11,200000,93,0.9,Yes,Child Labour
STU04188,SCH1236,Rajasthan,Jodhpur,Urban,Female,General,17,11,100000,80,0.3,No,None
STU04189,SCH1065,Gujarat,Ahmedabad,Rural,Male,SC,10,5,300000,69,5.2,Yes,Poverty
STU04190,SCH1081,Rajasthan,Jodhpur,Rural,Male,OBC,6,1,150000,55,5.4,Yes,Poverty
STU04191,SCH1021,Uttar Pradesh,Agra,Rural,Female,SC,16,10,100000,97,4.5,No,None
STU04192,SCH1125,Maharashtra,Nashik,Urban,Female,General,9,5,100000,74,8.1,No,None
STU04193,SCH1023,Rajasthan,Jodhpur,Rural,Male,General,10,4,200000,81,2.2,No,None
STU04194,SCH1041,Gujarat,Vadodara,Urban,Female,OBC,18,12,150000,71,2.9,No,None
STU04195,SCH1168,Uttar Pradesh,Lucknow,Urban,Male,OBC,6,1,300000,71,3.2,No,None
STU04196,SCH1190,Maharashtra,Nashik,Rural,Male,OBC,9,5,200000,67,0.2,No,None
STU04197,SCH1105,Uttar Pradesh,Kanpur,Rural,Other,General,14,9,100000,91,2.9,No,None
STU04198,SCH1073,Madhya Pradesh,Indore,Rural,Female,SC,17,11,200000,72,1.1,Yes,Poverty
STU04199,SCH1191,Gujarat,Vadodara,Rural,Female,OBC,11,7,100000,82,5.0,No,None
STU04200,SCH1089,Maharashtra,Nagpur,Rural,Male,ST,17,11,200000,72,4.2,Yes,Family Issues
STU04201,SCH1068,Rajasthan,Kota,Urban,Male,General,13,8,50000,83,4.5,No,None
STU04202,SCH1089,Gujarat,Ahmedabad,Urban,Female,General,18,12,75000,76,1.7,Yes,Lack of Transport
STU04203,SCH1014,Maharashtra,Pune,Urban,Male,SC,18,12,100000,84,4.8,No,None
STU04204,SCH1041,Maharashtra,Nagpur,Rural,Male,General,6,1,100000,68,1.5,No,None
STU04205,SCH1175,Rajasthan,Kota,Urban,Male,General,18,12,150000,90,1.7,No,None
STU04206,SCH1193,Gujarat,Ahmedabad,Urban,Male,OBC,14,9,150000,62,0.2,No,None
STU04207,SCH1182,Uttar Pradesh,Aligarh,Rural,Female,General,8,3,150000,90,4.2,No,None
STU04208,SCH1045,Maharashtra,Nagpur,Rural,Male,OBC,17,12,50000,69,1.2,Yes,Lack of Transport
STU04209,SCH1069,Uttar Pradesh,Agra,Urban,Female,General,13,8,100000,86,0.2,No,None
STU04210,SCH1219,Maharashtra,Pune,Urban,Female,OBC,13,8,75000,87,5.9,No,None
STU04211,SCH1108,Rajasthan,Jodhpur,Semi-Urban,Other,SC,17,12,75000,86,4.8,No,None
STU04212,SCH1226,Uttar Pradesh,Agra,Rural,Female,SC,8,2,50000,70,2.1,Yes,Family Issues
STU04213,SCH1060,Rajasthan,Udaipur,Urban,Female,SC,10,5,200000,48,5.4,Yes,Lack of Interest
STU04214,SCH1052,Uttar Pradesh,Agra,Rural,Male,SC,11,6,100000,62,4.2,No,None
STU04215,SCH1016,Gujarat,Rajkot,Urban,Female,General,15,10,75000,77,7.3,Yes,Lack of Transport
STU04216,SCH1186,Gujarat,Ahmedabad,Rural,Male,ST,6,1,200000,57,0.2,Yes,Family Issues
STU04217,SCH1097,Maharashtra,Aurangabad,Rural,Male,General,7,2,150000,80,2.7,No,None
STU04218,SCH1001,Gujarat,Vadodara,Urban,Female,OBC,6,1,100000,66,1.5,No,None
STU04219,SCH1081,Uttar Pradesh,Aligarh,Rural,Male,OBC,15,10,100000,81,1.8,Yes,Health Issues
STU04220,SCH1053,Uttar Pradesh,Lucknow,Rural,Male,ST,6,1,50000,74,0.2,Yes,Poor Academic Performance
STU04221,SCH1208,Gujarat,Ahmedabad,Urban,Female,General,7,1,100000,80,4.6,No,None
STU04222,SCH1035,Rajasthan,Kota,Urban,Female,OBC,10,5,75000,94,0.2,No,None
STU04223,SCH1213,Maharashtra,Nagpur,Semi-Urban,Male,SC,13,9,50000,77,3.5,Yes,Poor Academic Performance
STU04224,SCH1178,Maharashtra,Aurangabad,Semi-Urban,Female,OBC,12,7,200000,85,7.5,No,None
STU04225,SCH1077,Gujarat,Ahmedabad,Urban,Male,ST,17,12,50000,100,3.3,Yes,Family Issues
STU04226,SCH1181,Maharashtra,Aurangabad,Rural,Female,OBC,17,12,300000,90,1.3,Yes,Family Issues
STU04227,SCH1162,Maharashtra,Aurangabad,Rural,Male,OBC,18,12,150000,71,2.9,Yes,Lack of Transport
STU04228,SCH1055,Madhya Pradesh,Jabalpur,Rural,Male,OBC,13,8,100000,87,9.2,No,None
STU04229,SCH1149,Uttar Pradesh,Agra,Rural,Female,OBC,11,7,150000,76,1.9,No,None
STU04230,SCH1044,Rajasthan,Jaipur,Rural,Female,OBC,16,10,50000,88,0.2,Yes,Family Issues
STU04231,SCH1147,Rajasthan,Jodhpur,Urban,Female,OBC,9,5,200000,100,2.3,No,None
STU04232,SCH1196,Madhya Pradesh,Bhopal,Urban,Female,SC,8,4,100000,79,2.3,No,None
STU04233,SCH1212,Uttar Pradesh,Kanpur,Urban,Female,General,6,1,100000,93,2.0,No,None
STU04234,SCH1241,Uttar Pradesh,Kanpur,Rural,Male,OBC,15,10,200000,95,0.2,No,None
STU04235,SCH1144,Gujarat,Vadodara,Semi-Urban,Female,General,14,9,100000,93,4.4,No,None
STU04236,SCH1211,Maharashtra,Nagpur,Urban,Male,SC,6,1,200000,52,2.5,No,None
STU04237,SCH1137,Rajasthan,Kota,Urban,Male,OBC,16,11,300000,85,7.4,No,None
STU04238,SCH1069,Uttar Pradesh,Agra,Rural,Female,General,12,8,200000,80,6.8,No,None
STU04239,SCH1212,Uttar Pradesh,Kanpur,Rural,Female,SC,11,6,100000,57,7.6,Yes,Poor Academic Performance
STU04240,SCH1221,Gujarat,Ahmedabad,Rural,Female,SC,16,11,75000,75,4.1,Yes,Migration
STU04241,SCH1243,Maharashtra,Aurangabad,Rural,Female,SC,18,12,50000,85,6.4,Yes,Family Issues
STU04242,SCH1011,Madhya Pradesh,Jabalpur,Urban,Male,ST,13,8,100000,100,0.2,No,None
STU04243,SCH1107,Uttar Pradesh,Agra,Rural,Female,OBC,12,7,50000,68,4.3,Yes,Lack of Transport
STU04244,SCH1005,Uttar Pradesh,Kanpur,Urban,Male,OBC,8,3,75000,89,1.7,No,None
STU04245,SCH1125,Gujarat,Vadodara,Semi-Urban,Female,OBC,16,11,50000,86,3.0,Yes,Migration
STU04246,SCH1183,Maharashtra,Nashik,Urban,Male,General,10,4,150000,56,3.0,No,None
STU04247,SCH1018,Gujarat,Ahmedabad,Rural,Female,General,9,4,200000,77,3.3,No,None
STU04248,SCH1169,Gujarat,Rajkot,Rural,Female,OBC,7,3,200000,75,2.4,No,None
STU04249,SCH1037,Maharashtra,Aurangabad,Urban,Male,General,13,7,75000,91,3.8,No,None
STU04250,SCH1135,Rajasthan,Kota,Urban,Male,SC,17,12,500000,55,2.5,No,None
STU04251,SCH1156,Maharashtra,Nagpur,Semi-Urban,Female,General,9,4,75000,64,3.7,Yes,Migration
STU04252,SCH1194,Maharashtra,Nagpur,Rural,Female,General,9,5,75000,77,4.5,Yes,Child Labour
STU04253,SCH1193,Madhya Pradesh,Bhopal,Semi-Urban,Female,SC,7,3,150000,78,0.8,No,None
STU04254,SCH1199,Rajasthan,Kota,Semi-Urban,Male,SC,7,1,150000,47,1.5,No,None
STU04255,SCH1054,Uttar Pradesh,Aligarh,Semi-Urban,Male,General,9,3,500000,72,2.2,No,None
STU04256,SCH1003,Gujarat,Ahmedabad,Urban,Female,ST,16,11,75000,100,2.6,Yes,Poor Academic Performance
STU04257,SCH1153,Rajasthan,Kota,Rural,Female,OBC,9,5,150000,67,4.7,No,None
STU04258,SCH1164,Gujarat,Ahmedabad,Rural,Male,SC,17,12,150000,60,2.6,Yes,Health Issues
STU04259,SCH1221,Madhya Pradesh,Bhopal,Semi-Urban,Male,OBC,14,9,150000,75,3.8,No,None
STU04260,SCH1017,Madhya Pradesh,Gwalior,Semi-Urban,Male,General,18,12,150000,89,0.2,No,None
STU04261,SCH1124,Rajasthan,Jaipur,Rural,Male,SC,10,5,300000,77,1.1,No,None
STU04262,SCH1028,Maharashtra,Pune,Rural,Female,OBC,18,12,200000,48,0.2,Yes,Health Issues
STU04263,SCH1207,Rajasthan,Jaipur,Semi-Urban,Female,General,11,5,75000,100,0.2,No,None
STU04264,SCH1003,Rajasthan,Kota,Rural,Female,OBC,8,4,75000,75,6.6,Yes,Poverty
STU04265,SCH1185,Rajasthan,Jaipur,Semi-Urban,Male,General,10,5,100000,55,4.7,No,None
STU04266,SCH1158,Uttar Pradesh,Aligarh,Rural,Female,SC,9,4,75000,76,1.5,Yes,Lack of Transport
STU04267,SCH1041,Uttar Pradesh,Kanpur,Urban,Female,SC,10,4,150000,74,0.5,No,None
STU04268,SCH1017,Maharashtra,Aurangabad,Rural,Male,SC,6,1,50000,70,7.8,Yes,Poverty
STU04269,SCH1146,Uttar Pradesh,Aligarh,Semi-Urban,Male,OBC,8,3,75000,74,9.6,Yes,Health Issues
STU04270,SCH1049,Gujarat,Surat,Semi-Urban,Male,OBC,15,11,150000,100,3.2,No,None
STU04271,SCH1156,Maharashtra,Nashik,Rural,Male,OBC,11,6,75000,77,2.3,Yes,Poverty
STU04272,SCH1205,Gujarat,Rajkot,Rural,Female,OBC,16,11,75000,77,3.9,Yes,Poverty
STU04273,SCH1217,Rajasthan,Jaipur,Rural,Male,SC,12,8,150000,72,2.5,Yes,Health Issues
STU04274,SCH1223,Maharashtra,Aurangabad,Semi-Urban,Male,SC,13,9,300000,89,1.5,No,None
STU04275,SCH1139,Madhya Pradesh,Bhopal,Rural,Male,OBC,6,2,200000,78,4.6,No,None
STU04276,SCH1098,Maharashtra,Nagpur,Rural,Male,SC,7,3,75000,69,3.0,Yes,Lack of Interest
STU04277,SCH1095,Rajasthan,Jodhpur,Rural,Male,General,17,11,300000,72,3.7,Yes,Poverty
STU04278,SCH1080,Uttar Pradesh,Aligarh,Urban,Male,SC,11,6,75000,94,6.2,Yes,Poverty
STU04279,SCH1123,Gujarat,Vadodara,Urban,Female,SC,12,8,150000,78,2.2,No,None
STU04280,SCH1030,Maharashtra,Nagpur,Urban,Male,General,18,12,150000,66,5.9,No,None
STU04281,SCH1107,Madhya Pradesh,Gwalior,Rural,Male,SC,13,8,500000,69,2.5,No,None
STU04282,SCH1083,Maharashtra,Pune,Rural,Male,OBC,9,4,75000,77,1.1,No,None
STU04283,SCH1009,Madhya Pradesh,Gwalior,Rural,Female,SC,6,1,100000,76,2.9,No,None
STU04284,SCH1230,Uttar Pradesh,Kanpur,Rural,Male,General,12,7,100000,92,0.2,No,None
STU04285,SCH1053,Gujarat,Ahmedabad,Urban,Female,SC,6,2,300000,84,5.8,No,None
STU04286,SCH1225,Maharashtra,Nagpur,Urban,Female,General,10,4,100000,84,6.7,No,None
STU04287,SCH1161,Madhya Pradesh,Jabalpur,Semi-Urban,Other,SC,10,5,75000,64,3.1,Yes,Poverty
STU04288,SCH1231,Maharashtra,Aurangabad,Rural,Male,SC,18,12,100000,63,3.7,Yes,Family Issues
STU04289,SCH1057,Madhya Pradesh,Jabalpur,Rural,Male,OBC,11,7,75000,100,6.9,Yes,Lack of Interest
STU04290,SCH1235,Uttar Pradesh,Kanpur,Urban,Male,OBC,11,5,75000,69,2.8,No,None
STU04291,SCH1003,Rajasthan,Kota,Rural,Male,OBC,11,6,150000,100,5.8,No,None
STU04292,SCH1152,Maharashtra,Aurangabad,Rural,Female,OBC,14,9,100000,96,5.8,No,None
STU04293,SCH1014,Gujarat,Vadodara,Semi-Urban,Female,OBC,11,6,100000,83,4.4,No,None
STU04294,SCH1104,Uttar Pradesh,Agra,Urban,Female,OBC,17,11,150000,82,1.3,No,None
STU04295,SCH1080,Rajasthan,Kota,Rural,Male,General,16,11,150000,94,4.1,No,None
STU04296,SCH1203,Madhya Pradesh,Gwalior,Rural,Male,SC,17,12,100000,84,0.9,No,None
STU04297,SCH1181,Uttar Pradesh,Kanpur,Urban,Male,General,15,10,100000,100,7.0,No,None
STU04298,SCH1187,Maharashtra,Nashik,Urban,Female,General,10,4,300000,61,6.0,No,None
STU04299,SCH1014,Gujarat,Rajkot,Rural,Male,SC,10,5,75000,69,0.9,Yes,Migration
STU04300,SCH1087,Gujarat,Vadodara,Rural,Male,OBC,17,12,500000,76,8.2,Yes,Child Labour
STU04301,SCH1192,Gujarat,Ahmedabad,Rural,Female,General,6,1,100000,92,1.8,No,None
STU04302,SCH1050,Gujarat,Rajkot,Urban,Female,ST,7,1,500000,100,5.7,No,None
STU04303,SCH1010,Madhya Pradesh,Gwalior,Urban,Male,ST,18,12,150000,70,7.4,Yes,Poverty
STU04304,SCH1028,Gujarat,Vadodara,Urban,Female,General,17,11,150000,100,1.6,No,None
STU04305,SCH1054,Rajasthan,Kota,Semi-Urban,Female,General,9,3,100000,100,2.5,No,None
STU04306,SCH1202,Gujarat,Vadodara,Semi-Urban,Female,General,6,1,200000,62,5.6,No,None
STU04307,SCH1050,Maharashtra,Pune,Semi-Urban,Male,General,13,7,100000,76,0.2,No,None
STU04308,SCH1065,Uttar Pradesh,Agra,Semi-Urban,Male,OBC,6,2,200000,59,3.8,No,None
STU04309,SCH1010,Gujarat,Rajkot,Rural,Male,SC,18,12,150000,91,7.3,Yes,Migration
STU04310,SCH1119,Uttar Pradesh,Kanpur,Rural,Female,SC,12,6,200000,70,3.8,No,None
STU04311,SCH1150,Maharashtra,Aurangabad,Urban,Female,OBC,9,4,75000,75,0.5,No,None
STU04312,SCH1119,Uttar Pradesh,Agra,Urban,Male,SC,9,5,150000,53,6.6,No,None
STU04313,SCH1224,Rajasthan,Kota,Urban,Female,General,9,5,150000,53,1.9,No,None
STU04314,SCH1183,Uttar Pradesh,Lucknow,Rural,Female,ST,9,4,75000,88,5.8,Yes,Poor Academic Performance
STU04315,SCH1223,Maharashtra,Nagpur,Urban,Male,General,16,11,200000,76,4.7,No,None
STU04316,SCH1119,Rajasthan,Jaipur,Rural,Female,General,6,1,150000,64,2.9,No,None
STU04317,SCH1120,Madhya Pradesh,Bhopal,Rural,Female,OBC,17,12,300000,100,8.2,Yes,Poverty
STU04318,SCH1204,Rajasthan,Jodhpur,Urban,Female,OBC,13,9,150000,86,3.0,No,None
STU04319,SCH1140,Uttar Pradesh,Agra,Urban,Female,OBC,15,10,300000,71,1.0,No,None
STU04320,SCH1016,Maharashtra,Pune,Urban,Female,General,7,2,200000,76,3.4,No,None
STU04321,SCH1045,Uttar Pradesh,Kanpur,Rural,Female,General,14,9,50000,77,7.0,Yes,Lack of Transport
STU04322,SCH1214,Maharashtra,Pune,Rural,Other,SC,12,8,100000,69,0.8,No,None
STU04323,SCH1249,Gujarat,Surat,Urban,Female,General,10,4,300000,100,7.4,No,None
STU04324,SCH1164,Gujarat,Vadodara,Urban,Male,SC,17,12,300000,94,5.9,No,None
STU04325,SCH1159,Madhya Pradesh,Gwalior,Rural,Female,General,14,8,150000,69,0.7,No,None
STU04326,SCH1222,Madhya Pradesh,Jabalpur,Urban,Male,General,15,11,100000,47,3.8,Yes,Poverty
STU04327,SCH1249,Maharashtra,Pune,Semi-Urban,Other,ST,6,1,150000,74,1.7,No,None
STU04328,SCH1229,Madhya Pradesh,Bhopal,Urban,Male,General,11,7,100000,74,1.1,No,None
STU04329,SCH1162,Rajasthan,Udaipur,Urban,Female,ST,17,12,100000,98,1.4,No,None
STU04330,SCH1233,Gujarat,Vadodara,Semi-Urban,Female,OBC,7,1,150000,84,1.6,No,None
STU04331,SCH1190,Madhya Pradesh,Jabalpur,Rural,Female,SC,8,3,150000,98,3.3,No,None
STU04332,SCH1231,Madhya Pradesh,Indore,Urban,Female,General,10,5,200000,94,0.2,No,None
STU04333,SCH1093,Uttar Pradesh,Aligarh,Rural,Male,OBC,16,11,200000,100,7.8,No,None
STU04334,SCH1101,Uttar Pradesh,Lucknow,Rural,Male,OBC,12,6,100000,63,4.2,No,None
STU04335,SCH1225,Uttar Pradesh,Lucknow,Urban,Female,General,10,6,100000,96,2.4,No,None
STU04336,SCH1114,Uttar Pradesh,Aligarh,Rural,Female,OBC,12,6,75000,87,3.2,Yes,Poverty
STU04337,SCH1181,Maharashtra,Aurangabad,Rural,Male,OBC,13,8,150000,81,2.1,No,None
STU04338,SCH1055,Rajasthan,Kota,Rural,Male,OBC,12,7,150000,89,1.3,No,None
STU04339,SCH1248,Rajasthan,Jodhpur,Rural,Male,General,18,12,200000,85,4.3,No,None
STU04340,SCH1114,Gujarat,Surat,Rural,Male,OBC,11,5,150000,76,5.3,No,None
STU04341,SCH1021,Gujarat,Surat,Urban,Female,ST,14,9,50000,64,5.4,Yes,Poverty
STU04342,SCH1118,Maharashtra,Nagpur,Rural,Male,OBC,7,2,100000,79,3.0,No,None
STU04343,SCH1198,Gujarat,Ahmedabad,Rural,Female,General,16,10,150000,88,2.6,No,None
STU04344,SCH1115,Maharashtra,Aurangabad,Rural,Female,OBC,7,2,75000,81,5.2,Yes,Migration
STU04345,SCH1175,Rajasthan,Kota,Urban,Male,OBC,11,6,100000,77,7.0,No,None
STU04346,SCH1143,Rajasthan,Udaipur,Semi-Urban,Female,OBC,14,9,50000,85,2.0,Yes,Poverty
STU04347,SCH1073,Maharashtra,Nashik,Rural,Male,ST,12,7,75000,71,4.1,Yes,Poverty
STU04348,SCH1072,Maharashtra,Aurangabad,Semi-Urban,Male,General,10,6,75000,69,3.2,No,None
STU04349,SCH1223,Madhya Pradesh,Bhopal,Semi-Urban,Female,ST,8,3,75000,88,2.4,Yes,Poverty
STU04350,SCH1029,Gujarat,Surat,Rural,Female,OBC,16,11,150000,65,1.2,Yes,Lack of Transport
STU04351,SCH1239,Madhya Pradesh,Bhopal,Urban,Female,OBC,14,9,75000,100,0.4,Yes,Health Issues
STU04352,SCH1068,Madhya Pradesh,Bhopal,Rural,Female,ST,7,1,200000,73,4.1,No,None
STU04353,SCH1101,Rajasthan,Udaipur,Rural,Female,OBC,14,9,75000,73,4.9,Yes,Health Issues
STU04354,SCH1172,Gujarat,Surat,Rural,Female,General,9,4,300000,67,4.8,No,None
STU04355,SCH1230,Maharashtra,Nashik,Rural,Male,OBC,16,10,75000,73,4.5,Yes,Lack of Transport
STU04356,SCH1217,Gujarat,Rajkot,Rural,Female,OBC,13,7,200000,82,1.9,No,None
STU04357,SCH1081,Rajasthan,Kota,Rural,Male,General,7,3,100000,92,1.3,No,None
STU04358,SCH1011,Rajasthan,Jodhpur,Urban,Male,General,6,2,200000,70,0.2,No,None
STU04359,SCH1065,Uttar Pradesh,Agra,Urban,Male,General,15,11,150000,57,8.4,Yes,Migration
STU04360,SCH1031,Rajasthan,Udaipur,Urban,Male,General,14,8,200000,80,2.4,No,None
STU04361,SCH1186,Uttar Pradesh,Lucknow,Semi-Urban,Male,OBC,7,2,50000,100,1.3,No,None
STU04362,SCH1045,Maharashtra,Nagpur,Rural,Male,SC,11,6,100000,72,5.9,No,None
STU04363,SCH1140,Maharashtra,Nagpur,Urban,Male,General,7,2,75000,82,0.2,No,None
STU04364,SCH1207,Maharashtra,Nagpur,Rural,Male,General,14,9,75000,81,7.6,Yes,Family Issues
STU04365,SCH1018,Rajasthan,Udaipur,Urban,Male,General,8,4,50000,90,2.2,No,None
STU04366,SCH1238,Uttar Pradesh,Agra,Rural,Female,SC,10,5,300000,75,8.7,No,None
STU04367,SCH1066,Gujarat,Rajkot,Rural,Male,OBC,13,7,100000,63,2.3,No,None
STU04368,SCH1032,Maharashtra,Pune,Rural,Female,General,14,10,150000,64,3.7,Yes,Family Issues
STU04369,SCH1250,Uttar Pradesh,Aligarh,Semi-Urban,Female,ST,18,12,75000,91,3.3,Yes,Poverty
STU04370,SCH1196,Maharashtra,Aurangabad,Semi-Urban,Female,General,12,6,200000,94,5.1,No,None
STU04371,SCH1007,Maharashtra,Nagpur,Rural,Female,ST,10,5,100000,82,5.2,No,None
STU04372,SCH1220,Rajasthan,Kota,Rural,Male,SC,13,8,200000,100,2.7,No,None
STU04373,SCH1105,Rajasthan,Jaipur,Rural,Male,OBC,13,8,150000,73,1.6,No,None
STU04374,SCH1087,Rajasthan,Kota,Urban,Male,OBC,9,4,75000,69,4.0,Yes,Poverty
STU04375,SCH1109,Gujarat,Rajkot,Rural,Female,General,18,12,50000,88,4.7,Yes,Poor Academic Performance
STU04376,SCH1236,Rajasthan,Kota,Semi-Urban,Female,OBC,12,8,150000,88,3.6,No,None
STU04377,SCH1097,Madhya Pradesh,Jabalpur,Rural,Female,SC,12,7,75000,71,1.9,Yes,Family Issues
STU04378,SCH1003,Rajasthan,Udaipur,Urban,Female,ST,12,8,200000,59,3.6,No,None
STU04379,SCH1010,Madhya Pradesh,Indore,Urban,Female,ST,12,6,75000,54,10.2,Yes,Child Labour
STU04380,SCH1113,Gujarat,Surat,Urban,Female,OBC,9,4,100000,77,3.8,No,None
STU04381,SCH1157,Madhya Pradesh,Indore,Rural,Male,General,6,1,150000,62,3.7,Yes,Lack of Interest
STU04382,SCH1116,Rajasthan,Jaipur,Urban,Male,OBC,16,11,200000,40,0.2,No,None
STU04383,SCH1142,Madhya Pradesh,Indore,Urban,Male,OBC,15,11,300000,95,3.9,No,None
STU04384,SCH1220,Rajasthan,Udaipur,Rural,Female,General,6,2,50000,63,1.5,Yes,Poor Academic Performance
STU04385,SCH1196,Uttar Pradesh,Agra,Rural,Female,SC,17,12,150000,52,1.0,Yes,Poverty
STU04386,SCH1250,Rajasthan,Udaipur,Urban,Male,General,10,5,150000,100,0.2,No,None
STU04387,SCH1038,Maharashtra,Nashik,Semi-Urban,Male,OBC,11,7,75000,72,7.6,Yes,Migration
STU04388,SCH1180,Uttar Pradesh,Lucknow,Rural,Male,General,13,8,200000,50,7.5,Yes,Family Issues
STU04389,SCH1203,Uttar Pradesh,Aligarh,Rural,Female,OBC,14,9,75000,67,0.2,Yes,Lack of Interest
STU04390,SCH1004,Gujarat,Surat,Urban,Female,OBC,17,11,100000,100,3.9,No,None
STU04391,SCH1040,Madhya Pradesh,Bhopal,Urban,Male,OBC,7,2,200000,100,0.9,No,None
STU04392,SCH1065,Uttar Pradesh,Lucknow,Semi-Urban,Female,OBC,9,5,75000,80,4.4,No,None
STU04393,SCH1085,Gujarat,Ahmedabad,Urban,Male,OBC,8,3,100000,69,2.5,No,None
STU04394,SCH1097,Uttar Pradesh,Lucknow,Urban,Female,OBC,15,11,200000,68,4.4,No,None
STU04395,SCH1074,Gujarat,Rajkot,Rural,Female,General,10,5,300000,79,2.0,No,None
STU04396,SCH1031,Uttar Pradesh,Lucknow,Urban,Male,General,10,5,50000,67,0.2,Yes,Lack of Transport
STU04397,SCH1143,Madhya Pradesh,Indore,Urban,Male,SC,14,9,75000,84,2.1,Yes,Child Labour
STU04398,SCH1108,Uttar Pradesh,Agra,Rural,Female,OBC,15,10,200000,53,4.5,Yes,Health Issues
STU04399,SCH1140,Maharashtra,Pune,Urban,Male,OBC,16,12,300000,70,0.4,No,None
STU04400,SCH1197,Uttar Pradesh,Agra,Rural,Female,OBC,13,8,75000,67,8.8,Yes,Child Labour
STU04401,SCH1158,Rajasthan,Jaipur,Urban,Male,General,8,3,200000,89,4.3,No,None
STU04402,SCH1067,Gujarat,Rajkot,Urban,Female,OBC,18,12,150000,60,5.6,No,None
STU04403,SCH1082,Gujarat,Rajkot,Rural,Female,SC,15,9,300000,100,8.6,Yes,Lack of Interest
STU04404,SCH1080,Maharashtra,Nashik,Urban,Male,OBC,15,11,100000,83,4.2,No,None
STU04405,SCH1210,Rajasthan,Udaipur,Rural,Male,General,10,5,300000,86,3.7,No,None
STU04406,SCH1211,Madhya Pradesh,Indore,Semi-Urban,Male,SC,17,12,100000,54,3.7,Yes,Poor Academic Performance
STU04407,SCH1081,Madhya Pradesh,Bhopal,Semi-Urban,Female,OBC,18,12,200000,81,3.2,No,None
STU04408,SCH1168,Gujarat,Surat,Urban,Female,OBC,7,2,100000,80,0.2,No,None
STU04409,SCH1192,Rajasthan,Jodhpur,Rural,Male,SC,18,12,300000,100,1.8,No,None
STU04410,SCH1182,Gujarat,Surat,Urban,Female,General,7,3,100000,100,4.8,No,None
STU04411,SCH1184,Rajasthan,Jodhpur,Rural,Female,OBC,16,11,100000,57,1.3,Yes,Child Labour
STU04412,SCH1099,Rajasthan,Jodhpur,Urban,Male,SC,9,5,200000,88,8.3,No,None
STU04413,SCH1124,Rajasthan,Udaipur,Rural,Male,OBC,11,7,150000,65,1.2,No,None
STU04414,SCH1133,Uttar Pradesh,Aligarh,Rural,Female,OBC,6,1,200000,81,4.9,No,None
STU04415,SCH1055,Gujarat,Vadodara,Rural,Male,SC,12,7,50000,61,4.2,Yes,Poor Academic Performance
STU04416,SCH1097,Madhya Pradesh,Bhopal,Rural,Male,OBC,18,12,150000,57,2.8,Yes,Poverty
STU04417,SCH1076,Uttar Pradesh,Kanpur,Rural,Female,General,7,2,50000,45,4.0,Yes,Migration
STU04418,SCH1072,Gujarat,Ahmedabad,Rural,Male,SC,11,6,50000,64,5.8,Yes,Poverty
STU04419,SCH1130,Madhya Pradesh,Gwalior,Urban,Female,General,8,4,75000,51,4.5,Yes,Lack of Transport
STU04420,SCH1202,Uttar Pradesh,Kanpur,Rural,Female,SC,17,12,500000,85,3.5,Yes,Migration
STU04421,SCH1113,Gujarat,Surat,Urban,Male,OBC,13,9,50000,93,0.2,Yes,Poor Academic Performance
STU04422,SCH1180,Maharashtra,Nashik,Rural,Male,SC,16,11,75000,81,6.0,Yes,Migration
STU04423,SCH1205,Madhya Pradesh,Jabalpur,Urban,Female,OBC,11,7,300000,70,0.2,No,None
STU04424,SCH1118,Rajasthan,Jaipur,Rural,Female,OBC,17,12,100000,82,3.2,Yes,Family Issues
STU04425,SCH1076,Gujarat,Ahmedabad,Rural,Female,General,18,12,150000,84,1.3,No,None
STU04426,SCH1154,Gujarat,Ahmedabad,Rural,Female,OBC,6,1,200000,75,2.5,No,None
STU04427,SCH1134,Uttar Pradesh,Lucknow,Rural,Male,OBC,16,11,75000,73,5.1,Yes,Poor Academic Performance
STU04428,SCH1106,Gujarat,Vadodara,Urban,Male,SC,6,1,75000,77,0.2,No,None
STU04429,SCH1247,Rajasthan,Jodhpur,Semi-Urban,Male,OBC,16,10,150000,92,1.7,No,None
STU04430,SCH1120,Madhya Pradesh,Gwalior,Urban,Female,General,15,10,75000,66,5.7,Yes,Migration
STU04431,SCH1091,Maharashtra,Aurangabad,Rural,Male,SC,6,1,75000,100,4.9,Yes,Family Issues
STU04432,SCH1194,Madhya Pradesh,Jabalpur,Rural,Female,SC,10,4,150000,100,4.0,No,None
STU04433,SCH1041,Madhya Pradesh,Indore,Rural,Female,SC,18,12,300000,86,1.0,No,None
STU04434,SCH1215,Uttar Pradesh,Kanpur,Semi-Urban,Male,General,10,6,100000,70,3.8,No,None
STU04435,SCH1148,Rajasthan,Jodhpur,Rural,Female,OBC,16,11,300000,84,1.1,Yes,Poor Academic Performance
STU04436,SCH1183,Rajasthan,Jaipur,Rural,Female,General,10,4,150000,99,1.8,No,None
STU04437,SCH1010,Uttar Pradesh,Agra,Rural,Female,OBC,10,5,100000,91,3.2,No,None
STU04438,SCH1221,Uttar Pradesh,Aligarh,Rural,Male,General,12,8,500000,65,0.2,No,None
STU04439,SCH1060,Uttar Pradesh,Aligarh,Semi-Urban,Male,OBC,16,12,100000,67,4.6,No,None
STU04440,SCH1137,Rajasthan,Udaipur,Semi-Urban,Male,General,8,3,100000,100,4.1,No,None
STU04441,SCH1067,Uttar Pradesh,Lucknow,Rural,Female,OBC,16,11,300000,79,2.4,No,None
STU04442,SCH1156,Rajasthan,Kota,Semi-Urban,Female,ST,11,6,75000,77,1.7,No,None
STU04443,SCH1003,Madhya Pradesh,Gwalior,Rural,Male,General,6,1,500000,90,0.2,No,None
STU04444,SCH1036,Uttar Pradesh,Agra,Rural,Female,General,10,4,75000,100,4.6,No,None
STU04445,SCH1028,Uttar Pradesh,Aligarh,Rural,Female,General,8,2,500000,94,6.4,No,None
STU04446,SCH1217,Madhya Pradesh,Bhopal,Urban,Male,ST,8,3,75000,92,3.5,Yes,Family Issues
STU04447,SCH1124,Gujarat,Vadodara,Rural,Female,OBC,8,3,75000,74,4.1,Yes,Migration
STU04448,SCH1212,Gujarat,Rajkot,Urban,Male,OBC,7,1,500000,71,4.5,No,None
STU04449,SCH1108,Uttar Pradesh,Aligarh,Rural,Male,ST,11,6,150000,98,2.4,No,None
STU04450,SCH1044,Rajasthan,Jodhpur,Urban,Female,OBC,8,3,100000,91,4.2,No,None
STU04451,SCH1103,Maharashtra,Nagpur,Rural,Male,General,13,8,75000,100,2.5,No,None
STU04452,SCH1168,Maharashtra,Aurangabad,Rural,Male,General,16,11,300000,58,2.5,Yes,Health Issues
STU04453,SCH1091,Rajasthan,Jodhpur,Urban,Female,OBC,12,7,75000,79,0.2,Yes,Migration
STU04454,SCH1014,Gujarat,Ahmedabad,Rural,Male,OBC,8,4,150000,93,3.1,No,None
STU04455,SCH1180,Uttar Pradesh,Lucknow,Semi-Urban,Male,OBC,7,2,200000,41,0.3,No,None
STU04456,SCH1086,Gujarat,Surat,Rural,Male,SC,18,12,200000,42,7.0,Yes,Poor Academic Performance
STU04457,SCH1012,Maharashtra,Pune,Urban,Female,SC,14,9,500000,70,0.2,No,None
STU04458,SCH1125,Madhya Pradesh,Jabalpur,Rural,Male,ST,7,1,50000,85,1.5,Yes,Family Issues
STU04459,SCH1155,Maharashtra,Nashik,Rural,Female,SC,15,10,150000,72,2.8,Yes,Migration
STU04460,SCH1102,Gujarat,Rajkot,Rural,Male,SC,13,9,200000,45,1.9,Yes,Poverty
STU04461,SCH1225,Rajasthan,Jaipur,Rural,Female,SC,9,4,50000,97,6.5,Yes,Lack of Transport
STU04462,SCH1112,Maharashtra,Pune,Rural,Male,OBC,9,3,75000,89,4.9,Yes,Family Issues
STU04463,SCH1168,Gujarat,Vadodara,Urban,Male,SC,13,9,50000,100,0.2,Yes,Child Labour
STU04464,SCH1047,Rajasthan,Jodhpur,Urban,Male,OBC,6,1,100000,76,1.2,No,None
STU04465,SCH1114,Madhya Pradesh,Gwalior,Semi-Urban,Female,OBC,16,11,100000,75,6.6,No,None
STU04466,SCH1149,Uttar Pradesh,Kanpur,Urban,Male,General,15,11,150000,100,4.6,No,None
STU04467,SCH1108,Gujarat,Rajkot,Urban,Male,OBC,7,3,200000,85,4.5,No,None
STU04468,SCH1181,Rajasthan,Jaipur,Urban,Male,SC,13,8,150000,82,5.2,No,None
STU04469,SCH1122,Maharashtra,Nagpur,Urban,Male,SC,18,12,50000,94,1.7,Yes,Lack of Interest
STU04470,SCH1160,Maharashtra,Aurangabad,Rural,Female,SC,8,2,150000,85,3.0,No,None
STU04471,SCH1121,Madhya Pradesh,Jabalpur,Rural,Female,SC,6,1,300000,83,3.4,No,None
STU04472,SCH1170,Madhya Pradesh,Gwalior,Urban,Female,General,7,2,100000,65,1.4,No,None
STU04473,SCH1238,Madhya Pradesh,Bhopal,Rural,Female,ST,16,10,100000,84,3.0,Yes,Lack of Transport
STU04474,SCH1184,Madhya Pradesh,Jabalpur,Semi-Urban,Male,ST,12,6,100000,73,0.4,No,None
STU04475,SCH1223,Maharashtra,Nashik,Semi-Urban,Male,OBC,12,8,75000,67,3.7,Yes,Poverty
STU04476,SCH1067,Madhya Pradesh,Gwalior,Urban,Male,OBC,10,5,150000,80,3.3,No,None
STU04477,SCH1050,Maharashtra,Nashik,Rural,Female,OBC,15,11,300000,86,4.7,Yes,Family Issues
STU04478,SCH1011,Uttar Pradesh,Lucknow,Urban,Female,OBC,6,2,200000,79,3.0,No,None
STU04479,SCH1124,Gujarat,Surat,Urban,Other,General,10,4,150000,79,5.6,No,None
STU04480,SCH1149,Rajasthan,Jodhpur,Rural,Male,ST,12,7,200000,50,0.5,No,None
STU04481,SCH1233,Madhya Pradesh,Bhopal,Rural,Female,OBC,6,2,150000,100,5.1,No,None
STU04482,SCH1040,Gujarat,Rajkot,Urban,Male,SC,15,10,300000,65,2.4,No,None
STU04483,SCH1212,Gujarat,Ahmedabad,Urban,Female,SC,15,10,200000,56,2.9,Yes,Poverty
STU04484,SCH1092,Gujarat,Ahmedabad,Rural,Female,SC,17,12,200000,82,1.3,Yes,Child Labour
STU04485,SCH1231,Madhya Pradesh,Jabalpur,Urban,Female,General,13,7,150000,100,5.5,No,None
STU04486,SCH1198,Gujarat,Surat,Rural,Male,General,7,2,75000,88,3.5,Yes,Migration
STU04487,SCH1131,Madhya Pradesh,Bhopal,Rural,Male,OBC,11,6,150000,75,4.0,No,None
STU04488,SCH1070,Maharashtra,Nashik,Urban,Male,SC,11,6,50000,93,0.2,No,None
STU04489,SCH1109,Gujarat,Vadodara,Rural,Female,SC,8,3,75000,69,3.9,Yes,Family Issues
STU04490,SCH1071,Uttar Pradesh,Kanpur,Rural,Female,SC,15,10,100000,95,3.0,Yes,Family Issues
STU04491,SCH1047,Maharashtra,Nashik,Urban,Female,SC,11,6,100000,61,0.2,No,None
STU04492,SCH1206,Rajasthan,Udaipur,Rural,Female,SC,10,4,100000,93,1.0,Yes,Child Labour
STU04493,SCH1152,Rajasthan,Jodhpur,Rural,Female,General,7,2,150000,89,1.5,No,None
STU04494,SCH1058,Gujarat,Vadodara,Rural,Male,SC,12,6,50000,78,0.2,Yes,Poor Academic Performance
STU04495,SCH1228,Rajasthan,Kota,Rural,Male,SC,18,12,100000,97,1.4,No,None
STU04496,SCH1192,Madhya Pradesh,Jabalpur,Urban,Female,General,14,10,150000,80,5.0,No,None
STU04497,SCH1129,Madhya Pradesh,Indore,Urban,Female,SC,16,11,150000,100,2.0,No,None
STU04498,SCH1244,Maharashtra,Aurangabad,Rural,Male,SC,13,8,100000,100,0.8,No,None
STU04499,SCH1137,Rajasthan,Udaipur,Rural,Female,OBC,16,11,500000,75,7.1,Yes,Health Issues
STU04500,SCH1095,Maharashtra,Nagpur,Urban,Male,OBC,7,2,75000,77,3.7,Yes,Poverty
STU04501,SCH1135,Gujarat,Ahmedabad,Urban,Male,SC,13,9,100000,57,4.8,Yes,Poverty
STU04502,SCH1228,Rajasthan,Jodhpur,Semi-Urban,Female,General,14,8,100000,87,3.4,No,None
STU04503,SCH1002,Gujarat,Vadodara,Urban,Female,SC,18,12,300000,76,4.8,No,None
STU04504,SCH1175,Madhya Pradesh,Jabalpur,Rural,Male,General,17,12,50000,67,0.5,Yes,Poor Academic Performance
STU04505,SCH1128,Rajasthan,Jaipur,Urban,Female,General,14,9,150000,89,0.4,No,None
STU04506,SCH1049,Gujarat,Vadodara,Rural,Female,OBC,15,11,100000,69,0.2,Yes,Poverty
STU04507,SCH1001,Maharashtra,Nashik,Rural,Female,General,10,4,300000,82,4.7,No,None
STU04508,SCH1175,Rajasthan,Jodhpur,Semi-Urban,Male,ST,8,3,150000,82,2.0,No,None
STU04509,SCH1089,Maharashtra,Aurangabad,Rural,Male,General,17,12,75000,60,7.4,Yes,Migration
STU04510,SCH1179,Rajasthan,Kota,Rural,Male,SC,10,5,100000,59,0.2,Yes,Poverty
STU04511,SCH1011,Madhya Pradesh,Gwalior,Urban,Female,General,10,4,100000,94,4.0,No,None
STU04512,SCH1029,Rajasthan,Jaipur,Semi-Urban,Female,General,13,9,150000,75,2.7,No,None
STU04513,SCH1053,Maharashtra,Nagpur,Urban,Female,ST,16,12,200000,98,2.6,No,None
STU04514,SCH1217,Madhya Pradesh,Bhopal,Urban,Male,General,8,2,300000,72,5.6,No,None
STU04515,SCH1238,Uttar Pradesh,Kanpur,Urban,Female,General,17,12,100000,97,1.1,No,None
STU04516,SCH1167,Madhya Pradesh,Bhopal,Urban,Female,SC,10,6,100000,93,6.3,No,None
STU04517,SCH1002,Madhya Pradesh,Jabalpur,Rural,Male,OBC,10,5,75000,96,4.1,Yes,Lack of Transport
STU04518,SCH1219,Maharashtra,Nashik,Urban,Male,ST,8,2,200000,91,2.6,No,None
STU04519,SCH1037,Madhya Pradesh,Indore,Rural,Female,ST,8,3,500000,66,0.2,Yes,Poverty
STU04520,SCH1220,Maharashtra,Pune,Rural,Female,SC,17,11,300000,62,3.6,No,None
STU04521,SCH1019,Madhya Pradesh,Gwalior,Semi-Urban,Female,SC,15,10,150000,87,2.3,No,None
STU04522,SCH1098,Rajasthan,Udaipur,Semi-Urban,Male,General,12,7,75000,87,2.5,No,None
STU04523,SCH1078,Gujarat,Rajkot,Rural,Female,OBC,13,9,100000,82,0.2,No,None
STU04524,SCH1013,Gujarat,Rajkot,Urban,Male,OBC,6,1,100000,79,4.3,No,None
STU04525,SCH1059,Rajasthan,Jodhpur,Urban,Female,SC,17,11,100000,73,2.8,No,None
STU04526,SCH1050,Uttar Pradesh,Kanpur,Rural,Male,OBC,15,9,500000,65,0.2,No,None
STU04527,SCH1002,Gujarat,Ahmedabad,Rural,Male,SC,17,12,100000,89,2.8,Yes,Poor Academic Performance
STU04528,SCH1148,Maharashtra,Nagpur,Rural,Female,ST,10,5,200000,78,4.3,No,None
STU04529,SCH1181,Maharashtra,Nashik,Semi-Urban,Male,OBC,10,4,150000,79,2.4,No,None
STU04530,SCH1209,Rajasthan,Kota,Rural,Male,SC,13,7,100000,85,2.2,No,None
STU04531,SCH1073,Madhya Pradesh,Jabalpur,Rural,Female,SC,10,5,75000,100,5.1,Yes,Poverty
STU04532,SCH1141,Gujarat,Surat,Rural,Female,SC,17,11,50000,90,0.2,Yes,Family Issues
STU04533,SCH1217,Maharashtra,Pune,Rural,Female,General,6,1,150000,91,2.2,No,None
STU04534,SCH1004,Uttar Pradesh,Lucknow,Urban,Female,SC,13,7,150000,79,5.3,No,None
STU04535,SCH1021,Gujarat,Ahmedabad,Rural,Female,General,11,6,150000,71,6.6,Yes,Poor Academic Performance
STU04536,SCH1186,Uttar Pradesh,Agra,Rural,Other,OBC,6,2,150000,75,10.0,No,None
STU04537,SCH1084,Madhya Pradesh,Gwalior,Rural,Female,General,6,1,200000,72,3.4,No,None
STU04538,SCH1042,Maharashtra,Nashik,Urban,Male,General,15,11,100000,95,2.1,No,None
STU04539,SCH1230,Madhya Pradesh,Jabalpur,Rural,Male,OBC,15,11,50000,89,0.2,Yes,Lack of Transport
STU04540,SCH1152,Maharashtra,Nashik,Rural,Male,SC,7,3,100000,100,2.4,No,None
STU04541,SCH1081,Rajasthan,Kota,Rural,Male,SC,17,11,150000,69,0.2,Yes,Family Issues
STU04542,SCH1128,Uttar Pradesh,Aligarh,Rural,Other,General,16,12,75000,99,3.2,Yes,Lack of Interest
STU04543,SCH1114,Maharashtra,Nagpur,Rural,Female,OBC,10,5,75000,96,4.7,Yes,Lack of Transport
STU04544,SCH1174,Rajasthan,Jaipur,Rural,Female,SC,9,4,75000,83,0.8,Yes,Health Issues
STU04545,SCH1179,Rajasthan,Jaipur,Semi-Urban,Male,OBC,14,9,150000,63,3.3,No,None
STU04546,SCH1088,Uttar Pradesh,Lucknow,Urban,Female,OBC,9,4,75000,79,10.2,Yes,Lack of Transport
STU04547,SCH1105,Uttar Pradesh,Kanpur,Urban,Female,SC,15,11,150000,61,7.1,Yes,Lack of Interest
STU04548,SCH1008,Rajasthan,Jodhpur,Urban,Male,General,17,12,100000,82,3.6,No,None
STU04549,SCH1192,Uttar Pradesh,Agra,Semi-Urban,Male,ST,10,6,300000,89,5.9,No,None
STU04550,SCH1091,Rajasthan,Udaipur,Urban,Female,OBC,8,3,75000,78,2.4,No,None
STU04551,SCH1202,Gujarat,Ahmedabad,Urban,Female,OBC,7,1,200000,78,4.0,No,None
STU04552,SCH1141,Madhya Pradesh,Jabalpur,Semi-Urban,Male,OBC,6,1,150000,69,5.6,No,None
STU04553,SCH1004,Rajasthan,Kota,Urban,Male,OBC,12,7,150000,86,5.2,No,None
STU04554,SCH1098,Uttar Pradesh,Lucknow,Rural,Male,OBC,7,2,200000,82,0.8,No,None
STU04555,SCH1088,Uttar Pradesh,Aligarh,Urban,Male,SC,18,12,200000,100,0.8,No,None
STU04556,SCH1206,Maharashtra,Aurangabad,Rural,Male,SC,9,3,200000,54,0.2,Yes,Health Issues
STU04557,SCH1220,Uttar Pradesh,Agra,Rural,Male,General,7,3,300000,81,3.4,No,None
STU04558,SCH1164,Uttar Pradesh,Kanpur,Semi-Urban,Female,SC,13,7,500000,97,3.3,No,None
STU04559,SCH1021,Madhya Pradesh,Gwalior,Urban,Female,SC,11,7,150000,66,0.2,No,None
STU04560,SCH1163,Gujarat,Ahmedabad,Rural,Female,ST,8,2,150000,100,8.9,No,None
STU04561,SCH1153,Uttar Pradesh,Kanpur,Rural,Female,OBC,10,5,50000,100,4.2,Yes,Family Issues
STU04562,SCH1100,Maharashtra,Nagpur,Rural,Female,OBC,17,12,150000,87,3.0,No,None
STU04563,SCH1197,Rajasthan,Jaipur,Rural,Other,ST,10,5,75000,87,7.9,Yes,Child Labour
STU04564,SCH1132,Maharashtra,Nagpur,Rural,Female,OBC,10,4,50000,66,4.3,No,None
STU04565,SCH1184,Madhya Pradesh,Jabalpur,Rural,Female,OBC,6,1,75000,64,4.7,Yes,Lack of Transport
STU04566,SCH1097,Gujarat,Ahmedabad,Urban,Female,ST,8,3,150000,93,4.6,No,None
STU04567,SCH1056,Rajasthan,Jodhpur,Rural,Female,General,9,4,150000,71,3.5,No,None
STU04568,SCH1189,Uttar Pradesh,Lucknow,Rural,Male,ST,16,12,150000,77,2.5,Yes,Family Issues
STU04569,SCH1110,Rajasthan,Kota,Rural,Female,SC,10,6,150000,81,5.5,No,None
STU04570,SCH1180,Madhya Pradesh,Indore,Rural,Female,SC,7,2,50000,60,6.8,Yes,Poverty
STU04571,SCH1170,Madhya Pradesh,Jabalpur,Urban,Male,OBC,14,9,200000,55,1.1,Yes,Poor Academic Performance
STU04572,SCH1141,Maharashtra,Nashik,Rural,Male,SC,6,1,100000,60,5.9,No,None
STU04573,SCH1226,Uttar Pradesh,Aligarh,Urban,Female,SC,7,3,75000,88,2.3,Yes,Child Labour
STU04574,SCH1128,Uttar Pradesh,Lucknow,Semi-Urban,Male,OBC,9,5,75000,83,3.8,No,None
STU04575,SCH1248,Gujarat,Ahmedabad,Rural,Male,OBC,15,10,75000,58,2.1,Yes,Lack of Interest
STU04576,SCH1136,Maharashtra,Pune,Semi-Urban,Male,SC,18,12,150000,92,1.2,No,None
STU04577,SCH1134,Madhya Pradesh,Indore,Urban,Female,SC,11,6,100000,70,6.4,No,None
STU04578,SCH1025,Uttar Pradesh,Agra,Urban,Female,OBC,11,6,100000,74,4.5,No,None
STU04579,SCH1215,Rajasthan,Jodhpur,Rural,Female,General,15,10,50000,69,9.0,Yes,Poor Academic Performance
STU04580,SCH1053,Madhya Pradesh,Gwalior,Rural,Male,OBC,17,12,150000,82,4.7,No,None
STU04581,SCH1147,Uttar Pradesh,Agra,Semi-Urban,Female,SC,17,11,50000,78,7.2,Yes,Lack of Interest
STU04582,SCH1162,Rajasthan,Udaipur,Urban,Female,OBC,6,2,75000,100,0.6,No,None
STU04583,SCH1235,Maharashtra,Nagpur,Semi-Urban,Female,General,13,8,200000,78,3.5,No,None
STU04584,SCH1228,Rajasthan,Kota,Urban,Male,General,16,12,75000,84,0.2,Yes,Poor Academic Performance
STU04585,SCH1044,Rajasthan,Udaipur,Semi-Urban,Female,OBC,13,8,150000,55,5.7,No,None
STU04586,SCH1118,Maharashtra,Pune,Rural,Female,SC,10,4,100000,66,4.0,No,None
STU04587,SCH1175,Madhya Pradesh,Indore,Urban,Male,SC,6,1,500000,73,9.3,Yes,Poverty
STU04588,SCH1127,Maharashtra,Nashik,Rural,Male,OBC,6,2,75000,75,0.5,Yes,Migration
STU04589,SCH1160,Gujarat,Ahmedabad,Rural,Male,General,6,1,75000,72,1.0,Yes,Family Issues
STU04590,SCH1099,Maharashtra,Nashik,Semi-Urban,Male,SC,18,12,100000,87,1.3,No,None
STU04591,SCH1204,Madhya Pradesh,Gwalior,Semi-Urban,Female,SC,9,4,75000,90,4.2,No,None
STU04592,SCH1249,Rajasthan,Udaipur,Semi-Urban,Male,ST,17,12,150000,51,4.6,Yes,Lack of Transport
STU04593,SCH1144,Rajasthan,Udaipur,Semi-Urban,Female,SC,12,6,100000,82,0.2,No,None
STU04594,SCH1250,Gujarat,Vadodara,Rural,Male,SC,16,10,300000,96,3.0,Yes,Poverty
STU04595,SCH1172,Rajasthan,Udaipur,Urban,Female,OBC,6,1,150000,93,5.9,No,None
STU04596,SCH1022,Rajasthan,Kota,Semi-Urban,Female,OBC,8,2,150000,98,4.3,No,None
STU04597,SCH1112,Madhya Pradesh,Indore,Urban,Female,ST,16,11,100000,64,3.8,Yes,Family Issues
STU04598,SCH1103,Uttar Pradesh,Kanpur,Rural,Female,General,15,11,50000,81,1.0,Yes,Migration
STU04599,SCH1205,Rajasthan,Udaipur,Semi-Urban,Female,General,17,12,150000,76,5.5,No,None
STU04600,SCH1059,Uttar Pradesh,Agra,Rural,Male,OBC,7,1,50000,68,2.6,Yes,Migration
STU04601,SCH1182,Madhya Pradesh,Bhopal,Rural,Female,OBC,7,3,150000,97,6.5,No,None
STU04602,SCH1105,Gujarat,Surat,Semi-Urban,Male,OBC,18,12,100000,100,0.2,No,None
STU04603,SCH1040,Gujarat,Surat,Rural,Male,SC,9,3,150000,98,0.7,No,None
STU04604,SCH1037,Maharashtra,Nagpur,Rural,Male,OBC,10,5,100000,79,7.4,No,None
STU04605,SCH1104,Rajasthan,Udaipur,Rural,Female,General,8,4,200000,96,3.1,No,None
STU04606,SCH1095,Maharashtra,Nagpur,Rural,Male,OBC,17,12,50000,64,1.5,Yes,Poverty
STU04607,SCH1066,Madhya Pradesh,Gwalior,Semi-Urban,Female,OBC,15,10,150000,61,7.3,Yes,Child Labour
STU04608,SCH1088,Rajasthan,Kota,Rural,Male,SC,12,7,100000,83,9.2,No,None
STU04609,SCH1108,Uttar Pradesh,Agra,Semi-Urban,Male,General,16,10,75000,100,3.4,No,None
STU04610,SCH1165,Uttar Pradesh,Aligarh,Rural,Male,OBC,15,11,200000,86,2.0,No,None
STU04611,SCH1117,Rajasthan,Jodhpur,Rural,Female,OBC,8,2,50000,78,3.0,Yes,Lack of Transport
STU04612,SCH1168,Maharashtra,Aurangabad,Semi-Urban,Female,SC,7,1,300000,94,4.4,No,None
STU04613,SCH1126,Madhya Pradesh,Jabalpur,Urban,Other,General,17,11,300000,50,6.0,Yes,Lack of Transport
STU04614,SCH1112,Maharashtra,Aurangabad,Urban,Male,General,18,12,300000,57,6.2,No,None
STU04615,SCH1113,Maharashtra,Nagpur,Rural,Male,OBC,16,11,300000,72,1.8,Yes,Poverty
STU04616,SCH1026,Maharashtra,Pune,Semi-Urban,Male,OBC,18,12,75000,86,0.2,Yes,Family Issues
STU04617,SCH1200,Madhya Pradesh,Indore,Urban,Male,OBC,12,7,150000,87,0.2,No,None
STU04618,SCH1099,Gujarat,Ahmedabad,Urban,Female,OBC,11,6,200000,70,3.7,No,None
STU04619,SCH1121,Rajasthan,Udaipur,Rural,Female,ST,18,12,200000,90,3.3,No,None
STU04620,SCH1075,Rajasthan,Jodhpur,Urban,Female,SC,17,11,100000,86,7.4,Yes,Lack of Transport
STU04621,SCH1020,Uttar Pradesh,Aligarh,Rural,Female,OBC,13,7,100000,88,5.6,No,None
STU04622,SCH1129,Uttar Pradesh,Kanpur,Semi-Urban,Male,General,14,8,200000,62,1.7,No,None
STU04623,SCH1048,Maharashtra,Aurangabad,Urban,Female,OBC,17,12,150000,71,5.3,No,None
STU04624,SCH1052,Maharashtra,Nashik,Rural,Female,OBC,8,4,150000,91,4.8,No,None
STU04625,SCH1102,Rajasthan,Jaipur,Urban,Female,SC,16,11,150000,81,6.1,No,None
STU04626,SCH1077,Uttar Pradesh,Agra,Rural,Female,OBC,11,6,200000,55,3.4,Yes,Poor Academic Performance
STU04627,SCH1223,Gujarat,Rajkot,Urban,Female,OBC,9,5,150000,74,9.8,No,None
STU04628,SCH1209,Gujarat,Ahmedabad,Urban,Male,ST,10,5,75000,79,6.0,Yes,Poverty
STU04629,SCH1205,Uttar Pradesh,Agra,Rural,Female,General,12,6,300000,79,6.5,No,None
STU04630,SCH1185,Maharashtra,Pune,Urban,Female,SC,11,6,50000,84,4.9,Yes,Child Labour
STU04631,SCH1057,Uttar Pradesh,Aligarh,Rural,Male,ST,9,5,100000,76,2.4,No,None
STU04632,SCH1070,Uttar Pradesh,Agra,Urban,Female,SC,12,7,300000,75,1.7,No,None
STU04633,SCH1108,Maharashtra,Nashik,Rural,Female,OBC,18,12,300000,97,0.2,No,None
STU04634,SCH1209,Uttar Pradesh,Agra,Rural,Female,SC,15,9,300000,60,5.4,Yes,Lack of Transport
STU04635,SCH1199,Gujarat,Surat,Semi-Urban,Female,OBC,11,7,200000,79,1.8,No,None
STU04636,SCH1226,Rajasthan,Jaipur,Rural,Male,SC,9,4,100000,88,0.5,No,None
STU04637,SCH1223,Uttar Pradesh,Kanpur,Urban,Male,OBC,10,4,50000,97,1.6,No,None
STU04638,SCH1162,Gujarat,Rajkot,Rural,Female,OBC,9,5,75000,72,1.5,Yes,Poverty
STU04639,SCH1036,Maharashtra,Pune,Semi-Urban,Male,SC,10,5,75000,100,0.2,Yes,Lack of Interest
STU04640,SCH1203,Rajasthan,Udaipur,Urban,Female,SC,13,9,300000,64,2.5,Yes,Migration
STU04641,SCH1066,Rajasthan,Udaipur,Urban,Female,OBC,18,12,150000,95,11.4,Yes,Family Issues
STU04642,SCH1171,Maharashtra,Aurangabad,Urban,Female,General,8,3,300000,83,3.1,No,None
STU04643,SCH1028,Gujarat,Rajkot,Rural,Female,OBC,8,2,300000,93,6.3,No,None
STU04644,SCH1154,Uttar Pradesh,Lucknow,Urban,Female,OBC,11,6,200000,81,4.4,No,None
STU04645,SCH1146,Madhya Pradesh,Bhopal,Rural,Female,SC,12,7,150000,81,5.4,No,None
STU04646,SCH1174,Rajasthan,Jaipur,Rural,Male,General,9,4,200000,82,3.2,No,None
STU04647,SCH1244,Gujarat,Surat,Rural,Male,OBC,10,5,100000,83,3.8,No,None
STU04648,SCH1239,Maharashtra,Nagpur,Rural,Female,OBC,12,7,100000,46,1.6,No,None
STU04649,SCH1005,Uttar Pradesh,Agra,Rural,Female,ST,15,10,150000,84,2.7,Yes,Poverty
STU04650,SCH1095,Uttar Pradesh,Kanpur,Rural,Male,OBC,16,12,150000,80,0.2,No,None
STU04651,SCH1162,Maharashtra,Pune,Rural,Female,SC,16,10,150000,94,5.8,Yes,Lack of Transport
STU04652,SCH1246,Rajasthan,Kota,Rural,Female,General,14,9,100000,82,0.7,Yes,Family Issues
STU04653,SCH1008,Madhya Pradesh,Jabalpur,Urban,Female,SC,17,11,50000,94,5.0,Yes,Poverty
STU04654,SCH1061,Gujarat,Surat,Rural,Female,General,6,1,150000,93,5.8,No,None
STU04655,SCH1050,Maharashtra,Nashik,Rural,Male,OBC,18,12,50000,65,2.6,Yes,Poverty
STU04656,SCH1224,Uttar Pradesh,Kanpur,Rural,Male,OBC,8,3,500000,93,5.2,No,None
STU04657,SCH1215,Rajasthan,Udaipur,Rural,Male,OBC,13,8,200000,86,5.8,No,None
STU04658,SCH1145,Maharashtra,Aurangabad,Urban,Female,ST,7,2,200000,95,4.8,No,None
STU04659,SCH1215,Uttar Pradesh,Kanpur,Urban,Male,OBC,14,9,100000,85,1.6,No,None
STU04660,SCH1220,Maharashtra,Aurangabad,Urban,Female,General,12,8,150000,97,2.5,No,None
STU04661,SCH1212,Madhya Pradesh,Gwalior,Rural,Male,SC,8,4,100000,90,7.6,No,None
STU04662,SCH1045,Gujarat,Ahmedabad,Urban,Male,SC,17,11,50000,64,0.2,Yes,Migration
STU04663,SCH1017,Rajasthan,Udaipur,Rural,Female,OBC,10,6,100000,59,9.8,Yes,Migration
STU04664,SCH1145,Uttar Pradesh,Aligarh,Rural,Male,General,8,4,75000,100,0.3,Yes,Family Issues
STU04665,SCH1238,Maharashtra,Aurangabad,Rural,Male,SC,11,7,75000,75,6.8,Yes,Poverty
STU04666,SCH1049,Rajasthan,Jaipur,Urban,Male,SC,8,4,100000,62,3.8,No,None
STU04667,SCH1157,Madhya Pradesh,Indore,Rural,Female,OBC,16,12,100000,64,0.2,Yes,Lack of Interest
STU04668,SCH1205,Madhya Pradesh,Jabalpur,Rural,Female,SC,17,12,100000,80,5.1,Yes,Poverty
STU04669,SCH1077,Rajasthan,Udaipur,Urban,Female,General,13,9,50000,35,2.7,Yes,Poverty
STU04670,SCH1019,Rajasthan,Jaipur,Urban,Male,OBC,14,8,500000,82,1.0,No,None
STU04671,SCH1233,Gujarat,Ahmedabad,Rural,Female,OBC,12,7,75000,68,0.2,Yes,Family Issues
STU04672,SCH1009,Maharashtra,Nagpur,Rural,Male,General,16,11,75000,56,4.1,Yes,Lack of Interest
STU04673,SCH1057,Rajasthan,Jaipur,Urban,Female,OBC,14,9,300000,59,5.4,Yes,Health Issues
STU04674,SCH1190,Rajasthan,Jodhpur,Rural,Female,General,13,8,200000,88,1.9,No,None
STU04675,SCH1051,Gujarat,Rajkot,Semi-Urban,Female,OBC,16,11,200000,85,3.0,No,None
STU04676,SCH1049,Madhya Pradesh,Gwalior,Semi-Urban,Male,SC,11,6,50000,68,7.7,Yes,Family Issues
STU04677,SCH1056,Uttar Pradesh,Agra,Urban,Male,OBC,11,7,100000,74,0.2,No,None
STU04678,SCH1054,Rajasthan,Udaipur,Rural,Male,OBC,16,11,200000,53,4.0,No,None
STU04679,SCH1135,Maharashtra,Aurangabad,Rural,Female,General,7,3,50000,86,4.8,Yes,Poor Academic Performance
STU04680,SCH1240,Uttar Pradesh,Aligarh,Rural,Other,SC,10,5,100000,86,5.7,No,None
STU04681,SCH1145,Rajasthan,Jodhpur,Urban,Female,OBC,12,6,500000,67,6.2,No,None
STU04682,SCH1170,Gujarat,Rajkot,Urban,Male,OBC,8,4,500000,78,6.4,No,None
STU04683,SCH1124,Gujarat,Rajkot,Rural,Female,General,14,8,75000,71,8.1,Yes,Family Issues
STU04684,SCH1121,Maharashtra,Nagpur,Rural,Male,General,7,2,100000,73,3.5,No,None
STU04685,SCH1068,Rajasthan,Jaipur,Semi-Urban,Female,General,7,2,150000,59,1.7,No,None
STU04686,SCH1036,Madhya Pradesh,Gwalior,Urban,Male,OBC,8,3,75000,57,2.7,Yes,Child Labour
STU04687,SCH1072,Uttar Pradesh,Kanpur,Rural,Female,OBC,12,8,75000,87,5.4,Yes,Lack of Transport
STU04688,SCH1050,Maharashtra,Pune,Rural,Female,General,6,2,100000,81,3.6,No,None
STU04689,SCH1047,Gujarat,Ahmedabad,Urban,Male,OBC,6,1,75000,40,2.7,Yes,Poverty
STU04690,SCH1006,Uttar Pradesh,Agra,Rural,Male,OBC,6,2,75000,83,0.3,No,None
STU04691,SCH1176,Uttar Pradesh,Lucknow,Urban,Male,OBC,9,5,200000,95,5.1,No,None
STU04692,SCH1226,Gujarat,Vadodara,Urban,Female,OBC,8,2,100000,79,1.4,No,None
STU04693,SCH1180,Gujarat,Vadodara,Rural,Female,SC,18,12,200000,84,1.1,Yes,Family Issues
STU04694,SCH1228,Rajasthan,Udaipur,Urban,Female,SC,10,6,100000,70,7.4,Yes,Health Issues
STU04695,SCH1174,Maharashtra,Nashik,Semi-Urban,Male,SC,9,4,100000,80,0.2,No,None
STU04696,SCH1228,Uttar Pradesh,Lucknow,Urban,Female,SC,18,12,150000,100,0.2,No,None
STU04697,SCH1057,Maharashtra,Pune,Urban,Female,OBC,9,5,150000,69,3.0,No,None
STU04698,SCH1084,Gujarat,Ahmedabad,Rural,Female,SC,9,5,75000,90,1.7,Yes,Lack of Transport
STU04699,SCH1162,Uttar Pradesh,Kanpur,Urban,Male,OBC,16,11,100000,87,6.9,No,None
STU04700,SCH1013,Madhya Pradesh,Indore,Rural,Female,ST,14,8,300000,66,8.3,Yes,Poverty
STU04701,SCH1131,Rajasthan,Jaipur,Rural,Male,OBC,6,2,75000,79,3.7,Yes,Family Issues
STU04702,SCH1063,Rajasthan,Kota,Rural,Female,ST,16,11,75000,80,1.2,Yes,Poverty
STU04703,SCH1052,Rajasthan,Kota,Rural,Male,OBC,17,12,100000,71,4.9,Yes,Child Labour
STU04704,SCH1098,Madhya Pradesh,Bhopal,Rural,Male,SC,13,9,100000,66,1.3,Yes,Family Issues
STU04705,SCH1095,Gujarat,Rajkot,Rural,Female,OBC,12,7,100000,86,2.3,No,None
STU04706,SCH1103,Maharashtra,Nagpur,Semi-Urban,Male,OBC,14,10,150000,82,5.6,No,None
STU04707,SCH1215,Gujarat,Rajkot,Urban,Male,OBC,9,4,150000,66,6.7,No,None
STU04708,SCH1196,Maharashtra,Aurangabad,Rural,Male,ST,9,4,75000,62,4.9,Yes,Child Labour
STU04709,SCH1163,Rajasthan,Udaipur,Rural,Female,OBC,13,9,150000,62,6.6,Yes,Migration
STU04710,SCH1081,Gujarat,Vadodara,Rural,Female,General,7,3,100000,49,4.4,Yes,Poverty
STU04711,SCH1004,Madhya Pradesh,Gwalior,Rural,Female,OBC,7,2,200000,34,2.8,Yes,Poor Academic Performance
STU04712,SCH1140,Uttar Pradesh,Agra,Urban,Female,OBC,18,12,200000,79,4.2,No,None
STU04713,SCH1237,Gujarat,Surat,Rural,Female,OBC,10,6,200000,82,0.7,No,None
STU04714,SCH1222,Madhya Pradesh,Bhopal,Semi-Urban,Male,ST,6,1,100000,100,3.5,No,None
STU04715,SCH1002,Madhya Pradesh,Bhopal,Urban,Male,SC,12,7,50000,67,3.1,Yes,Poverty
STU04716,SCH1086,Maharashtra,Nagpur,Rural,Male,OBC,16,12,75000,67,3.1,Yes,Poor Academic Performance
STU04717,SCH1149,Maharashtra,Pune,Urban,Male,General,15,10,150000,77,4.3,No,None
STU04718,SCH1060,Uttar Pradesh,Lucknow,Rural,Male,SC,10,4,100000,64,0.2,Yes,Family Issues
STU04719,SCH1057,Uttar Pradesh,Lucknow,Semi-Urban,Female,General,18,12,100000,63,4.2,No,None
STU04720,SCH1163,Maharashtra,Pune,Urban,Female,OBC,12,6,150000,55,4.7,No,None
STU04721,SCH1106,Rajasthan,Udaipur,Urban,Female,SC,13,9,200000,79,2.7,No,None
STU04722,SCH1015,Rajasthan,Udaipur,Rural,Male,OBC,10,5,150000,73,3.6,No,None
STU04723,SCH1011,Maharashtra,Pune,Urban,Male,OBC,16,12,300000,94,1.8,No,None
STU04724,SCH1242,Maharashtra,Nagpur,Semi-Urban,Male,OBC,9,3,50000,95,0.2,Yes,Poverty
STU04725,SCH1073,Maharashtra,Pune,Rural,Male,SC,10,5,150000,86,1.5,No,None
STU04726,SCH1097,Rajasthan,Kota,Rural,Male,OBC,15,11,200000,86,0.2,No,None
STU04727,SCH1231,Rajasthan,Kota,Urban,Female,OBC,10,4,100000,70,2.9,No,None
STU04728,SCH1166,Gujarat,Surat,Urban,Female,OBC,8,3,75000,88,2.1,No,None
STU04729,SCH1039,Rajasthan,Jaipur,Rural,Female,ST,15,11,300000,73,2.7,Yes,Child Labour
STU04730,SCH1029,Uttar Pradesh,Lucknow,Urban,Male,General,14,8,100000,47,6.2,No,None
STU04731,SCH1095,Madhya Pradesh,Gwalior,Rural,Female,SC,15,10,50000,87,4.6,Yes,Lack of Transport
STU04732,SCH1042,Madhya Pradesh,Gwalior,Rural,Male,OBC,11,5,200000,50,5.6,Yes,Family Issues
STU04733,SCH1095,Madhya Pradesh,Indore,Rural,Male,OBC,12,7,75000,90,6.4,Yes,Poverty
STU04734,SCH1029,Gujarat,Vadodara,Rural,Male,General,15,10,300000,71,7.1,Yes,Poor Academic Performance
STU04735,SCH1139,Maharashtra,Aurangabad,Semi-Urban,Male,OBC,7,1,100000,80,0.2,No,None
STU04736,SCH1020,Madhya Pradesh,Indore,Semi-Urban,Male,OBC,11,5,150000,81,0.2,No,None
STU04737,SCH1121,Gujarat,Ahmedabad,Rural,Female,OBC,8,3,200000,85,4.0,No,None
STU04738,SCH1190,Maharashtra,Pune,Rural,Male,General,10,4,100000,89,5.7,No,None
STU04739,SCH1166,Gujarat,Ahmedabad,Urban,Female,General,14,8,50000,91,3.4,No,None
STU04740,SCH1116,Maharashtra,Nashik,Rural,Male,SC,15,9,100000,92,4.1,No,None
STU04741,SCH1038,Rajasthan,Jaipur,Rural,Female,General,11,7,75000,87,6.8,Yes,Poverty
STU04742,SCH1044,Madhya Pradesh,Indore,Rural,Male,General,9,4,200000,54,11.7,Yes,Poverty
STU04743,SCH1225,Gujarat,Ahmedabad,Semi-Urban,Male,OBC,13,9,200000,83,7.3,No,None
STU04744,SCH1022,Uttar Pradesh,Kanpur,Urban,Female,OBC,17,12,200000,100,2.4,No,None
STU04745,SCH1193,Madhya Pradesh,Gwalior,Semi-Urban,Female,SC,9,3,50000,75,6.5,Yes,Poverty
STU04746,SCH1244,Gujarat,Vadodara,Rural,Female,ST,14,9,100000,100,9.3,Yes,Poverty
STU04747,SCH1055,Maharashtra,Nagpur,Rural,Female,OBC,16,10,50000,74,3.4,Yes,Poor Academic Performance
STU04748,SCH1125,Uttar Pradesh,Lucknow,Rural,Female,OBC,7,2,100000,68,6.4,Yes,Poor Academic Performance
STU04749,SCH1146,Maharashtra,Pune,Rural,Male,General,9,4,150000,77,3.3,No,None
STU04750,SCH1033,Rajasthan,Jaipur,Semi-Urban,Male,OBC,13,8,100000,55,4.1,No,None
STU04751,SCH1008,Maharashtra,Aurangabad,Rural,Female,OBC,17,12,150000,80,5.5,No,None
STU04752,SCH1007,Gujarat,Ahmedabad,Rural,Female,OBC,6,1,50000,81,0.2,Yes,Poverty
STU04753,SCH1040,Uttar Pradesh,Agra,Urban,Male,SC,7,1,200000,81,1.4,No,None
STU04754,SCH1118,Rajasthan,Jaipur,Rural,Male,ST,16,11,100000,68,6.4,Yes,Poverty
STU04755,SCH1159,Rajasthan,Udaipur,Rural,Male,OBC,14,9,150000,51,0.2,Yes,Family Issues
STU04756,SCH1122,Gujarat,Ahmedabad,Semi-Urban,Female,SC,18,12,50000,71,3.4,Yes,Health Issues
STU04757,SCH1164,Maharashtra,Aurangabad,Rural,Female,OBC,6,1,100000,63,4.8,No,None
STU04758,SCH1135,Maharashtra,Nashik,Rural,Female,OBC,10,5,300000,79,1.2,No,None
STU04759,SCH1147,Maharashtra,Aurangabad,Rural,Male,General,17,11,100000,65,4.2,Yes,Child Labour
STU04760,SCH1092,Rajasthan,Kota,Urban,Male,OBC,7,3,100000,93,4.4,No,None
STU04761,SCH1159,Maharashtra,Nashik,Semi-Urban,Female,General,16,11,150000,74,5.3,No,None
STU04762,SCH1006,Uttar Pradesh,Aligarh,Rural,Female,General,10,5,150000,55,0.8,No,None
STU04763,SCH1009,Gujarat,Vadodara,Urban,Female,OBC,8,3,150000,73,1.2,No,None
STU04764,SCH1091,Madhya Pradesh,Gwalior,Urban,Female,General,6,1,75000,83,3.1,Yes,Lack of Transport
STU04765,SCH1002,Gujarat,Rajkot,Rural,Male,OBC,12,7,75000,76,0.2,Yes,Family Issues
STU04766,SCH1089,Madhya Pradesh,Gwalior,Urban,Male,OBC,13,8,150000,83,2.2,No,None
STU04767,SCH1082,Madhya Pradesh,Bhopal,Semi-Urban,Male,General,13,8,150000,71,2.5,No,None
STU04768,SCH1092,Rajasthan,Kota,Rural,Other,OBC,17,12,75000,77,0.3,Yes,Family Issues
STU04769,SCH1226,Madhya Pradesh,Indore,Rural,Male,OBC,10,5,150000,90,5.5,No,None
STU04770,SCH1187,Gujarat,Surat,Urban,Female,OBC,12,7,50000,77,0.9,No,None
STU04771,SCH1232,Rajasthan,Udaipur,Urban,Female,OBC,7,2,100000,72,5.0,No,None
STU04772,SCH1174,Rajasthan,Kota,Urban,Male,OBC,7,1,75000,83,1.2,No,None
STU04773,SCH1249,Maharashtra,Aurangabad,Semi-Urban,Male,OBC,15,10,50000,85,0.7,Yes,Family Issues
STU04774,SCH1091,Rajasthan,Jaipur,Rural,Female,SC,13,7,150000,66,4.7,No,None
STU04775,SCH1190,Rajasthan,Udaipur,Urban,Male,OBC,15,11,75000,83,10.6,Yes,Child Labour
STU04776,SCH1247,Uttar Pradesh,Agra,Semi-Urban,Female,OBC,9,5,150000,94,6.1,No,None
STU04777,SCH1236,Rajasthan,Jodhpur,Urban,Female,SC,14,10,300000,63,3.7,Yes,Lack of Transport
STU04778,SCH1167,Madhya Pradesh,Jabalpur,Rural,Male,OBC,9,4,75000,84,5.3,Yes,Migration
STU04779,SCH1074,Uttar Pradesh,Aligarh,Rural,Male,OBC,6,1,100000,97,0.6,No,None
STU04780,SCH1162,Gujarat,Rajkot,Semi-Urban,Female,OBC,16,10,50000,78,3.5,No,None
STU04781,SCH1239,Uttar Pradesh,Agra,Rural,Male,SC,6,2,300000,71,1.7,Yes,Poverty
STU04782,SCH1075,Uttar Pradesh,Kanpur,Rural,Female,General,17,12,50000,94,0.2,Yes,Health Issues
STU04783,SCH1120,Madhya Pradesh,Bhopal,Urban,Female,OBC,11,6,300000,77,4.4,No,None
STU04784,SCH1171,Maharashtra,Nagpur,Urban,Male,OBC,12,7,100000,93,3.5,No,None
STU04785,SCH1050,Madhya Pradesh,Indore,Urban,Female,OBC,13,8,50000,100,0.4,No,None
STU04786,SCH1038,Gujarat,Rajkot,Urban,Male,SC,16,11,100000,80,2.2,No,None
STU04787,SCH1168,Uttar Pradesh,Kanpur,Rural,Female,General,6,1,50000,91,6.7,Yes,Family Issues
STU04788,SCH1184,Madhya Pradesh,Gwalior,Rural,Female,OBC,17,12,200000,95,4.5,No,None
STU04789,SCH1236,Maharashtra,Nashik,Rural,Male,General,17,12,300000,80,1.6,Yes,Family Issues
STU04790,SCH1201,Rajasthan,Udaipur,Urban,Male,General,10,5,300000,99,5.6,No,None
STU04791,SCH1140,Uttar Pradesh,Kanpur,Urban,Female,OBC,13,8,100000,68,3.3,No,None
STU04792,SCH1148,Maharashtra,Aurangabad,Urban,Male,SC,8,4,75000,77,2.9,Yes,Poor Academic Performance
STU04793,SCH1167,Maharashtra,Aurangabad,Rural,Male,OBC,11,6,75000,93,0.9,Yes,Poverty
STU04794,SCH1144,Madhya Pradesh,Gwalior,Urban,Female,OBC,10,6,150000,88,7.2,No,None
STU04795,SCH1028,Rajasthan,Jaipur,Semi-Urban,Female,OBC,8,3,50000,61,2.4,No,None
STU04796,SCH1179,Gujarat,Surat,Rural,Male,SC,11,5,100000,65,6.3,Yes,Health Issues
STU04797,SCH1137,Gujarat,Vadodara,Rural,Female,General,11,5,75000,60,6.9,Yes,Lack of Transport
STU04798,SCH1121,Rajasthan,Jodhpur,Semi-Urban,Male,OBC,9,5,150000,84,0.9,No,None
STU04799,SCH1220,Gujarat,Ahmedabad,Rural,Other,SC,15,10,150000,69,3.2,Yes,Lack of Interest
STU04800,SCH1058,Madhya Pradesh,Bhopal,Rural,Female,General,10,5,150000,100,3.1,No,None
STU04801,SCH1139,Maharashtra,Nashik,Urban,Female,SC,16,10,150000,68,6.7,Yes,Poor Academic Performance
STU04802,SCH1178,Maharashtra,Pune,Semi-Urban,Female,OBC,16,11,75000,92,2.8,Yes,Lack of Transport
STU04803,SCH1205,Rajasthan,Kota,Rural,Male,SC,6,1,500000,78,4.4,No,None
STU04804,SCH1104,Gujarat,Surat,Rural,Male,General,13,9,75000,61,2.8,Yes,Poverty
STU04805,SCH1160,Madhya Pradesh,Jabalpur,Rural,Female,SC,14,9,150000,75,3.4,Yes,Family Issues
STU04806,SCH1169,Maharashtra,Nagpur,Rural,Female,OBC,9,4,150000,95,4.9,No,None
STU04807,SCH1214,Rajasthan,Jaipur,Semi-Urban,Male,OBC,18,12,150000,97,6.6,No,None
STU04808,SCH1078,Rajasthan,Kota,Semi-Urban,Male,OBC,8,3,100000,49,0.3,No,None
STU04809,SCH1095,Uttar Pradesh,Aligarh,Rural,Male,General,13,8,75000,84,3.0,Yes,Poverty
STU04810,SCH1193,Madhya Pradesh,Bhopal,Rural,Male,SC,6,1,75000,76,0.2,Yes,Poverty
STU04811,SCH1047,Maharashtra,Nagpur,Rural,Male,SC,9,4,100000,94,2.4,No,None
STU04812,SCH1014,Maharashtra,Nagpur,Rural,Female,SC,16,11,100000,78,4.7,Yes,Poverty
STU04813,SCH1212,Rajasthan,Kota,Urban,Male,General,8,2,50000,73,2.5,Yes,Health Issues
STU04814,SCH1070,Madhya Pradesh,Jabalpur,Semi-Urban,Female,SC,13,9,100000,72,4.1,Yes,Lack of Transport
STU04815,SCH1124,Madhya Pradesh,Gwalior,Urban,Male,General,18,12,100000,81,8.9,No,None
STU04816,SCH1072,Madhya Pradesh,Bhopal,Semi-Urban,Male,SC,17,12,300000,61,1.9,No,None
STU04817,SCH1101,Gujarat,Ahmedabad,Rural,Female,OBC,12,7,150000,70,3.3,No,None
STU04818,SCH1113,Uttar Pradesh,Aligarh,Rural,Female,SC,14,9,300000,64,0.5,Yes,Poverty
STU04819,SCH1120,Gujarat,Rajkot,Rural,Female,OBC,13,9,150000,83,1.8,Yes,Poverty
STU04820,SCH1231,Madhya Pradesh,Jabalpur,Rural,Female,OBC,14,8,100000,57,7.6,Yes,Migration
STU04821,SCH1049,Uttar Pradesh,Kanpur,Semi-Urban,Male,OBC,7,1,150000,83,7.0,No,None
STU04822,SCH1232,Gujarat,Vadodara,Rural,Female,OBC,13,8,50000,93,8.3,Yes,Migration
STU04823,SCH1188,Rajasthan,Kota,Urban,Female,OBC,14,9,300000,81,2.1,No,None
STU04824,SCH1239,Rajasthan,Jodhpur,Rural,Female,SC,17,12,75000,100,7.5,Yes,Poverty
STU04825,SCH1069,Madhya Pradesh,Jabalpur,Rural,Female,OBC,7,2,150000,56,3.9,No,None
STU04826,SCH1137,Maharashtra,Aurangabad,Rural,Female,OBC,12,8,100000,89,4.8,No,None
STU04827,SCH1084,Uttar Pradesh,Kanpur,Semi-Urban,Male,ST,15,11,75000,67,2.6,Yes,Family Issues
STU04828,SCH1197,Madhya Pradesh,Jabalpur,Rural,Male,OBC,7,1,300000,61,6.6,Yes,Poverty
STU04829,SCH1089,Maharashtra,Pune,Rural,Female,SC,17,12,100000,90,5.9,No,None
STU04830,SCH1121,Uttar Pradesh,Agra,Rural,Female,OBC,9,5,150000,87,6.8,No,None
STU04831,SCH1087,Madhya Pradesh,Gwalior,Rural,Female,OBC,8,2,50000,81,6.0,Yes,Poverty
STU04832,SCH1166,Gujarat,Rajkot,Rural,Male,OBC,13,9,75000,75,3.4,Yes,Child Labour
STU04833,SCH1068,Uttar Pradesh,Lucknow,Rural,Male,SC,11,7,200000,76,0.2,No,None
STU04834,SCH1192,Maharashtra,Pune,Rural,Female,General,18,12,100000,86,4.1,Yes,Poverty
STU04835,SCH1009,Gujarat,Ahmedabad,Rural,Female,OBC,18,12,150000,83,6.3,Yes,Poverty
STU04836,SCH1108,Gujarat,Surat,Urban,Female,SC,16,12,50000,61,2.7,Yes,Family Issues
STU04837,SCH1014,Maharashtra,Nashik,Semi-Urban,Other,OBC,9,5,100000,83,7.1,No,None
STU04838,SCH1124,Maharashtra,Nagpur,Rural,Other,General,18,12,50000,64,0.2,Yes,Migration
STU04839,SCH1036,Rajasthan,Jodhpur,Urban,Male,General,7,1,75000,80,0.2,No,None
STU04840,SCH1235,Rajasthan,Jaipur,Semi-Urban,Male,SC,6,1,75000,94,1.8,Yes,Family Issues
STU04841,SCH1137,Rajasthan,Jaipur,Rural,Female,SC,9,5,100000,68,3.4,Yes,Lack of Transport
STU04842,SCH1231,Rajasthan,Jodhpur,Rural,Male,SC,16,11,50000,60,4.4,Yes,Lack of Interest
STU04843,SCH1064,Rajasthan,Jodhpur,Urban,Male,General,15,10,150000,85,4.4,No,None
STU04844,SCH1025,Rajasthan,Udaipur,Urban,Male,General,16,11,75000,96,1.3,Yes,Poverty
STU04845,SCH1001,Uttar Pradesh,Agra,Rural,Female,OBC,15,9,200000,100,7.3,No,None
STU04846,SCH1027,Uttar Pradesh,Aligarh,Rural,Male,SC,6,1,75000,72,5.4,Yes,Family Issues
STU04847,SCH1218,Gujarat,Surat,Rural,Female,OBC,9,3,75000,62,4.1,Yes,Lack of Interest
STU04848,SCH1150,Uttar Pradesh,Lucknow,Urban,Male,SC,14,10,100000,91,5.0,Yes,Migration
STU04849,SCH1021,Madhya Pradesh,Bhopal,Rural,Male,OBC,10,4,300000,97,0.3,No,None
STU04850,SCH1166,Rajasthan,Udaipur,Rural,Female,OBC,6,1,75000,56,6.8,Yes,Health Issues
STU04851,SCH1014,Maharashtra,Aurangabad,Semi-Urban,Male,SC,10,6,200000,74,3.2,No,None
STU04852,SCH1021,Gujarat,Vadodara,Rural,Male,ST,8,2,100000,100,0.2,No,None
STU04853,SCH1179,Uttar Pradesh,Kanpur,Rural,Female,OBC,10,4,50000,65,0.8,Yes,Lack of Interest
STU04854,SCH1109,Uttar Pradesh,Aligarh,Rural,Male,OBC,8,3,100000,99,6.1,No,None
STU04855,SCH1190,Madhya Pradesh,Bhopal,Rural,Female,OBC,13,8,100000,70,3.6,Yes,Lack of Transport
STU04856,SCH1250,Madhya Pradesh,Gwalior,Urban,Male,OBC,16,12,50000,80,3.3,Yes,Migration
STU04857,SCH1210,Madhya Pradesh,Gwalior,Semi-Urban,Male,General,10,5,200000,58,1.2,No,None
STU04858,SCH1242,Uttar Pradesh,Kanpur,Rural,Male,General,10,5,100000,72,4.2,No,None
STU04859,SCH1178,Maharashtra,Nagpur,Urban,Female,ST,15,11,150000,95,4.9,No,None
STU04860,SCH1050,Rajasthan,Jodhpur,Semi-Urban,Female,ST,10,6,200000,92,0.3,No,None
STU04861,SCH1241,Maharashtra,Nagpur,Rural,Female,SC,15,11,50000,80,3.9,Yes,Family Issues
STU04862,SCH1144,Madhya Pradesh,Gwalior,Urban,Female,SC,18,12,75000,47,5.0,Yes,Lack of Transport
STU04863,SCH1088,Madhya Pradesh,Bhopal,Rural,Male,OBC,11,6,75000,81,4.4,Yes,Lack of Transport
STU04864,SCH1228,Rajasthan,Kota,Rural,Female,OBC,18,12,200000,90,1.9,Yes,Poor Academic Performance
STU04865,SCH1129,Gujarat,Rajkot,Rural,Male,General,7,3,50000,70,0.5,Yes,Health Issues
STU04866,SCH1119,Rajasthan,Kota,Rural,Male,SC,7,1,200000,83,5.1,No,None
STU04867,SCH1094,Madhya Pradesh,Gwalior,Rural,Male,General,11,6,50000,63,1.3,Yes,Migration
STU04868,SCH1054,Uttar Pradesh,Lucknow,Rural,Female,OBC,9,5,100000,91,3.1,No,None
STU04869,SCH1047,Gujarat,Rajkot,Urban,Female,OBC,18,12,100000,100,4.5,No,None
STU04870,SCH1088,Uttar Pradesh,Agra,Urban,Female,OBC,12,6,50000,88,7.3,No,None
STU04871,SCH1219,Rajasthan,Kota,Semi-Urban,Female,OBC,6,1,300000,80,5.2,No,None
STU04872,SCH1180,Uttar Pradesh,Agra,Semi-Urban,Male,OBC,16,11,150000,92,1.8,No,None
STU04873,SCH1083,Madhya Pradesh,Bhopal,Semi-Urban,Male,OBC,7,2,150000,97,2.0,No,None
STU04874,SCH1076,Uttar Pradesh,Aligarh,Rural,Female,OBC,15,10,200000,100,3.0,No,None
STU04875,SCH1090,Rajasthan,Jodhpur,Urban,Male,OBC,6,2,75000,65,1.8,No,None
STU04876,SCH1094,Rajasthan,Udaipur,Rural,Male,SC,9,3,150000,70,2.3,No,None
STU04877,SCH1142,Madhya Pradesh,Bhopal,Rural,Female,OBC,14,9,50000,85,5.1,Yes,Poverty
STU04878,SCH1067,Gujarat,Surat,Urban,Male,General,7,2,100000,71,7.1,No,None
STU04879,SCH1042,Madhya Pradesh,Indore,Rural,Male,OBC,15,11,200000,63,4.4,Yes,Child Labour
STU04880,SCH1103,Madhya Pradesh,Bhopal,Rural,Male,General,10,5,150000,87,0.9,No,None
STU04881,SCH1030,Rajasthan,Jodhpur,Rural,Female,ST,14,9,150000,100,11.5,Yes,Family Issues
STU04882,SCH1039,Maharashtra,Nashik,Semi-Urban,Male,ST,7,1,200000,93,0.4,No,None
STU04883,SCH1028,Uttar Pradesh,Kanpur,Rural,Male,OBC,8,2,100000,65,1.1,No,None
STU04884,SCH1133,Maharashtra,Pune,Semi-Urban,Female,SC,17,12,100000,83,6.5,Yes,Child Labour
STU04885,SCH1042,Madhya Pradesh,Bhopal,Rural,Female,ST,12,6,100000,72,3.7,No,None
STU04886,SCH1241,Gujarat,Vadodara,Urban,Female,SC,11,6,100000,88,2.4,No,None
STU04887,SCH1142,Rajasthan,Jaipur,Rural,Male,OBC,10,4,150000,89,10.1,No,None
STU04888,SCH1225,Maharashtra,Nagpur,Rural,Female,ST,6,1,75000,49,6.5,Yes,Poor Academic Performance
STU04889,SCH1014,Maharashtra,Aurangabad,Rural,Female,SC,15,10,500000,77,2.0,Yes,Poor Academic Performance
STU04890,SCH1196,Madhya Pradesh,Gwalior,Urban,Male,OBC,9,4,300000,64,4.6,No,None
STU04891,SCH1141,Gujarat,Vadodara,Urban,Female,General,10,5,50000,86,5.0,No,None
STU04892,SCH1003,Uttar Pradesh,Aligarh,Urban,Other,SC,6,1,75000,100,0.2,No,None
STU04893,SCH1083,Uttar Pradesh,Aligarh,Rural,Male,General,7,3,150000,65,2.4,Yes,Lack of Transport
STU04894,SCH1214,Uttar Pradesh,Lucknow,Rural,Male,SC,14,9,75000,89,7.2,Yes,Lack of Transport
STU04895,SCH1061,Uttar Pradesh,Lucknow,Semi-Urban,Female,OBC,13,8,75000,100,1.1,Yes,Health Issues
STU04896,SCH1091,Madhya Pradesh,Bhopal,Urban,Female,OBC,7,3,75000,91,4.9,No,None
STU04897,SCH1240,Uttar Pradesh,Kanpur,Urban,Female,General,15,10,100000,59,2.6,Yes,Family Issues
STU04898,SCH1250,Rajasthan,Jaipur,Rural,Female,General,18,12,50000,70,0.2,Yes,Migration
STU04899,SCH1150,Maharashtra,Aurangabad,Rural,Male,SC,12,8,200000,84,2.1,No,None
STU04900,SCH1205,Gujarat,Vadodara,Rural,Male,General,18,12,75000,100,0.8,Yes,Migration
STU04901,SCH1083,Rajasthan,Jaipur,Rural,Female,General,18,12,75000,87,3.3,Yes,Migration
STU04902,SCH1047,Madhya Pradesh,Bhopal,Rural,Male,SC,10,4,100000,77,0.4,No,None
STU04903,SCH1181,Gujarat,Rajkot,Urban,Female,ST,15,10,50000,88,6.0,Yes,Lack of Transport
STU04904,SCH1200,Rajasthan,Jaipur,Rural,Male,General,18,12,75000,86,3.2,Yes,Health Issues
STU04905,SCH1061,Gujarat,Rajkot,Rural,Male,SC,6,1,100000,71,5.6,No,None
STU04906,SCH1207,Rajasthan,Jaipur,Rural,Male,OBC,8,3,150000,100,2.8,No,None
STU04907,SCH1241,Maharashtra,Aurangabad,Semi-Urban,Female,OBC,18,12,100000,96,4.0,No,None
STU04908,SCH1082,Maharashtra,Nashik,Rural,Female,OBC,10,5,75000,81,1.8,Yes,Poverty
STU04909,SCH1136,Gujarat,Rajkot,Urban,Female,OBC,6,1,150000,78,2.2,No,None
STU04910,SCH1123,Madhya Pradesh,Gwalior,Urban,Female,SC,10,5,200000,59,5.2,Yes,Health Issues
STU04911,SCH1143,Maharashtra,Nagpur,Urban,Female,SC,9,5,100000,94,0.8,No,None
STU04912,SCH1017,Maharashtra,Pune,Rural,Female,SC,10,4,75000,46,2.2,Yes,Family Issues
STU04913,SCH1156,Maharashtra,Pune,Rural,Male,OBC,10,6,300000,65,6.8,No,None
STU04914,SCH1235,Gujarat,Vadodara,Rural,Male,OBC,17,12,75000,80,3.3,Yes,Health Issues
STU04915,SCH1058,Rajasthan,Udaipur,Rural,Male,General,13,8,150000,94,8.4,No,None
STU04916,SCH1227,Madhya Pradesh,Gwalior,Rural,Female,ST,9,4,75000,59,5.2,Yes,Child Labour
STU04917,SCH1086,Madhya Pradesh,Jabalpur,Rural,Female,OBC,7,2,50000,70,0.2,Yes,Migration
STU04918,SCH1065,Gujarat,Ahmedabad,Urban,Male,OBC,17,11,75000,77,5.2,Yes,Family Issues
STU04919,SCH1048,Rajasthan,Kota,Urban,Female,General,16,11,50000,57,7.1,Yes,Poverty
STU04920,SCH1126,Gujarat,Surat,Rural,Female,ST,16,11,300000,87,5.0,No,None
STU04921,SCH1104,Rajasthan,Jodhpur,Rural,Male,SC,18,12,150000,86,4.8,No,None
STU04922,SCH1122,Rajasthan,Udaipur,Urban,Female,General,11,7,75000,87,6.4,No,None
STU04923,SCH1213,Gujarat,Vadodara,Rural,Female,OBC,8,3,50000,57,3.5,Yes,Migration
STU04924,SCH1125,Madhya Pradesh,Bhopal,Urban,Male,SC,6,2,200000,92,1.1,No,None
STU04925,SCH1225,Uttar Pradesh,Lucknow,Semi-Urban,Female,General,9,4,50000,55,3.3,Yes,Poverty
STU04926,SCH1218,Rajasthan,Jaipur,Urban,Other,OBC,17,12,100000,89,2.1,No,None
STU04927,SCH1218,Gujarat,Ahmedabad,Rural,Male,OBC,17,12,150000,75,4.9,Yes,Lack of Transport
STU04928,SCH1183,Madhya Pradesh,Bhopal,Semi-Urban,Male,OBC,14,9,75000,83,6.4,Yes,Migration
STU04929,SCH1203,Maharashtra,Aurangabad,Urban,Female,SC,17,11,100000,100,2.3,No,None
STU04930,SCH1073,Rajasthan,Udaipur,Rural,Male,General,9,4,500000,44,4.6,Yes,Lack of Interest
STU04931,SCH1063,Uttar Pradesh,Lucknow,Semi-Urban,Male,OBC,8,2,75000,72,4.4,No,None
STU04932,SCH1077,Uttar Pradesh,Agra,Rural,Male,OBC,6,1,100000,91,2.5,No,None
STU04933,SCH1136,Madhya Pradesh,Gwalior,Urban,Male,OBC,13,7,150000,82,4.1,No,None
STU04934,SCH1100,Gujarat,Surat,Rural,Male,SC,7,2,150000,75,7.6,Yes,Poverty
STU04935,SCH1150,Madhya Pradesh,Jabalpur,Rural,Male,ST,9,4,50000,60,1.2,Yes,Poverty
STU04936,SCH1029,Gujarat,Ahmedabad,Urban,Male,SC,12,7,150000,77,2.2,No,None
STU04937,SCH1176,Maharashtra,Aurangabad,Rural,Male,OBC,18,12,100000,76,2.8,No,None
STU04938,SCH1042,Uttar Pradesh,Aligarh,Rural,Male,ST,9,4,100000,95,4.3,No,None
STU04939,SCH1103,Uttar Pradesh,Kanpur,Urban,Female,OBC,9,5,50000,78,8.6,Yes,Lack of Transport
STU04940,SCH1023,Maharashtra,Nashik,Urban,Female,SC,9,4,200000,90,4.2,No,None
STU04941,SCH1121,Rajasthan,Kota,Rural,Female,SC,17,11,150000,93,5.8,Yes,Poor Academic Performance
STU04942,SCH1217,Uttar Pradesh,Kanpur,Rural,Female,SC,8,3,200000,94,3.2,No,None
STU04943,SCH1042,Gujarat,Surat,Urban,Male,ST,6,1,100000,90,3.1,No,None
STU04944,SCH1195,Maharashtra,Nagpur,Rural,Female,General,13,9,100000,78,3.2,No,None
STU04945,SCH1089,Maharashtra,Nashik,Urban,Female,OBC,16,11,50000,74,2.9,Yes,Child Labour
STU04946,SCH1097,Uttar Pradesh,Kanpur,Rural,Female,General,13,9,200000,62,1.6,Yes,Family Issues
STU04947,SCH1055,Uttar Pradesh,Aligarh,Rural,Male,SC,15,9,200000,68,9.0,Yes,Lack of Interest
STU04948,SCH1202,Madhya Pradesh,Jabalpur,Rural,Female,General,9,4,200000,64,4.7,No,None
STU04949,SCH1241,Rajasthan,Jodhpur,Urban,Female,SC,14,8,150000,50,1.7,No,None
STU04950,SCH1140,Madhya Pradesh,Gwalior,Urban,Other,SC,13,8,150000,93,3.8,No,None
STU04951,SCH1004,Uttar Pradesh,Kanpur,Rural,Male,OBC,10,4,100000,100,7.3,No,None
STU04952,SCH1045,Gujarat,Surat,Semi-Urban,Male,ST,18,12,100000,77,2.6,No,None
STU04953,SCH1104,Gujarat,Vadodara,Rural,Female,OBC,12,6,50000,46,5.2,Yes,Migration
STU04954,SCH1168,Maharashtra,Aurangabad,Rural,Other,SC,8,3,200000,80,2.7,No,None
STU04955,SCH1163,Madhya Pradesh,Gwalior,Rural,Female,OBC,6,1,300000,69,0.2,No,None
STU04956,SCH1092,Gujarat,Surat,Semi-Urban,Male,OBC,6,1,100000,75,4.0,No,None
STU04957,SCH1057,Uttar Pradesh,Kanpur,Urban,Female,ST,18,12,75000,77,3.3,Yes,Poverty
STU04958,SCH1014,Rajasthan,Jodhpur,Urban,Female,OBC,18,12,200000,77,2.4,No,None
STU04959,SCH1185,Rajasthan,Kota,Urban,Male,General,15,10,50000,82,0.2,No,None
STU04960,SCH1171,Madhya Pradesh,Gwalior,Urban,Male,General,10,5,150000,70,1.8,No,None
STU04961,SCH1228,Madhya Pradesh,Jabalpur,Rural,Female,General,18,12,100000,89,3.0,No,None
STU04962,SCH1243,Maharashtra,Pune,Urban,Male,SC,15,10,150000,81,6.8,Yes,Poverty
STU04963,SCH1236,Uttar Pradesh,Agra,Rural,Male,ST,8,3,150000,65,4.7,Yes,Poverty
STU04964,SCH1237,Maharashtra,Aurangabad,Urban,Male,OBC,7,2,300000,80,3.3,No,None
STU04965,SCH1217,Maharashtra,Nashik,Urban,Male,OBC,9,4,100000,93,3.1,No,None
STU04966,SCH1056,Gujarat,Surat,Urban,Male,OBC,12,7,50000,65,0.5,Yes,Lack of Interest
STU04967,SCH1203,Gujarat,Vadodara,Urban,Female,SC,10,5,300000,77,3.6,No,None
STU04968,SCH1231,Madhya Pradesh,Gwalior,Urban,Male,ST,17,12,150000,91,0.2,No,None
STU04969,SCH1138,Rajasthan,Udaipur,Rural,Male,General,18,12,100000,86,2.6,Yes,Child Labour
STU04970,SCH1099,Madhya Pradesh,Indore,Urban,Male,ST,10,5,75000,79,0.2,No,None
STU04971,SCH1074,Madhya Pradesh,Jabalpur,Rural,Male,SC,11,5,200000,77,3.7,No,None
STU04972,SCH1187,Gujarat,Ahmedabad,Semi-Urban,Male,OBC,6,2,75000,72,4.6,Yes,Poverty
STU04973,SCH1185,Gujarat,Surat,Rural,Male,ST,14,8,150000,79,6.5,No,None
STU04974,SCH1091,Uttar Pradesh,Kanpur,Rural,Male,OBC,12,7,75000,88,5.7,Yes,Poverty
STU04975,SCH1058,Maharashtra,Pune,Rural,Female,OBC,15,11,75000,87,7.2,Yes,Migration
STU04976,SCH1243,Uttar Pradesh,Aligarh,Urban,Male,General,18,12,75000,36,5.0,Yes,Child Labour
STU04977,SCH1084,Madhya Pradesh,Bhopal,Urban,Female,SC,9,4,75000,96,1.3,No,None
STU04978,SCH1060,Maharashtra,Aurangabad,Rural,Female,SC,12,6,500000,75,3.3,No,None
STU04979,SCH1056,Uttar Pradesh,Aligarh,Semi-Urban,Female,General,15,10,200000,92,6.8,Yes,Lack of Transport
STU04980,SCH1168,Rajasthan,Jodhpur,Rural,Male,OBC,9,5,300000,83,4.7,No,None
STU04981,SCH1098,Gujarat,Ahmedabad,Urban,Female,OBC,10,6,300000,80,9.3,No,None
STU04982,SCH1211,Rajasthan,Jodhpur,Rural,Male,General,18,12,150000,96,4.7,No,None
STU04983,SCH1085,Madhya Pradesh,Bhopal,Semi-Urban,Female,OBC,11,6,50000,78,5.1,No,None
STU04984,SCH1086,Rajasthan,Udaipur,Semi-Urban,Male,OBC,17,12,200000,69,1.8,No,None
STU04985,SCH1032,Rajasthan,Jaipur,Rural,Female,General,10,5,200000,75,2.1,No,None
STU04986,SCH1210,Uttar Pradesh,Agra,Semi-Urban,Male,General,11,5,200000,93,1.2,No,None
STU04987,SCH1176,Rajasthan,Jaipur,Urban,Male,SC,12,7,300000,100,2.9,No,None
STU04988,SCH1178,Uttar Pradesh,Aligarh,Rural,Male,ST,16,12,200000,96,2.3,Yes,Poor Academic Performance
STU04989,SCH1104,Rajasthan,Jodhpur,Rural,Female,General,12,6,50000,62,7.8,Yes,Family Issues
STU04990,SCH1244,Maharashtra,Aurangabad,Semi-Urban,Male,OBC,12,8,150000,67,4.8,No,None
STU04991,SCH1250,Gujarat,Vadodara,Rural,Female,SC,16,10,50000,77,3.9,Yes,Family Issues
STU04992,SCH1193,Uttar Pradesh,Kanpur,Rural,Male,ST,16,11,200000,82,6.0,Yes,Poverty
STU04993,SCH1069,Maharashtra,Nashik,Urban,Male,SC,13,8,150000,73,5.5,No,None
STU04994,SCH1125,Gujarat,Rajkot,Urban,Male,General,8,3,500000,51,5.3,No,None
STU04995,SCH1167,Gujarat,Vadodara,Rural,Male,OBC,13,7,75000,100,2.2,No,None
STU04996,SCH1095,Madhya Pradesh,Bhopal,Semi-Urban,Female,General,11,6,200000,84,3.0,No,None
STU04997,SCH1209,Uttar Pradesh,Agra,Semi-Urban,Female,OBC,11,6,75000,94,4.9,No,None
STU04998,SCH1082,Maharashtra,Nashik,Rural,Male,OBC,16,11,100000,93,6.1,No,None
STU04999,SCH1244,Rajasthan,Udaipur,Rural,Female,General,10,5,150000,63,0.2,No,None
STU05000,SCH1219,Rajasthan,Jodhpur,Rural,Male,OBC,10,5,150000,78,1.0,No,None
